a,b,coint_p,hedge_beta,half_life_d,spread_adf_p,ret_corr,z_now,q_bh,sig_bh,sig_bonf
AENO,NWIG,2.2747973059259926e-06,1.071708000875655,3.889219607248646,2.444676803508385e-07,0.2529253942111988,-0.06711389456406792,0.0019160143408148138,True,True
EORC,NGTE,4.2865885559928495e-06,1.578725770293393,5.429923888773458,4.748295857284486e-07,0.23185525860509076,0.9279957568677638,0.0019160143408148138,True,True
HETT,ULXY,4.508269037211326e-06,0.6578995356662085,5.453984820516319,5.006082697939973e-07,0.14762174047517296,-0.9476512565598869,0.0019160143408148138,True,True
SMAH,ILVX,9.408404710506407e-06,1.3959846951142545,5.770781484256561,1.083895076782786e-06,0.2975947740123502,0.36908338795761036,0.0027672899181990064,True,True
HUXZ,ACAC,1.0852117326270614e-05,1.1308155893385954,5.917629922736142,1.259643122277621e-06,0.24975116189990235,-0.1886891663733531,0.0027672899181990064,True,True
CTGI,EELT,5.538640779368582e-05,0.7507860829365796,6.647103366947653,7.079319316183375e-06,0.24196812012057942,-1.6134910782199436,0.011769611656158236,True,False
ACIX,ITPA,0.00047094253434297906,1.0356527153422117,8.122382254859604,7.059644518942645e-05,0.4385681169347395,0.17772534782871435,0.08577881875532833,False,False
RTTH,NAYO,0.0010523234759438154,0.4893778497859041,8.537516447113857,0.00016984787821572658,0.22573367435489589,-1.528542811967211,0.16771405397854558,False,False
AGVF,NAYO,0.0015905236784693399,0.11576480639189274,9.05298933821558,0.0002671604529192049,0.10789432835906487,-1.434170718750904,0.20665631974838802,False,False
ACAC,NAYO,0.00177609352440411,0.2044489622260529,9.203430446283472,0.00030165810198025,0.0886663656807751,-0.902681917051483,0.20665631974838802,False,False
RCRI,BENI,0.0019401647472344916,0.1648941108575725,12.142332721955876,0.0003303297742300469,0.14907958232240157,0.41175552017754463,0.20665631974838802,False,False
HUXZ,NAYO,0.002186276559829883,0.16909034992624616,9.48479640465559,0.00037946323788805487,0.07907167726390742,-0.9444751981017886,0.20665631974838802,False,False
SRTX,NAYO,0.00235990863588531,0.0553747604011248,9.560340147850273,0.00041294115192249027,0.12261304979212505,-0.5393311989704519,0.20665631974838802,False,False
ALUT,MTNS,0.0024434082988287614,0.3838407046038266,11.397081464883232,0.0004279235555420294,0.1110336323458892,0.5636967424008527,0.20665631974838802,False,False
DUCT,NWIG,0.00276154966360883,5.972075539539247,9.963601793964704,0.0004908879948357748,0.23771808235634237,-0.11247353935391848,0.20665631974838802,False,False
RTTH,BENI,0.002963064108793894,0.21484450014935458,14.123198381736415,0.000522149599540285,0.11763964969353717,0.47838714661343357,0.20665631974838802,False,False
SPLZ,NAYO,0.0030229260748734724,0.13901514396729664,9.937862610277003,0.0005433315867481921,0.09181397125925637,-0.44151648261075127,0.20665631974838802,False,False
FWWG,BLBT,0.003069819696350836,0.6621535612583829,9.900781215162395,0.0005527372438845809,0.3745113224184164,-0.643263149369637,0.20665631974838802,False,False
RTTH,MTNS,0.0030795843727210765,0.12468910180592174,13.623768302132982,0.0005514763775527796,0.06066242822623562,-0.0860846443350025,0.20665631974838802,False,False
MSDP,MTNS,0.0035955852011337027,0.1841977942794623,11.291549883799979,0.0006580318261913254,0.22724032455056226,1.0757148974988198,0.2156746619123325,False,False
MSDP,NAYO,0.004017214586344467,0.42797705270173025,10.258418223634461,0.0007459085446302435,0.16260148584869172,-0.8539793930226086,0.2156746619123325,False,False
NAYO,BENI,0.004104836502933345,0.24287309130279444,14.56304507491423,0.0007578736974320462,0.09027654890381674,0.7512719569097981,0.2156746619123325,False,False
HRET,EELT,0.00411911586701365,1.3469784202587465,11.486679216629614,0.0007650705848651966,0.0697908459588469,-0.7454973087952659,0.2156746619123325,False,False
CUBO,EAFC,0.004129024005027753,-0.2880354673082654,10.971687905768057,0.0007706776439671663,0.20402643114597369,-1.5159605962959553,0.2156746619123325,False,False
FWWG,EAFC,0.004267998614633341,0.4834691390953749,10.431363407238662,0.0007984250448954773,0.25405932768377715,0.6149027609378169,0.2156746619123325,False,False
SRTX,MHRM,0.0043980715370358,0.06550370603334038,11.897209893008576,0.0008236366246377707,0.09555922149349393,-0.513230117738025,0.2156746619123325,False,False
OTCS,FARS,0.0049356806388690345,-1.3565325715695407,14.497339558966562,0.0009331820566801566,0.007027549187667384,1.1823100723643156,0.2255655880626755,False,False
MTNS,BENI,0.004953597228043069,0.5898583613471128,10.515079132561997,0.0009431245671299152,0.38541609159491746,-0.5199984228108935,0.2255655880626755,False,False
CUBO,NWIG,0.005366068612256598,-0.7430430450296845,10.53919709938597,0.001032260754131844,0.33656098928094685,0.9476936156564242,0.2265879078897285,False,False
CUBO,FWWG,0.005415231882479039,-0.1457857797788174,10.84909652356324,0.001042307734919731,0.31407645875380075,-0.6200310903146479,0.2265879078897285,False,False
BLBT,EAFC,0.005509196191828693,0.6999624789255625,10.438799453086581,0.0010633547607889655,0.2967007932118801,1.2369781774556827,0.2265879078897285,False,False
MTNS,NAYO,0.006013045622686145,0.15730015550773302,13.22092425854498,0.0011690533591856545,0.08779823847839847,0.22517912492068973,0.23263744364744193,False,False
NAYO,EAFC,0.006021204423816144,0.2913042510933024,10.946768592711798,0.0011736753824599583,0.0841527550987634,-0.8624374984080431,0.23263744364744193,False,False
AENO,CUBO,0.006463759811107416,-0.8104795900259079,10.80711457013453,0.0012722982629229116,0.3716435379501724,0.9291896135806267,0.23873342378539014,False,False
NPCK,RTTH,0.00655346653528522,1.216167023488741,12.604570470387486,0.0012914927034443848,0.14395429776022614,-0.2685361750694766,0.23873342378539014,False,False
NAYO,BLBT,0.007415012782181989,0.39898647065808535,11.109548423865986,0.001484526940110487,0.1579135532357295,-1.2022194892665394,0.2626150360356121,False,False
NPCK,NAYO,0.007757943189925451,0.6589282140420959,11.039024509618061,0.0015633190809289709,0.07673181352673032,-1.418766725702846,0.2655849738013653,False,False
BENI,FCSG,0.008249846594866873,-0.21004000706943643,15.537272153498316,0.001665103993079916,0.18267578850389468,0.3280157437915144,0.2655849738013653,False,False
RTTH,ALUT,0.009216422607424772,1.640266164604595,11.65825313203229,0.0018984405705159912,0.10657969655426916,0.11625721152559637,0.2655849738013653,False,False
NAYO,FWWG,0.009243026449380572,0.5510740061839237,11.435665180175572,0.0019054099251569368,0.17710830318967744,-1.1366096336054994,0.2655849738013653,False,False
RCRI,MTNS,0.009311529219428944,0.09436073994142383,13.54737659366837,0.00191818046447104,0.15828043013174228,-0.16332391603007582,0.2655849738013653,False,False
NPCK,BENI,0.009320767592681885,0.41636981116450744,17.059039378808624,0.001890247794452838,0.33090394492820435,0.896292360217712,0.2655849738013653,False,False
ALUT,BENI,0.00982643471791539,0.45656141733168015,17.742608443732827,0.002003761970004341,0.07260448100916932,0.7926202738324831,0.2655849738013653,False,False
MSDP,ALUT,0.010210952099728407,0.369480499431913,13.631727675827689,0.002131800826279177,0.23267777978356588,0.08398384780127316,0.2655849738013653,False,False
CUBO,MHRM,0.010510418630486882,-0.13150800414999192,12.423369255772752,0.0022100628725075654,0.16487139286178287,-1.698312167753816,0.2655849738013653,False,False
NAYO,MHRM,0.010590530321485644,0.5758279067954047,11.880583998803706,0.002223051040845665,0.15717173884147176,-0.8725323968277806,0.2655849738013653,False,False
SRTX,EAFC,0.010700454823431736,0.13800919211517776,15.272373990812776,0.0022049859336136005,0.20304743456419055,-0.3332546546975367,0.2655849738013653,False,False
MDGI,HTRK,0.011726784713093028,0.021775650075656662,12.302149417258349,0.0024955116827242944,0.2261783177747369,0.7685547042025002,0.2655849738013653,False,False
OTCS,BENI,0.011734549837874886,-0.2008501829803191,15.374357853803199,0.00248606649283159,0.23652205678431093,1.0028271930442074,0.2655849738013653,False,False
RTTH,CCNS,0.012542205146997266,1.1629096384970161,12.171681774432027,0.002696112075393974,0.08620388679755589,0.29542256862805893,0.2655849738013653,False,False
SPLZ,MTNS,0.012793103851660458,0.05009102784892305,13.91739869053423,0.002752744365746065,0.1952081044670615,1.067538350005838,0.2655849738013653,False,False
CCNS,BENI,0.013376017290500229,0.3218872535225264,20.67510795436047,0.002810453642055273,0.16084574925056502,0.9035870058984885,0.2655849738013653,False,False
BENI,ITPA,0.014144539633853332,-0.5006805064481242,14.470188413058635,0.0030581700085229903,0.19109365349055044,-0.6579590059102528,0.2655849738013653,False,False
MSDP,RTTH,0.014353964164582853,0.7450138534649522,12.332189427855505,0.003147014759917934,0.2312901778476382,0.5982627935049818,0.2655849738013653,False,False
RTTH,ACAC,0.01438405585692024,0.3034871018254417,13.981537818490633,0.0031539724834619347,0.10056370756105724,0.21895134564164406,0.2655849738013653,False,False
SRTX,BENI,0.014401752632150575,0.023165235400298127,21.29771646884135,0.003083547782299255,0.3146083772022868,1.1501619494856217,0.2655849738013653,False,False
AMRP,MMBT,0.014520375239895031,-9.94396297989099,11.403543139412596,0.003201955842271362,0.021828189699809583,1.3059274584960743,0.2655849738013653,False,False
MTNS,ULXY,0.014546672530745002,0.08966989653847388,16.307226493849544,0.0031844633775593577,0.25636972773723493,0.006235521044972199,0.2655849738013653,False,False
NPCK,MTNS,0.014612057594576743,0.2523696708125448,14.340832964735641,0.0032063212819877637,0.3118933898864033,0.1543903954961638,0.2655849738013653,False,False
FWWG,MHRM,0.014686790145927917,1.0044987220113424,12.519047153932581,0.003231148281910819,0.23875403013395666,0.6568889099918949,0.2655849738013653,False,False
AMRP,SMAH,0.014723169507027676,-2.9951426765629594,12.99638592731602,0.003237844646903638,0.19537969589491277,0.19514472796282756,0.2655849738013653,False,False
CUBO,NAYO,0.015009312620501999,-0.07432992929231527,12.167671004695071,0.00331445282656285,0.17282623174758532,-1.3138409760308751,0.2655849738013653,False,False
ALUT,NAYO,0.015020246571867813,0.7691826229776529,12.19166571050411,0.003317137529741597,0.06569317168543486,-1.253069807859674,0.2655849738013653,False,False
CCNS,MTNS,0.015026401134365616,0.2075832474976656,14.96074335441144,0.003309176217516748,0.10733966742774644,0.31957815513308374,0.2655849738013653,False,False
DUCT,CUBO,0.015157382761465612,-4.530964199681785,12.37886643480677,0.003351178818176869,0.28723667866156577,0.8648011563982032,0.2655849738013653,False,False
RRES,MHRM,0.015179308955579588,-2.622453914792818,12.811751236948183,0.0033559704118417155,0.14102567026603186,-0.7337918039212327,0.2655849738013653,False,False
MTNS,FCSG,0.015309571189101492,-0.09981945172380394,14.947936594049708,0.0033830097874599273,0.1847615819587176,-0.2503142756202362,0.2655849738013653,False,False
OTCS,NAYO,0.015319382007021522,-0.27669902182439987,12.246085878880654,0.003392560016550046,0.0779366368176877,-1.3188342978601475,0.2655849738013653,False,False
CUBO,BLBT,0.015487339243312264,-0.20934799810257093,13.477151124364902,0.0034299378560863295,0.20574528735090064,-0.3579035498350461,0.2655849738013653,False,False
RTTH,SPLZ,0.01555733854475044,0.22680708329171362,14.120435597633751,0.003454212000799758,0.18688639270019308,0.9618498257618965,0.2655849738013653,False,False
MSDP,BENI,0.01567007950950368,0.25721690524458574,16.181954274272737,0.0034601480406561648,0.25666094603872563,1.810784118001034,0.2655849738013653,False,False
AMRP,ILVX,0.015697809061383034,-0.3395418718381642,14.260949176428724,0.0034820903639613053,0.2572544608464605,0.1794448463872443,0.2655849738013653,False,False
BLBT,MHRM,0.015783690257358172,1.4613310560522033,12.256437795403077,0.0035114142620120154,0.25007106496426224,1.2337941598915816,0.2655849738013653,False,False
OTCS,MTNS,0.01583870572038658,-0.09718466852072397,14.666707428470685,0.003517123439486571,0.25335971169566307,0.0735234505981888,0.2655849738013653,False,False
CUBO,IHOZ,0.015993121646507135,-0.6763034889965072,14.073714295357538,0.003568120395580081,0.28874979386341887,1.1201172856969377,0.2655849738013653,False,False
ELLT,HTRK,0.01636807850061535,0.051203679626831845,12.952792936464245,0.003656491887659574,0.21677077671580916,0.15755273764221173,0.2655849738013653,False,False
SRTX,MTNS,0.016787293970539605,0.015176884946436361,15.64717717378234,0.003755790233223229,0.22834486022197958,0.5383840787790276,0.2655849738013653,False,False
RRES,FWWG,0.017317584149502872,-0.3041669038379609,12.88010530647933,0.0039050608443824365,0.1937671716682729,-0.7678753387455626,0.2655849738013653,False,False
NAYO,FARS,0.01747454339911965,0.1860857130172902,12.64048460363644,0.003945590463391229,0.08413271699813395,-1.6419993771558965,0.2655849738013653,False,False
MTNS,FARS,0.017662182614374765,0.09440885275780495,13.469355826130144,0.003991412931007218,0.16023823737101198,-0.03663588088223793,0.2655849738013653,False,False
HETT,MTNS,0.01769452607538781,0.0645152462628635,17.09156929959263,0.003989211041833138,0.2681625748883796,-0.1576963439115887,0.2655849738013653,False,False
AGVF,FWWG,0.017822480848798502,0.15556323772347647,12.379496054961043,0.00404118382933423,0.23358950511545476,-1.476966482128642,0.2655849738013653,False,False
AENO,EAFC,0.017939409068008755,0.26811982985570787,12.97588361893286,0.004084781788253656,0.18659760501296435,-2.2750446738078187,0.2655849738013653,False,False
ACIX,BENI,0.017967433636744343,-0.4802247549959674,17.700087923685555,0.004033312478662122,0.14739685292377566,-0.6334006608570388,0.2655849738013653,False,False
MMBT,MTNS,0.017984763705609082,-0.014802721187643041,14.726594117208457,0.004074302439188194,0.021232097776095832,-0.42979538519478555,0.2655849738013653,False,False
ALUT,CCNS,0.018079237528342305,0.6046109751368595,12.91665980754621,0.004101205314645963,0.20329019776292231,-0.17688732779708824,0.2655849738013653,False,False
EORC,AETS,0.018232171474545235,0.5165403423594381,17.299217538318025,0.004123926924076755,0.1451442851627261,0.4153758855292971,0.2655849738013653,False,False
CCNS,NAYO,0.018350559110852177,0.5500895956437868,12.680367079558431,0.004175096641564023,0.16502494886493316,-1.1498898408942422,0.2655849738013653,False,False
OTCS,RCRI,0.018538872681036482,-0.8363373359883504,14.866304183557597,0.0042220796495768724,0.07012073935251234,0.22029741417369494,0.2655849738013653,False,False
GARI,NAYO,0.018924516629500048,0.7579268758675362,12.594998612220449,0.0043278612690798015,0.20011191608865456,-1.510741321298776,0.2680973189179173,False,False
HUXZ,BLBT,0.019411269102563317,0.31528423843864944,21.236238615069176,0.00434798022516506,0.22988987555233353,-0.09720157874708983,0.26947124933015376,False,False
BENI,FARS,0.019715476625614476,0.16006888253042972,15.542792246626986,0.004515498797909778,0.15128075518685621,0.7067645880522858,0.26947124933015376,False,False
DIHO,SPLZ,0.019847873541731485,0.04807622926168,18.737431551823505,0.004569271686436834,0.2475523113326611,0.22306805233854704,0.26947124933015376,False,False
RTTH,FARS,0.01986689995061526,0.37632299800126834,15.097837273822341,0.0045686474139342076,0.07884840543369082,-0.676762382421216,0.26947124933015376,False,False
RRES,MTNS,0.020590522671445333,-0.04987602002386368,15.74998197003902,0.0047586973152801805,0.14568820017084597,-0.03969026233060068,0.2763464884851874,False,False
RRES,NAYO,0.021094310907554304,-0.1209369733980413,12.80205764837191,0.004907075358977463,0.4125985985804037,-1.4626858700403387,0.2801588167409556,False,False
GARI,MTNS,0.021843294727982847,0.2700583181647688,15.803006786819736,0.005095920863900124,0.22119978528046444,-0.053520731441564204,0.2842137118730543,False,False
DIHO,AETS,0.02226235591349089,3.7472075540020158,14.47727799829189,0.0052126442243472584,0.1700972771083162,-0.015722642139216227,0.2842137118730543,False,False
ANSO,BENI,0.022439617643736923,-0.10376198443929206,17.806580491242833,0.0052452558911819285,0.28489180567378036,-0.2983097066800391,0.2842137118730543,False,False
AGVF,MTNS,0.022494348141270083,0.03258496631646661,15.571097030910776,0.0052732479745041475,0.20037853891668578,0.007588771442111555,0.2842137118730543,False,False
NAYO,FCSG,0.02251418423464979,-0.2782896846432561,12.82961822056627,0.005293404079842921,0.11172634521984959,-1.6300592422542708,0.2842137118730543,False,False
AENO,NAYO,0.023736350941784518,0.0665768830542729,13.125679713024592,0.005625813094220213,0.07011613580217696,-1.4307546374017486,0.29502172216143197,False,False
HUXZ,MTNS,0.02416754032802192,0.04658015654279864,16.098651475468806,0.005727867687280738,0.2712191920321235,0.28178747468831056,0.29502172216143197,False,False
IHOZ,BENI,0.024273182338005815,0.04622041839512273,23.57373530896184,0.005712581981026563,0.3462656119995143,-0.010034316909554825,0.29502172216143197,False,False
MTNS,BLBT,0.024295906530941457,0.13440564168347924,15.504048636706175,0.00576733358443152,0.14202153304859902,0.22996986155638893,0.29502172216143197,False,False
AMRP,ITPA,0.02506960235881422,-0.4845745668266059,16.098652729849107,0.0041739761266747525,0.2076740559736493,-0.04868638428073621,0.2962195422938354,False,False
CTGI,MTNS,0.025400616007123067,-0.02230031194854929,16.354473171893428,0.006076287956327853,0.13861408151833232,-0.5998671734515321,0.2962195422938354,False,False
GARI,FARS,0.026387082322606593,3.105009659623339,21.350687285012405,0.006318008311193726,0.23434175811869237,0.09099846794238656,0.2962195422938354,False,False
HUXZ,RTTH,0.026932129598551215,0.2571917274757306,13.901710137954266,0.006509117568684394,0.08845073231152943,0.19395305041741834,0.2962195422938354,False,False
RTTH,BLBT,0.027018816538576493,0.6383800495593414,16.370767770594405,0.006532243559655221,0.17615461418784883,-0.13020731576464853,0.2962195422938354,False,False
MTNS,FWWG,0.027037516035336075,0.17206194759812726,16.331820252283226,0.006529551936542164,0.20554885440044343,0.2036248656167874,0.2962195422938354,False,False
CUBO,MTNS,0.027636545960371545,-0.01275624257061669,17.032092534738624,0.006698833698472587,0.38126325072986755,-0.2782144923270151,0.2962195422938354,False,False
GARI,BENI,0.027913204732847273,0.45153242338338695,20.39435956160338,0.0067443974668248575,0.2526645014072889,0.496701569534981,0.2962195422938354,False,False
ACAC,MTNS,0.028229239831937477,0.04954883977010999,17.16625433061527,0.0068634227707658185,0.3035864417900802,0.1961202571578136,0.2962195422938354,False,False
ELLT,MTNS,0.02861456283829522,-0.03419761745877461,15.860919793561457,0.006989440742691463,0.17448453415593196,-0.9417069317650724,0.2962195422938354,False,False
RCRI,NAYO,0.028737338640471767,0.2398459871787098,13.432716671186682,0.007031305319814654,0.28831117731804834,-1.6657976428810262,0.2962195422938354,False,False
NPCK,BLBT,0.028770416493663815,0.5069828738652347,40.76599492832221,0.006943974446462474,0.1499571122439207,0.11083823397771023,0.2962195422938354,False,False
NWIG,EAFC,0.02884610560633525,0.24188280654976785,15.324041740555286,0.007081584451802767,0.1974329024258277,-2.151734266488133,0.2962195422938354,False,False
NAYO,HRND,0.028968057416678673,0.19416967721646355,13.64729152632689,0.00709533614760388,0.14285751143244854,-1.320643920208506,0.2962195422938354,False,False
NWIG,NAYO,0.029160758696701365,0.05792050683042686,13.59339109069033,0.007150914072785809,0.09279379507230368,-1.4539257239309487,0.2962195422938354,False,False
RTTH,SRTX,0.029635926067620343,0.08176502293167556,14.23196411156961,0.0072772835900688495,0.1062869310991704,0.5960851956555433,0.2962195422938354,False,False
MMBT,NAYO,0.029835844063441478,-0.02670184133301956,13.376124494536862,0.007349155474206712,0.3025898691880597,-1.8345059467539524,0.2962195422938354,False,False
HETT,BENI,0.02986822886811264,0.037131875721916924,26.668599624970643,0.007267640215184335,0.36331064496033577,-0.12984395512305902,0.2962195422938354,False,False
MTNS,HTRK,0.0304789299552989,-0.15967867124072108,17.39994052841362,0.007515243009249533,0.3195485720824707,-0.651651778939773,0.2962195422938354,False,False
ULXY,BENI,0.030570570555589514,0.050337142332533946,26.768861470220436,0.007467842096627066,0.2991273540952702,-0.06466417518809055,0.2962195422938354,False,False
SRNA,NAYO,0.030662649848202713,0.06205212645083101,13.802751153996336,0.0075819845288954985,0.13034144446901832,-1.3572519912670595,0.2962195422938354,False,False
DIHO,MTNS,0.030702583132696797,0.41488031108312917,17.29754947511011,0.007573753089059614,0.2045736095625557,-0.06652858566044899,0.2962195422938354,False,False
DUCT,NAYO,0.03087868253989785,0.3664879475907188,13.750021164877037,0.007646381300865036,0.1589348557621031,-1.4362859794270688,0.2962195422938354,False,False
ALGO,NAYO,0.03134415449791032,0.27869106218436535,14.05477397469394,0.0077771800548615015,0.4315018668237017,-0.9839541719937184,0.2962195422938354,False,False
ANSO,MTNS,0.03143309044842961,-0.034495596872604894,17.055431900427894,0.007792357493312757,0.24691270592496323,-0.5737650050275651,0.2962195422938354,False,False
MTNS,ITPA,0.03177365387044571,-0.15006132353054458,16.715957719170206,0.007894572439331981,0.2543312962439629,-0.6747856536949054,0.2962195422938354,False,False
NPCK,RCRI,0.0322412039636409,1.5588295170469597,17.115121502695047,0.008032624790695973,0.11773536852132686,-0.08228052770544166,0.2962195422938354,False,False
SMAH,MTNS,0.03230830250990717,-0.026212690180863325,17.248945219010963,0.008047936113682458,0.2353559172058557,-0.6420033436512722,0.2962195422938354,False,False
MTNS,ILVX,0.03242290149353305,-0.038775124289179064,17.24539245154133,0.008081955187737756,0.3631617535840014,-0.6653053411153395,0.2962195422938354,False,False
MTNS,MHRM,0.03259296106248725,0.1838509780091026,16.393663598314323,0.008125812239500815,0.13172633337049774,0.4117780026349238,0.2962195422938354,False,False
IHOZ,NAYO,0.03284806583314222,0.08545956608989658,13.656774977710766,0.008226652570771051,0.08301426902364424,-1.7553328117734666,0.2962195422938354,False,False
MMBT,BENI,0.03287922846342332,-0.024601169545911586,19.125212217243828,0.0081906849006744,0.03620306684730405,-0.07072178672399537,0.2962195422938354,False,False
GARI,FCSG,0.03309490890874753,-1.512809882156649,14.46766465593364,0.00828317995338698,0.2697533397947832,0.22724532365124,0.2962195422938354,False,False
MDGI,MTNS,0.03337275531682389,-0.013514558866965305,16.132009851784673,0.008372118124269592,0.16663785432535735,-1.0941085899017842,0.2962195422938354,False,False
ANSO,EELT,0.03366946519178372,0.9799637743769551,14.664101064782843,0.008450587277325335,0.07750734601000576,-1.1704560701465427,0.2962195422938354,False,False
RCRI,FCSG,0.033749624687553346,-0.8820632411590786,14.643191613506312,0.008476523973606884,0.1690474719047763,-0.37148907551360194,0.2962195422938354,False,False
MTNS,EAFC,0.03377547264023954,0.0903759852647923,16.51973688492595,0.008472868603512875,0.20806114025448771,0.4123573241154403,0.2962195422938354,False,False
AETS,NGTE,0.03402815790547068,0.29848984840899295,19.000718651421774,0.008528844412254294,0.18201743283369268,0.030885034489863194,0.2962195422938354,False,False
MTNS,EELT,0.03409558388603514,-0.0241075202791887,16.76173414035073,0.008578713688289179,0.06756677172729404,-0.8408239631318677,0.2962195422938354,False,False
RTTH,AGVF,0.03425448078537586,0.16620158249193784,14.553003713180725,0.008625190547175502,0.11775373744647309,-0.40058873778482795,0.2962195422938354,False,False
MTNS,IHOZ,0.03430349045703276,0.022803094334541467,18.259008497822037,0.00862692181082189,0.31698086923114693,-0.40939690135670515,0.2962195422938354,False,False
AMRP,FCSG,0.03449005143890458,-0.49770731046406025,18.42014123932799,0.008694588965124893,0.18140788049134401,1.3661214424937127,0.2962195422938354,False,False
SMAH,BENI,0.034610428640090146,-0.06667334734222641,21.23295613225658,0.00861598692049557,0.29081723388966335,-0.44603291180532073,0.2962195422938354,False,False
HRET,MTNS,0.03522874613724935,-0.005865303971519986,18.367564951506086,0.008904344548734648,0.23686413956152633,-0.6052904556781689,0.2962195422938354,False,False
MTNS,NGTE,0.035237613972874914,0.007939058789239905,18.557306428874423,0.008903649522811053,0.31008615492180036,-0.4626803777194035,0.2962195422938354,False,False
MTNS,HRND,0.03536667909284693,0.014810409698707928,18.419005143497046,0.00894276148721994,0.06678087171129907,-0.45597324983593474,0.2962195422938354,False,False
NWIG,MTNS,0.03572027579023735,0.012182633590599273,18.23231098869204,0.009047131986765163,0.2084805721313956,-0.28762920990651414,0.2962195422938354,False,False
EORC,MTNS,0.03594220549536684,0.006989905659767126,18.580982365149605,0.009114719851951862,0.2850308122117016,-0.5103743626250433,0.2962195422938354,False,False
ACIX,MTNS,0.03602781108451092,-0.11540039597400624,17.726765976598237,0.009147042359662223,0.17583227434234458,-0.6601244867887255,0.2962195422938354,False,False
AENO,MTNS,0.03625485286717787,0.016195260365405844,18.04441352021381,0.009206704242640026,0.27517966003938205,-0.216736824790785,0.2962195422938354,False,False
RCRI,FARS,0.0362892917587503,0.5799880934289661,15.359553701699081,0.00922535219748572,0.13118073573298672,-0.3394658558432024,0.2962195422938354,False,False
DUCT,MTNS,0.03669155927129941,0.06751773262684961,18.48226194748685,0.00933678563209759,0.305579524698685,-0.3159712974902304,0.2962195422938354,False,False
ALGO,MTNS,0.03670799033915764,0.05008184392167629,19.137338680050618,0.009335115867928408,0.47638390220230353,-0.09959278660891406,0.2962195422938354,False,False
BENI,ILVX,0.037128783269847254,-0.10187530622026612,21.036359919977006,0.009445799512720166,0.4436572198272673,-0.509160876079244,0.2964290209772259,False,False
SRNA,MTNS,0.03719893596576952,0.017324502474018587,18.31771535860542,0.009488113338136572,0.3812613680340786,-0.12308823145624076,0.2964290209772259,False,False
ALGO,EORC,0.03780753644127833,0.6943635957337139,14.970366148026939,0.009692020274500654,0.41954740327033935,-0.7835083321900174,0.2994075090846576,False,False
CTGI,BENI,0.03875138212751687,-0.040564163939895925,21.559321135814976,0.009929273283028657,0.1463625964529471,-0.3344790224339984,0.3017617203468348,False,False
HUXZ,BENI,0.0389308930850181,0.07577100707512349,21.82396611921784,0.009960662351688816,0.2920162215462413,0.9302296128424946,0.3017617203468348,False,False
CUBO,BENI,0.03910559203001632,-0.02900492044125988,22.550318808698027,0.010021249581255469,0.4635585228942626,0.2608935017321543,0.3017617203468348,False,False
ALUT,ULXY,0.039354996547176974,0.5425859909314925,14.522067697915203,0.010161241757509262,0.09209645520580509,-1.4401810766450847,0.3017617203468348,False,False
HRET,BENI,0.039461309414000126,-0.026366364241049434,25.813232358551282,0.010110397484829965,0.28705443379264817,-0.376306141448307,0.3017617203468348,False,False
ACAC,BENI,0.040607237642060916,0.08402563506469692,24.00668952120787,0.010364251315270065,0.33726400250860294,0.8436499908342461,0.3017617203468348,False,False
SPLZ,SRTX,0.04063783142987602,2.0901564270079067,18.641994079127812,0.01032178648042706,0.17301736760579506,-0.5067403791300231,0.3017617203468348,False,False
AMRP,MTNS,0.040748810282625995,0.19319499340009683,16.5499216480741,0.010586650251155514,0.2861584064479876,-0.8361190496274787,0.3017617203468348,False,False
ANSO,NAYO,0.04094427361167397,-0.1286721998399761,14.11987076762131,0.010664745591337113,0.07724476042469018,-1.951945566393082,0.3017617203468348,False,False
BENI,HTRK,0.04099314180008852,-0.3663792080612722,23.83130532788027,0.010477810973641399,0.35444841434174906,-0.43907088261706234,0.3017617203468348,False,False
HRET,HTRK,0.04106760706946039,0.09531964137103727,15.604657347973562,0.010674636205526453,0.15010120360893126,-0.2587797529117506,0.3017617203468348,False,False
DIHO,NAYO,0.041082385599977296,0.987872434766923,14.528214991727468,0.010698651232136798,0.1076982909133451,-1.4908157508447102,0.3017617203468348,False,False
EORC,NAYO,0.04141554770331018,0.13594948763030015,14.640963685125758,0.010801835257646044,0.12666279256976462,-1.3536304739489389,0.3017617203468348,False,False
RTTH,FCSG,0.04151735464204621,-0.4848296457669948,17.4559425835846,0.010825420828044285,0.17988406965197687,-0.7382698301504579,0.3017617203468348,False,False
NAYO,NGTE,0.041654951200817976,0.0908354874262621,14.60695041787924,0.01087695686531965,0.17119282301663274,-1.4077000954990133,0.3017617203468348,False,False
AGVF,BENI,0.042629201314146076,0.05170849025144161,21.33437927464726,0.01110612999038558,0.20354718407714836,0.5339980051303765,0.30707475522901834,False,False
HRND,BENI,0.04287671158285163,0.03380453389415238,26.786065242331464,0.011146648210808928,0.10236318400274368,-0.08125357849549901,0.3071225127423361,False,False
ALGO,BENI,0.04327529842858117,0.026770281125295697,28.043545672913112,0.01125986033990717,0.5260925187764959,-0.12071720250484376,0.3082458407622402,False,False
AETS,BENI,0.043909901582874125,-0.003403610275436675,27.0815944284023,0.0114682555326505,0.19361421248475727,-0.3429407085790874,0.30986402821178943,False,False
NWIG,MHRM,0.04398854047555599,0.11004756542326691,16.1765997888508,0.011639009835242554,0.1284356955444477,-2.2389123159637263,0.30986402821178943,False,False
ALUT,FARS,0.044254860791608314,2.823404722438563,26.87399485789467,0.011584192344211732,0.1121713561273888,0.3798554184042383,0.3100271841170363,False,False
AMRP,NAYO,0.045440045494967114,0.3873993004266567,14.381261228525029,0.012065612353097577,0.09148598835366112,-2.1415334692730794,0.31659048090755776,False,False
DUCT,BENI,0.04606417273470027,0.1217790990311487,27.276689943526662,0.012135121554709827,0.3838015364695147,0.07690479969338132,0.31919467519968936,False,False
ANSO,RCRI,0.04673492621178802,-0.4835018321240714,15.271495698107765,0.012458090550669985,0.1411990940822911,-1.0261801158758965,0.3206748597220577,False,False
RRES,BENI,0.046780803065335476,-0.07055171262448215,23.553026912995183,0.012392510016341228,0.1435164232576342,0.31707384849685266,0.3206748597220577,False,False
ELLT,EELT,0.04719172094609089,0.5856837238276568,15.95655384759523,0.012589685144444258,0.1484334730297871,-0.496595481815639,0.32130674365258727,False,False
NWIG,BENI,0.047425302667225215,0.02514255181127688,26.42309458818283,0.012572696809604657,0.2706244567848382,0.19306118086914126,0.32130674365258727,False,False
MTNS,AETS,0.0476289996473247,0.04043297826974124,18.85930020510008,0.012719978705009299,0.1622667724470538,-0.40332363643977925,0.32130674365258727,False,False
MHRM,EAFC,0.047906803015104714,0.44957135963626754,6.311772820276303,0.012809459953122578,0.37552835451285127,-0.7270270449858887,0.3214798623382027,False,False
AENO,FWWG,0.04849704125918161,0.13619995159686119,15.475258336696099,0.013021530599707284,0.2706893705378361,-1.058448021692539,0.322158542882883,False,False
AMRP,EELT,0.048513286457657664,-2.2948965464703592,15.695896321389634,0.013012604472823338,0.06283031706834678,-0.8012136312861748,0.322158542882883,False,False
EELT,AETS,0.049480323262578216,0.7668053360797585,19.098543078775716,0.013289341645553265,0.11537808041725624,-0.5137841082318567,0.32687778321133276,False,False
BENI,NGTE,0.049919374853134475,-0.012363380404904001,27.06141785469408,0.013370629542192305,0.3046894280338234,-0.49392349608888164,0.32807836565848686,False,False
EELT,BENI,0.05052317327317148,-0.047323832392491855,20.132778224765516,0.013633616225091074,0.19897132250499214,-0.7337919147954037,0.33034382524765965,False,False
EORC,BENI,0.050970025889207723,-0.024076422855961264,26.904505249848913,0.013709367738305335,0.26742195494175847,-0.5588612583889859,0.3315652194323462,False,False
AENO,BENI,0.051257385165959804,0.031571510174771104,25.666882539713722,0.013799246744887538,0.30068176705554267,0.2889449299455766,0.3317419598304505,False,False
NAYO,ITPA,0.05209662483570438,-0.382397209569702,14.781340510467581,0.01419797758414012,0.14900364671995509,-2.007299523738226,0.33452860607804524,False,False
ELLT,BENI,0.05237634268629363,-0.06563999363131694,20.313399099907944,0.014241118450594677,0.19075133022915952,-0.9250509809982652,0.33452860607804524,False,False
FCSG,FARS,0.05247507546322278,-1.2757609155315262,24.01064547493572,0.014239042393619984,0.19718340822943933,-0.3129387473848646,0.33452860607804524,False,False
AENO,MHRM,0.0533685012501825,0.12342570916339693,13.379510800162473,0.014667361340907648,0.1439470336518021,-2.4077808268515457,0.33681877555891127,False,False
AMRP,CTGI,0.05344914679777171,-3.1306367650855074,16.194304716749354,0.01460655405325188,0.15815452600418545,0.3125656000592779,0.33681877555891127,False,False
EELT,NGTE,0.05397355269934121,0.5648056149593619,17.908073073940887,0.014764057713763927,0.14990737684359812,0.029234639622811035,0.33681877555891127,False,False
SPLZ,BENI,0.054005879149149415,0.06280047137057472,22.683108004138656,0.014707874682922138,0.2394270482451827,1.3661739208993666,0.33681877555891127,False,False
AGVF,BLBT,0.054155175678099465,0.2209742869506994,15.768520351960076,0.014857738355898972,0.2529825598766993,-1.2171916577592523,0.33681877555891127,False,False
ALGO,NGTE,0.05461775865847603,0.42880648897929025,15.699052946351285,0.015010851541229183,0.47811056094484955,-1.3230006236910958,0.33804680723085895,False,False
CUBO,DIHO,0.05695067797269808,-0.03345733090080508,16.342389975392823,0.015764457356685756,0.22171242257448784,-0.6662179632650856,0.34925327277345414,False,False
SRNA,BENI,0.057060854815869526,0.026096077250611235,27.900799938529214,0.015678358710402653,0.43718561245020837,0.2506210750358401,0.34925327277345414,False,False
NPCK,FARS,0.05739159103366636,2.53878141690263,21.13561687912315,0.015443548110108889,0.1350918033812928,0.45614404982213735,0.34925327277345414,False,False
NWIG,IHOZ,0.05752406845680421,0.6060951722799691,15.862592138443796,0.015966899129495084,0.3096410301508629,1.1656520249415905,0.34925327277345414,False,False
DIHO,BENI,0.05853339509995439,0.44541765146002005,27.17671600861489,0.016174393885417956,0.23315807015467765,0.12611139534782065,0.35145305602675675,False,False
NAYO,ULXY,0.0585900367808251,0.11294686720466765,15.534983929197924,0.01633408695480113,0.037233806357746035,-1.6296034488366522,0.35145305602675675,False,False
ELLT,AETS,0.05871333406564642,0.18727863959310997,24.81393783357831,0.016291914890415315,0.21172747726541538,-0.8774504395491237,0.35145305602675675,False,False
MSDP,RCRI,0.059629108056081244,0.992188307924046,16.359382271611597,0.01665504917584097,0.21809305134665682,0.6821786897219706,0.3546710266094053,False,False
NWIG,FWWG,0.05980955610948996,0.12303419638350352,16.810235558347415,0.016726998356542257,0.2519641138271266,-1.0607302920112855,0.3546710266094053,False,False
SRTX,FWWG,0.0605299415812795,0.069681056122675,17.493716386974718,0.016932621428105865,0.19850587180783563,0.27462018476782285,0.3546710266094053,False,False
HETT,NAYO,0.06089970487008272,0.13081562807037284,15.718425074522088,0.017109626229167865,0.1629852161267709,-1.5947450547839028,0.3546710266094053,False,False
HRET,NAYO,0.061023107490211045,0.12507574180309322,15.446506771761436,0.01715708561385449,0.07321716089338488,-1.848714402827134,0.3546710266094053,False,False
RTTH,RRES,0.061735940146745036,-0.2108482837190339,19.26998434667216,0.01736557523696171,0.3266428070587865,-0.5331134201981085,0.3546710266094053,False,False
NAYO,ILVX,0.06176448000388099,-0.10512427519998228,15.328698222387095,0.0174102777683584,0.1279513268214288,-2.005498070539996,0.3546710266094053,False,False
ACAC,BLBT,0.06189302682203553,0.3639223761025022,24.81712048871651,0.016986620049238323,0.22042640294446308,-0.11506344673856195,0.3546710266094053,False,False
FWWG,BENI,0.0619010444915876,0.26615664491554514,24.6601364471561,0.017222899971362664,0.2534035459077972,0.7371026468907778,0.3546710266094053,False,False
NPCK,GARI,0.062032657987370496,0.699847015598467,16.698974422065678,0.017459641714106036,0.23047838926526387,-0.02819148112419994,0.3546710266094053,False,False
EELT,FARS,0.06306869085323533,-1.0557256284965375,15.656292620361294,0.017844456714730957,0.12326083336916331,-1.7684033361230824,0.3589847358833707,False,False
OTCS,RTTH,0.06363552730436305,-0.5052685161542165,16.793779260736358,0.018004464001085102,-0.0008001387242657463,-0.23624511220811115,0.360260206903721,False,False
SMAH,EELT,0.06385788765509094,0.65396955013181,17.399175001942158,0.018069971797474313,0.08821965335709822,-0.8939080176345439,0.360260206903721,False,False
RCRI,CCNS,0.06480658522562617,1.3880675332107333,19.246751376848536,0.0184005829061388,0.16939685251405437,0.24546499391728505,0.3623188293109777,False,False
SRTX,BLBT,0.06512007278679724,0.09954883778441603,19.329123559438223,0.018459349709450876,0.22802023187285997,0.5353251743110298,0.3623188293109777,False,False
OTCS,GARI,0.06552249785191432,-0.33739602551583736,18.155648110895324,0.01864122643855102,0.16816067635538412,0.2756235038558004,0.3623188293109777,False,False
RTTH,FWWG,0.06586119101815667,0.7533513620965155,19.227703013169627,0.018765989068122543,0.1356786381955543,-0.23926270927443707,0.3623188293109777,False,False
ACIX,NAYO,0.06587401824341645,-0.2777038441509782,15.594689703862066,0.01881323605544701,0.18707212742207954,-1.966621709974731,0.3623188293109777,False,False
EELT,ITPA,0.06592781835305633,0.0790736719677194,29.737586531455204,0.017593467685905997,0.15798507137462106,0.21760812034772561,0.3623188293109777,False,False
DUCT,EAFC,0.06688088224876905,1.4753719168628452,17.180943122364283,0.019078844233609334,0.24424302584637686,-1.9552243139525793,0.36381280685614054,False,False
SMAH,NAYO,0.06701701023952321,-0.05741535111307211,15.675749781300741,0.019206677956032037,0.11025654521629005,-1.9526981525278573,0.36381280685614054,False,False
HRET,CTGI,0.06705569381270042,1.4615745627471255,17.946115708618525,0.019169709926305768,0.05996557177615407,0.39776258398443076,0.36381280685614054,False,False
AMRP,BENI,0.06770785697709919,0.3295416234144877,20.291124729089912,0.019375252244097092,0.26344340038338104,-0.6848297796406365,0.36485496229204184,False,False
EORC,EELT,0.06808878139217066,0.8059324357961677,18.76356173393924,0.019515369809064573,0.12090984764250853,0.047658567545129246,0.36485496229204184,False,False
SMAH,ITPA,0.06810625962784782,0.1431784496705002,22.73784341534042,0.018128330527460337,0.20788690322005443,-0.206158858573037,0.36485496229204184,False,False
LSST,MTNS,0.06863584288043446,0.05833382211996725,15.688464594767456,0.01969143542954133,0.23303118487769686,-0.47103568808518237,0.36615355511528846,False,False
RTTH,GARI,0.06943077748785279,1.3013608472813547,17.07994000516056,0.02000278019388253,0.15636327111984152,-0.5203569834242867,0.36734831257813216,False,False
CCNS,FARS,0.06943603398535675,2.1013873782768573,28.034085945576404,0.019893221797484904,0.14905272641247924,0.6853218156109738,0.36734831257813216,False,False
OTCS,EELT,0.07068399406220542,1.669290815512459,15.815704125686857,0.02047592821366052,0.07846403160275232,-2.4206764966319665,0.3699952440780616,False,False
SRTX,CCNS,0.0707702211812961,0.05655754821823365,18.895632670321127,0.02034981559708972,0.1409622854298405,-0.1496895314323824,0.3699952440780616,False,False
NPCK,FCSG,0.07080693298435062,-1.2225932627729938,17.32853836857652,0.02047829903212036,0.12435818083250609,0.04378335246008739,0.3699952440780616,False,False
BLBT,BENI,0.0713860320266255,0.22028900799679701,22.868751848813318,0.020606704103520283,0.21851270717454832,0.9029931027460708,0.3700854495855101,False,False
RRES,BLBT,0.07140472203767488,-1.5605267370154605,17.393526770625193,0.020685407859126006,0.26185624579389605,0.47093700503648944,0.3700854495855101,False,False
GARI,EELT,0.07176385529880171,-2.9553751857301065,17.194602747515397,0.020815665642583168,0.19939618427194988,-1.5517559961928555,0.3704409534654744,False,False
AENO,IHOZ,0.07282430432796706,0.6572015577873238,17.107540874693726,0.021212406043260284,0.3257838889143415,1.1595035766386776,0.37439914523450807,False,False
LSST,BENI,0.0745882676202817,0.08983941651646891,23.847475018899026,0.021743031954479214,0.3392992751749819,-0.13084538330454798,0.37926862554487834,False,False
HUXZ,SRTX,0.07461608572936573,0.2811181919898355,18.57626005494408,0.021806140138297705,0.28327646932824546,0.3528149837400685,0.37926862554487834,False,False
LSST,NAYO,0.07466386275432507,0.044674172877297524,16.20838101673348,0.0218813375967623,0.06621096966878229,-1.8571300339751333,0.37926862554487834,False,False
ELLT,HRET,0.07620704627025075,1.5313854484053153,23.1422274976536,0.022299386886557287,0.07824169478570643,-0.6133950746313921,0.38175804913881456,False,False
LSST,ELLT,0.07636378521345391,-0.5001400421153961,24.375856787005176,0.02249822384972219,0.1529646513245382,-1.1009695377535238,0.38175804913881456,False,False
NAYO,AETS,0.07639936600844403,0.07545767975677548,16.409083572265093,0.02249622618458555,0.16534796222252032,-1.7678858695304687,0.38175804913881456,False,False
HRND,EAFC,0.07647208114327109,0.7191993895983189,26.13270762331148,0.02205459523239848,0.2229618261886765,-1.354041168111363,0.38175804913881456,False,False
MSDP,CCNS,0.07665102790551884,0.4923186860743016,17.613924183382597,0.02254464260619924,0.20414616330155877,-0.41042480075890686,0.38175804913881456,False,False
MSDP,FARS,0.07722050371068521,1.439788421388251,25.232128154960733,0.02265315230295491,0.1983602506598142,1.423683756611233,0.3825929025095226,False,False
EELT,ILVX,0.07741879909604457,0.9002098975967101,18.402121752016626,0.02280563279609756,0.15532896292651743,-0.8346085698469524,0.3825929025095226,False,False
RTTH,IHOZ,0.07808955852919339,0.1414659480783294,20.038175777801428,0.023078350255586338,0.037483955721250274,-0.9007559966920687,0.38409855650179525,False,False
IHOZ,FWWG,0.07870911003606279,3.9573430987518385,17.325272447780996,0.023315103691306,0.21486371521825845,1.2662630353061612,0.38409855650179525,False,False
NAYO,HTRK,0.07900199354730014,0.3199980588285295,16.41458226244651,0.02344097261633441,0.056935311861054334,-1.8572851145955673,0.38409855650179525,False,False
HRND,FARS,0.07922449100715401,0.46306519653434275,60.86668973973323,0.02295528902252285,0.11590159541963249,-0.28504732893441403,0.38409855650179525,False,False
FWWG,FCSG,0.07943564036961048,-0.9294730103508884,17.781259498284932,0.0235433880854799,0.18937322009488014,-0.234266186591402,0.38409855650179525,False,False
RCRI,EELT,0.07953099522860702,-0.5648447464181519,18.48918742066203,0.023561993434812203,0.2963795245967529,-1.1191339706905514,0.38409855650179525,False,False
AENO,FARS,0.08019586524373551,0.2649459711403317,44.868751992490644,0.01544170684601185,0.14197894766372168,0.07052834986651725,0.38543847430249034,False,False
DIHO,RRES,0.08041304640349994,-0.06893884930721786,17.718967471385376,0.02390697251538525,0.13985347704552384,-0.7574758666191248,0.38543847430249034,False,False
ELLT,NAYO,0.08103844691501733,-0.015257681527607647,16.415757001411006,0.02417887655319409,0.1721167151516675,-1.9408781389538472,0.3860112002889656,False,False
ACIX,EELT,0.08113804053132767,3.6686934374037006,18.53119322434491,0.02414662856000107,0.16674475658005863,-0.7665220315440989,0.3860112002889656,False,False
MDGI,NAYO,0.08269523792025257,-0.000766468383840127,16.548276570420885,0.024781955071175588,0.19739697632300096,-1.8999658611300714,0.3919569827075169,False,False
RTTH,MMBT,0.08356357709479717,-0.049260331349243514,20.058947470766615,0.0250694177845332,0.19852845852457782,-1.0267797218724897,0.39460578072543107,False,False
ACAC,RCRI,0.08502613130589687,0.3428940245184957,20.864623906929605,0.025569636866715872,0.11578135235161538,0.12199101876330358,0.3991971880783968,False,False
IHOZ,EAFC,0.085162066790058,2.123135494737714,17.87324727359593,0.02571910615843058,0.19185939867476082,1.9898722800512332,0.3991971880783968,False,False
AMRP,ACIX,0.08864132111768591,-0.37108635239824883,23.31694564533465,0.026906089735718026,0.1797470781765644,-0.1987356219868477,0.4139841920331485,False,False
RRES,EAFC,0.09011296734071111,-1.1550032533828718,18.824810137910752,0.027458429891667968,0.1440923089014716,-0.2825712206573144,0.4193212896328711,False,False
EELT,HTRK,0.09070964840103007,5.921566170936611,19.834054876196262,0.02765497759574598,0.16348746754792076,-0.7019279989912937,0.4205629153138667,False,False
CCNS,EELT,0.09104190880232943,-2.0134660181408477,18.32139501576697,0.027810322051016335,0.17027932607854337,-1.7584799304507184,0.4205740352281523,False,False
HUXZ,FWWG,0.09138297221104336,0.22292930095353367,17.31501089076701,0.027903938036602915,0.2176443500538915,-0.33256669161091224,0.4206255941122032,False,False
MDGI,BENI,0.09183541862606737,-0.024008303521817386,23.201708392676014,0.028090368531860276,0.12409183057100749,-1.0811430294905784,0.421187621396532,False,False
CTGI,NAYO,0.09235512295734055,0.021544865210855475,17.017870519181855,0.02836683710045093,0.3065837272549279,-1.905690463373001,0.42205298125666385,False,False
HTRK,NGTE,0.09268659670968288,0.0540480975883694,18.235278370529716,0.028448823113392453,0.27309886472395317,1.0602539539515068,0.42205503858873455,False,False
SRTX,FARS,0.09456442885730393,0.1409407873007179,32.82963915868417,0.026752659699155513,0.13020033214040963,0.8467388534398257,0.42907347613189506,False,False
NAYO,EELT,0.09493093299657479,0.030104945889177937,17.29890773125846,0.02933557735159329,0.37862982179731136,-1.8026926545323185,0.42920900556962005,False,False
SPLZ,CCNS,0.09645541941300945,0.15047464386289036,18.725897487334006,0.029845879413731496,0.1331802616256508,0.15047533054423579,0.4333156537275897,False,False
CTGI,FARS,0.0965189377714788,-1.293124546675572,19.251095765372074,0.029885825044338198,0.10106842921388076,-0.7688182033352257,0.4333156537275897,False,False
IHOZ,BLBT,0.09879837535711844,2.7759507810725923,19.264145759727015,0.03076290185122932,0.19185675223019058,1.0403320881053624,0.441992731860793,False,False
ALUT,EELT,0.09994295191616492,-2.5519541287507783,19.294537750337227,0.031170003678732267,0.09725490396752537,-1.5724357899437251,0.44554987305283317,False,False
RTTH,RCRI,0.10234905538241718,0.3729900270062354,18.90620023546871,0.03212128042434666,0.24214949648685372,-0.7648356458165617,0.4536746967960009,False,False
AGVF,SRTX,0.10276556557854466,0.42580146786663675,19.84733678272341,0.0322345310525727,0.22059403691065058,1.4530122129443543,0.4536746967960009,False,False
NPCK,EELT,0.1028329312737602,-2.395753235741321,18.621882586342842,0.03230523521429255,0.10158811267504325,-1.663567993575761,0.4536746967960009,False,False
ANSO,RTTH,0.1035367513897843,-0.23235099132192027,20.983052543595868,0.032618160127498304,0.05961573253243659,-1.1825908408747188,0.45520468283439647,False,False
CUBO,RRES,0.10416842771090978,0.38730583509135885,22.39236901369224,0.03278914399391546,0.1654736649830935,0.3666273774156583,0.45556106011658803,False,False
ACAC,FWWG,0.1049103324135805,0.2527581528765757,19.865322270822567,0.03309778317491746,0.15885997637034943,-0.37507721542908096,0.45556106011658803,False,False
RTTH,MHRM,0.10542983229238156,0.850550202627557,19.264793414048057,0.033302151177989923,0.12584036699053408,0.10690790332897243,0.45556106011658803,False,False
SRTX,RCRI,0.10567843575946945,0.08200650006817356,22.48264340188239,0.03337335301620229,0.15432829330893652,0.21339152420513852,0.45556106011658803,False,False
AGVF,FCSG,0.10604035430580144,-0.16492336371626581,19.328447942245536,0.03354074493483361,0.1804283436052815,0.22224961230353613,0.45556106011658803,False,False
EORC,HTRK,0.1067823940966307,0.08545160857476636,18.637360197212434,0.03387464207111561,0.22685869258962288,1.2510998763870755,0.45556106011658803,False,False
BENI,EAFC,0.106981353849609,0.14180354290333297,25.19605060704749,0.033792351469496704,0.19607771241729835,1.0335933752625468,0.45556106011658803,False,False
DIHO,EELT,0.10700249327598177,2.531102322054563,22.135223756698792,0.03386504669931621,0.18575065960132459,-0.542848412005213,0.45556106011658803,False,False
RCRI,BLBT,0.10745571916452101,0.7759120688003357,22.479538308042127,0.034095352158911095,0.2357918521574328,-0.045233404671545165,0.45556106011658803,False,False
RTTH,EAFC,0.10751595077852372,0.41115924046733576,19.385897664073152,0.034117909538059744,0.17706993301216772,0.0789223251200505,0.45556106011658803,False,False
HUXZ,AGVF,0.1075481404667396,1.344578279350491,19.1980470006657,0.034122850849713386,0.1551628993441853,0.8217509926581669,0.45556106011658803,False,False
ACAC,SRTX,0.10902145778965738,0.24004845173039943,19.535911503350402,0.03469526130231476,0.3403206590201891,0.33600963138128626,0.460272710866931,False,False
HUXZ,RCRI,0.1098937084555886,0.32002477251877015,19.48888262175631,0.035051589256867785,0.1671776543165525,0.2324560030484151,0.46242402072896194,False,False
ALGO,FARS,0.11181003403219053,0.12684929196351274,79.22836300631431,0.05596756499178151,0.3337794622359573,-0.7510105811091912,0.46751129435706607,False,False
IHOZ,EELT,0.1121545096014579,-0.22322360924985118,20.898232216886594,0.03591623901357642,0.0880559024684146,-1.0416511164458846,0.46751129435706607,False,False
AENO,RCRI,0.11229711777748613,0.1512927490991006,22.89597675685246,0.035998793955156774,0.13791692798765418,-0.25438003280716565,0.46751129435706607,False,False
SMAH,CTGI,0.1125693861706818,0.9311396719973994,19.65553961235158,0.036114874341611564,0.10037573432055627,0.20229886221903776,0.46751129435706607,False,False
HETT,EELT,0.1132667404155756,-0.3581940271896049,21.578143790091442,0.0363458462034765,0.12920269310505728,-1.0639237800252384,0.4680268803476905,False,False
RCRI,ITPA,0.11357399417958636,-1.560153641009297,19.006120193093945,0.03654724791585923,0.14587264641558584,-1.162607905413342,0.4680268803476905,False,False
MMBT,FCSG,0.11422199859549065,5.944864322657859,20.825101107296426,0.036751177949163424,0.07075694444003562,-0.3436320182773929,0.4680268803476905,False,False
DIHO,RTTH,0.11484323021431692,1.713358196411652,22.226184290849453,0.03703393242957192,0.11396325869268947,-0.5763917731874384,0.4680268803476905,False,False
ANSO,CTGI,0.11527593555099519,1.155892290826348,19.78704164465605,0.03719302444156812,0.0763096593112008,-0.05267951501092884,0.4680268803476905,False,False
MSDP,ULXY,0.11596285921696298,0.22243790634821586,14.586327337681237,0.03750141652117106,0.14753072375173512,-1.3799163252970232,0.4680268803476905,False,False
CUBO,RTTH,0.11598767070039173,-0.1089941210029849,19.939069447362716,0.037485686065899436,0.11216674329054052,-0.42863846984695464,0.4680268803476905,False,False
LSST,EELT,0.11665476453308349,-0.4208532181623734,20.3173892734268,0.03773711740459481,0.07623196971585015,-1.0087302159600784,0.4680268803476905,False,False
HRET,AETS,0.11707722657268582,0.4877290848564535,22.915892264376954,0.037940869172844734,0.11959075615831127,-1.0883245828496335,0.4680268803476905,False,False
ACAC,MHRM,0.11722873359943431,0.22779097481702332,22.04926914346663,0.03803017920399132,0.1850699930829011,-1.3228176354351187,0.4680268803476905,False,False
CCNS,MHRM,0.11749470042795823,0.7440423961707259,20.601524733582206,0.03807664412901856,0.1611230848461996,-0.21723028126761626,0.4680268803476905,False,False
LSST,HTRK,0.11756304486191871,-4.701605433527234,26.585539493876933,0.037925385678546045,0.25565723069998264,-0.6044564579117259,0.4680268803476905,False,False
CTGI,ITPA,0.11756523105355104,0.07434340022919927,31.258568509693013,0.03513694539171351,0.1925055762385052,-0.3178620497439521,0.4680268803476905,False,False
BENI,MHRM,0.11814088061601946,0.2657334294926247,26.996808406456505,0.038207822719140104,0.18565770977670915,0.8839834344171607,0.4680268803476905,False,False
HUXZ,CUBO,0.11866694226639973,-1.2172160013592883,19.860584305033125,0.03856179371962328,0.3266550080135955,0.3271414220671195,0.4680268803476905,False,False
BLBT,FCSG,0.11915187425033485,-0.64989412405751,20.17980153423521,0.03875394660056627,0.2304854993570578,-0.09593331411295605,0.4680268803476905,False,False
RTTH,EELT,0.11923183671014553,-0.41859964972461033,21.298981735675515,0.03875395253149194,0.25528027868148034,-0.9967064738645969,0.4680268803476905,False,False
AENO,RTTH,0.11942052214755039,0.09583254094223395,22.338520692981845,0.03887711684235692,0.11703128077004993,-0.5657398042537097,0.4680268803476905,False,False
RCRI,ILVX,0.11985365993785158,-0.4765981248471182,19.31978620955617,0.03908356366930687,0.17289189843465202,-1.2229397941203524,0.4680268803476905,False,False
MSDP,EELT,0.12032270893518388,-1.2478317795218983,19.34940223041706,0.03925373303546948,0.1524842610697879,-1.8568217798988922,0.4680268803476905,False,False
FWWG,HRND,0.12040220921885686,0.37481009903557827,22.0936771961368,0.03924316784142412,0.20918900385264286,-0.6360753513957659,0.4680268803476905,False,False
ALGO,EELT,0.12195211332781064,0.8660382283867254,23.200499161977778,0.0398478565043721,0.45554722687111593,-0.0481339022734888,0.47133085771894556,False,False
DIHO,BLBT,0.12214048255750465,0.14727284191518447,19.895141277063402,0.03997564642751139,0.2584903409288255,-0.6459959053716365,0.47133085771894556,False,False
GARI,RCRI,0.1227182156314714,1.8298255342511103,20.203816698691096,0.04020642773997268,0.23717672721846822,-0.2524852483652616,0.47133085771894556,False,False
RTTH,ILVX,0.12273085863740385,-0.2443410229063443,22.53662570719478,0.04028974356690252,0.1186334747071055,-1.3408942555829482,0.47133085771894556,False,False
DUCT,FWWG,0.12421653947841577,0.7353602638507215,20.881659895836677,0.04084431405221092,0.30777890748511794,-0.9926515013742175,0.4742072050665888,False,False
AMRP,ANSO,0.12436195250352483,-0.24917605284700578,22.65777487063675,0.04084215979023257,0.23198357859240717,0.5215525408911013,0.4742072050665888,False,False
AENO,DUCT,0.12459561858612334,0.16365207285880595,14.66874960938104,0.040905118949293995,0.28994091979441683,-0.312485714794452,0.4742072050665888,False,False
IHOZ,ULXY,0.12736566658322296,-0.08091414378712491,13.862432141081404,0.0423181881064784,0.22205551395551146,-2.0637086293108053,0.4833072169452657,False,False
HUXZ,CCNS,0.12776831297082564,0.15903351468245008,27.301953659243722,0.04234104712003076,0.145034394986117,-0.8417856312371687,0.4833964363139545,False,False
HRND,MHRM,0.12822762352561767,0.33089325469628894,25.71845821645568,0.04249735249130468,0.240460012008605,-1.5406345105237012,0.483698875725333,False,False
NPCK,MSDP,0.12866523490587733,1.4944268496677555,18.402488939067688,0.04277104691773633,0.21553007901813223,-2.0383708696279763,0.48374835080973433,False,False
ELLT,MDGI,0.12935050053975583,1.9992456741736575,20.384921133891904,0.04293936897871763,0.16314307471826256,-1.076992475687882,0.48374835080973433,False,False
SMAH,RCRI,0.12937897068715248,-0.3093657135186758,19.911878035717983,0.042989914423082365,0.13022477744372127,-1.1257876888906089,0.48374835080973433,False,False
MSDP,SRTX,0.13074252114940732,0.09614415075088381,21.65340637860727,0.043497879161053785,0.10647572546860126,-0.3007395537773234,0.4874172937587553,False,False
SRNA,EELT,0.1312524424402483,0.028259318765256197,22.831740232628313,0.04367496140793815,0.13130597208445602,-0.7583747274255086,0.4878804121585286,False,False
RTTH,ACIX,0.13197521596620038,-0.7128501060303989,23.203302446494774,0.04411148407567167,0.2116183468285548,-1.2815252014685838,0.4878804121585286,False,False
SRNA,RTTH,0.13241227734220457,0.08706565973666212,23.300515534346598,0.04422240793526371,0.09995607032704762,-0.5188040257243985,0.4878804121585286,False,False
SRTX,EELT,0.1324909123833778,-0.09964516273393156,21.189794457547517,0.044225091303863893,0.12466499207644648,-1.5293031325336013,0.4878804121585286,False,False
SRNA,DIHO,0.13278000236785054,0.031610348648724085,20.66798767917295,0.04438072346788536,0.2247940196000288,-0.6366861457674414,0.4878804121585286,False,False
SPLZ,ALUT,0.13524019850523145,0.10545767107082016,23.40547340016935,0.045403080145966855,0.26363296089948773,0.3773508012273328,0.491731764407092,False,False
AENO,EELT,0.13531256055631175,-0.21266940727875136,21.258753682717032,0.04541244545994624,0.06869942359549441,-1.3632464458372207,0.491731764407092,False,False
EELT,ULXY,0.13549793467077847,-0.0517362767676532,22.856037134879973,0.04545626005630324,0.10110304256319017,-0.8601640607625182,0.491731764407092,False,False
RCRI,ACIX,0.13570499773981692,-1.6042954807816887,20.150844721625496,0.045641715553566754,0.16441238220897983,-1.1705050167772253,0.491731764407092,False,False
NWIG,EELT,0.13630592996903906,-0.16211645758423038,21.801937316615955,0.04582072265042261,0.07482224875411829,-1.254531640795016,0.491731764407092,False,False
ALGO,AETS,0.13706459811003513,0.5370121115007647,27.228342083437646,0.04606506350461441,0.3972397633808915,0.13546743738761421,0.491731764407092,False,False
DIHO,MHRM,0.1371093595148723,0.20661380953436537,20.885068153564024,0.04618789556710468,0.1220358570106868,-0.28129925679104517,0.491731764407092,False,False
DUCT,HRND,0.13713583589565997,0.49245520310402024,15.456690448954223,0.04614910151936692,0.07892555886144746,0.346093070007462,0.491731764407092,False,False
AENO,BLBT,0.1384704967604376,0.1890759438477147,22.15227171376381,0.046762541320122475,0.2461939620886674,-0.796018686489592,0.491731764407092,False,False
SPLZ,MHRM,0.13872022219941954,0.1611094818830659,23.16519041188825,0.04684797781376684,0.31448441574690245,-0.36066877584995716,0.491731764407092,False,False
EELT,HRND,0.1391406803653859,-0.13236786381727628,22.86706806242742,0.04699980260289155,0.1499386359528948,-0.9433102623377345,0.491731764407092,False,False
CUBO,HRND,0.13979900786730065,-2.2735582324679955,21.528897709176857,0.047326665643652586,0.07342571828509478,0.45462686262779095,0.491731764407092,False,False
MSDP,FCSG,0.1398971754076071,-0.621389934215981,20.93927170728744,0.04737388328393603,0.19999632031364156,-0.40659149963407987,0.491731764407092,False,False
MMBT,EELT,0.14058540891069166,0.17245214432084516,21.298376129359774,0.04766068298358957,0.2802273408296923,-1.1887393155657282,0.491731764407092,False,False
DUCT,EELT,0.14098041817127133,-0.46950576610311634,22.69929407651891,0.04778814806954125,0.11137716452227259,-1.01615894117405,0.491731764407092,False,False
RTTH,ULXY,0.14107907868440134,0.11819672473213509,15.36025533759122,0.047997261851099045,0.05809656760634903,-1.6753773214950767,0.491731764407092,False,False
RRES,GARI,0.14133331367041518,-0.18644014540975948,21.431872755382656,0.04797867765922781,0.22048907489509031,0.050872185480677005,0.491731764407092,False,False
FWWG,EELT,0.14181651449714616,-0.8014043714652804,22.02843530130993,0.04816457728324328,0.22678281021890123,-1.179702362881951,0.491731764407092,False,False
EELT,BLBT,0.1422104448259245,-0.7818342617309528,21.49027860689999,0.04835005951520984,0.30928075352299395,-1.2946430325527423,0.491731764407092,False,False
RTTH,ITPA,0.14274429047311177,-0.9238496882089402,20.14508300636786,0.04864488675248035,0.1405459528378713,-1.3586517931070545,0.491731764407092,False,False
MDGI,EELT,0.1427500155440597,0.1425625250490855,22.178733253872643,0.04856653476916895,0.18637685903818502,-0.44394327866057043,0.491731764407092,False,False
OTCS,CTGI,0.14310615390531622,2.0498045854409903,19.908283787997522,0.04880153005123835,0.15786615883931804,-1.5136396244131711,0.491731764407092,False,False
SRTX,ULXY,0.14399929658416738,0.02206582217450336,15.375952609792542,0.049203937453797086,0.2519676017444606,-1.396905026067569,0.491731764407092,False,False
ANSO,GARI,0.14406326899674327,-3.162173150660977,20.507262970127442,0.049179111375580356,0.1605757488173285,-1.263818774942805,0.491731764407092,False,False
DUCT,FARS,0.14427100066056975,1.1462385916560964,55.84803015374907,0.047101434684933524,0.15842584606856333,-0.2178343064939711,0.491731764407092,False,False
SPLZ,ULXY,0.14458939676305177,0.042338706417337876,15.284871290040119,0.0494597728158315,0.14552545027330302,-1.4714475414238741,0.491731764407092,False,False
DIHO,ULXY,0.14516691469016396,-1.2147752436636792,13.72442055473945,0.04996831227228489,0.19227648194484362,-2.2988198882335693,0.491731764407092,False,False
CUBO,RCRI,0.1454374000641907,-0.15687720467934996,21.617187045975935,0.04974277367523117,0.1001342364557142,-0.17820393065937168,0.491731764407092,False,False
EELT,FCSG,0.14559964835746653,0.9105068994859543,22.475282924988882,0.04978562425806074,0.12715441169444097,-1.1783375103379723,0.491731764407092,False,False
AENO,RRES,0.1457751173177776,-0.3454987040394337,20.916242351589066,0.04991389204063081,0.1340121523941284,0.749665418788103,0.491731764407092,False,False
AGVF,EELT,0.14586877315486318,-0.09757512365468823,22.673688428113206,0.0498932238830892,0.20914892081876255,-1.0014176299506385,0.491731764407092,False,False
HETT,FARS,0.14645999474617388,0.029696905624144253,81.15216669322737,0.0804878065845655,0.15480547981912693,-0.9150021311118174,0.491731764407092,False,False
DIHO,EAFC,0.14799677262360178,0.10367883846376116,21.45733523981527,0.05085137270253625,0.26385982582995215,-0.2634123886772424,0.491731764407092,False,False
CCNS,ULXY,0.1484998138073529,0.16960333421974996,15.334173939407252,0.05118299309794926,0.04682392400475175,-1.6111732201009075,0.491731764407092,False,False
HUXZ,EELT,0.14865435898218765,-0.16161174633216768,22.6940411372956,0.051099599294838476,0.14526098768896722,-1.107594266333786,0.491731764407092,False,False
HUXZ,EAFC,0.14929317890694105,0.4281038346958116,19.728012598121172,0.050731365877819096,0.20746490527919975,-1.1450313903513336,0.491731764407092,False,False
HUXZ,MHRM,0.14932434781217374,0.1966250476569198,18.897880157414445,0.05146789286282684,0.1628378410906766,-1.3587124061841103,0.491731764407092,False,False
ELLT,RCRI,0.1495004973791953,-0.1901974155825819,23.527007358124553,0.05159658847541087,0.2006771889881608,-1.290310792287114,0.491731764407092,False,False
EORC,DIHO,0.14951807218211122,0.0703932422659945,22.74525159603828,0.051521878620085136,0.12203233109324543,-0.6233048662304357,0.491731764407092,False,False
ACAC,EELT,0.14958629802114037,-0.17523297216044426,22.982637802402074,0.05150182499267132,0.07965122552820533,-1.087450154193116,0.491731764407092,False,False
AETS,ULXY,0.14965648227344175,-0.21226728933613073,14.561256082335609,0.05187434046851203,0.10108879934695263,-2.1382644814836316,0.491731764407092,False,False
SPLZ,EELT,0.15025411168529496,-0.1463798543375824,22.572384926870907,0.05180217929782617,0.17199096467830158,-1.2371328464425977,0.491731764407092,False,False
DUCT,MHRM,0.15041206911275756,0.6687877250179898,19.050357043058987,0.05193193868083403,0.22632949795208396,-2.0687945335413986,0.491731764407092,False,False
AGVF,RCRI,0.15139240727344982,0.1964601460116423,21.622824084677465,0.052332746388827296,0.2132068964483811,-0.2622047084847548,0.4936708932829886,False,False
ALUT,SRTX,0.151896613512768,0.03605489545428468,25.44494371247601,0.05254601855197471,0.09902302138949763,-0.129073959054603,0.49405148527749804,False,False
SRNA,HTRK,0.15474222296348678,0.02546952950895518,22.973617254513346,0.053802949763524524,0.2910695460027225,0.5852188834247859,0.50027056777194,False,False
DUCT,RTTH,0.15630802043679626,0.3907810750343157,24.66521276358973,0.054516464682740455,0.08217133748282647,-0.7175120618948352,0.50027056777194,False,False
CTGI,RCRI,0.15702609765073705,-0.14320042541104153,21.642976471526424,0.054848412732143435,0.27375891074974595,-0.9273318485655688,0.50027056777194,False,False
DIHO,AGVF,0.1582183265640727,0.03371800197324648,21.350962167132575,0.05537499376348394,0.2110587373840367,-1.000762559678636,0.50027056777194,False,False
ALUT,RCRI,0.15915968293351096,1.5543055674374215,22.45622571308224,0.055749623752234176,0.15183294452541055,-0.12255502123166455,0.50027056777194,False,False
ULXY,ILVX,0.16014783315644365,0.19012011964921322,14.981872800655285,0.05643943485916243,0.3173963740189933,-1.820986839124915,0.50027056777194,False,False
NWIG,BLBT,0.1603821567593896,0.1696550628768104,22.83302093930412,0.056055979242029874,0.1834462965016884,-0.815022141722933,0.50027056777194,False,False
ACIX,ULXY,0.16124801034625857,0.4685070755233471,15.590924275102719,0.05689649024538221,0.13946798262385968,-1.7648985581998078,0.50027056777194,False,False
CUBO,EELT,0.16220130412546863,0.12337411495364707,23.56873236239579,0.05707114015530564,0.1625468004685525,-1.127003090286391,0.50027056777194,False,False
AGVF,EAFC,0.16224649172500866,2.7161117044505927,20.914626485074304,0.057231288733278776,0.2554980463023208,1.5170299830254983,0.50027056777194,False,False
ELLT,ULXY,0.16269901775294526,-0.04776324406563201,15.185875035651337,0.05750972964368623,0.05879295639277538,-1.9196157015058437,0.50027056777194,False,False
SPLZ,RCRI,0.1627517661930336,0.1852145986476441,25.76759837188465,0.05734003228008796,0.2013260468416281,0.13748916942637962,0.50027056777194,False,False
NPCK,ALUT,0.16304429204255444,0.5374312912891215,25.911175046792618,0.05755678106722003,0.12101985719282073,-1.1073003878168701,0.50027056777194,False,False
AGVF,RRES,0.16457345029169973,-0.34654491016979083,28.04150604247087,0.058295082833497436,0.14611592094398013,1.015754625425,0.50027056777194,False,False
RCRI,FWWG,0.16465790270884306,0.91973422190917,25.085467284711257,0.05821140271346994,0.2412675695077043,-0.13394663971931484,0.50027056777194,False,False
ACAC,FARS,0.16465871500110807,0.4892013563056955,49.86105428021275,0.05780360548348932,0.1695963183533443,0.3415010235305193,0.50027056777194,False,False
RRES,FARS,0.16483971361440253,-0.6008282693149077,39.17748756060086,0.05804131360123683,0.11939113714614664,0.15440915443856687,0.50027056777194,False,False
DIHO,FWWG,0.1653865606361829,0.19221695962212654,22.116239932670585,0.05855893940969929,0.2742248381595936,-0.620696623786612,0.50027056777194,False,False
HRET,ULXY,0.16556263453819547,-0.09756750455189313,15.005208535014997,0.058838435070714984,0.21713874068549913,-1.8689593180804995,0.50027056777194,False,False
SMAH,ANSO,0.16646579836397296,0.9407544959588164,44.32777227145556,0.05874224471296362,0.1955987273192315,-0.354889729809523,0.50027056777194,False,False
EELT,EAFC,0.16654470632107665,-0.6196735304225107,22.159273133210522,0.05907291040047475,0.1383632201784622,-1.4897146353070976,0.50027056777194,False,False
RCRI,IHOZ,0.16672750925612195,0.20475667425135632,22.54877577239754,0.059167793449795815,0.1726840932772918,-0.6357707571497506,0.50027056777194,False,False
ACAC,ULXY,0.16690430353741365,0.027226437527755033,15.661661335634124,0.059386364720009174,0.20865027126707814,-1.6845393895202534,0.50027056777194,False,False
EELT,MHRM,0.16734997112000793,-1.446020766629352,21.88784949420057,0.0594499176611792,0.14502353554890945,-1.5975621656266805,0.50027056777194,False,False
OTCS,CCNS,0.1673520806671137,-0.38234368306666866,21.69458423724935,0.059471727155972806,0.1254291752436299,-1.0591964148051933,0.50027056777194,False,False
GARI,FWWG,0.1673854040240107,1.226981108809228,21.381425911056116,0.059540050749175774,0.25577590100917247,-1.3761843571102212,0.50027056777194,False,False
SMAH,ULXY,0.16756153536904222,0.13721526529568429,14.901067013974004,0.059786106715045695,0.2423717831371102,-1.8543160256464335,0.50027056777194,False,False
SPLZ,BLBT,0.1687818141714112,0.2667925484016727,23.065607669384562,0.06003132270810973,0.2985011293011358,0.9498880570095228,0.50027056777194,False,False
LSST,ULXY,0.16878425106189437,0.06433923756754469,15.460502078549952,0.06022071161768473,0.18369358296777202,-1.760219685391821,0.50027056777194,False,False
AMRP,ULXY,0.1692490695160046,-0.25893498617506117,15.043931220734665,0.06051613006848342,0.1228833689487314,-1.7737470465239942,0.50027056777194,False,False
ULXY,NGTE,0.16999626834157444,0.030806403792670748,15.728241288846036,0.06080004200926901,0.24645305511791263,-1.6638356529523186,0.50027056777194,False,False
ULXY,ITPA,0.17030243815726376,0.46637655040735587,15.751646499940055,0.06101638187435829,0.19198264999887815,-1.7858264880223915,0.50027056777194,False,False
NPCK,ULXY,0.17050562063967584,0.10889322617874399,15.61524145961025,0.06102833847095913,0.1972393202880926,-1.715543044286558,0.50027056777194,False,False
ALGO,ULXY,0.17073390567960878,0.09508047327801841,16.0258804310976,0.06110980131758022,0.3954970984685174,-1.553379520282286,0.50027056777194,False,False
NWIG,HRND,0.17177551668683383,2.9899049925995063,19.897182141172706,0.061330763851653244,0.029657607708025963,0.2714257149299764,0.50027056777194,False,False
RCRI,ULXY,0.17185616186672753,0.04845819413017548,15.68524408339504,0.06165452588940742,0.1054142320933235,-1.7373841997271302,0.50027056777194,False,False
NWIG,RCRI,0.172823390788428,0.13319615539574886,23.000369581348412,0.061922751591531384,0.09058999268973461,-0.28798396926131065,0.50027056777194,False,False
DIHO,NGTE,0.17299126655220481,0.04279741365979413,23.531754226895362,0.06202642691779793,0.1880422979576383,-0.7948240442364254,0.50027056777194,False,False
ACAC,EAFC,0.17382169928843794,0.48317934638300264,25.929033934366057,0.062429786945860564,0.20701589823661268,-1.1208605317174156,0.50027056777194,False,False
EORC,ULXY,0.17422835817310728,0.01980606069806088,15.723034745259818,0.06275487296629302,0.1483604447251898,-1.7334016792278268,0.50027056777194,False,False
ELLT,RTTH,0.17431960624692466,-0.10419153693697579,24.694015248177248,0.06274576530551455,0.1051433159287986,-1.4336067450697054,0.50027056777194,False,False
MMBT,ULXY,0.17528364984461736,-0.0023081912565587025,15.688687087957659,0.06324892844024226,0.07148675054477774,-1.7871699378194879,0.50027056777194,False,False
HUXZ,ULXY,0.17544925368021175,0.008733300875150668,15.732431166997285,0.06331823452975255,0.1980573613754086,-1.7534286662922298,0.50027056777194,False,False
LSST,AETS,0.1757526955486982,-0.2389753204682549,38.02724615641052,0.062447385897426794,0.12733028181148073,-0.5055480324482299,0.50027056777194,False,False
OTCS,NPCK,0.17584205970621042,-1.619625976207824,22.078278394611665,0.06335707918449977,0.20104831396353823,1.0161456039480894,0.50027056777194,False,False
ITPA,ILVX,0.17585758237179122,0.20477287974715658,24.216825085321574,0.06327574394758696,0.2419387423211516,-0.1097906193412702,0.50027056777194,False,False
AMRP,OTCS,0.17607801032026377,-0.45240511229936925,22.382616671128982,0.06347785446681609,0.18667169076955253,2.257636317129639,0.50027056777194,False,False
CUBO,GARI,0.17624619524257923,-0.08689746331329004,23.439490657517467,0.0634833190782356,0.19437614559675798,0.1391825362441732,0.50027056777194,False,False
NWIG,FARS,0.17628044121189052,0.2254999065765465,48.29755322363495,0.06174011070165237,0.11094267063344646,-0.03927530216610592,0.50027056777194,False,False
RCRI,EAFC,0.17741807321832703,0.5464183132388741,22.89856303746134,0.06403608462369965,0.18584740798862892,0.2232906552092389,0.50027056777194,False,False
HRND,HTRK,0.17776019565735124,0.07151816741149164,23.383434786895037,0.06420457887361226,0.1007808243172092,0.5183233513090119,0.50027056777194,False,False
AMRP,GARI,0.17790533553597992,1.125876116755752,24.241702156296622,0.06474869429639714,0.21066230285126292,1.8402106990031717,0.50027056777194,False,False
ULXY,HTRK,0.1782306464721065,-0.03243526999937826,15.721092592451283,0.06462106370841157,0.2248701523639042,-1.7985639822159623,0.50027056777194,False,False
DUCT,ULXY,0.17833649809208119,-0.28993876198346713,14.841130316215562,0.06480736960661147,0.23830024203286954,-2.178928702308753,0.50027056777194,False,False
CTGI,GARI,0.17853284073379516,-3.708341105681815,22.760411105417383,0.0645516465103573,0.17788583253427184,-0.6506392851314281,0.50027056777194,False,False
LSST,NGTE,0.17961059547250563,-0.41409617842988933,31.96744539481321,0.06488187855817512,0.21415983955803247,-1.3071807391829864,0.50027056777194,False,False
SPLZ,EAFC,0.1798487247588348,0.34646171868976405,25.73667818571943,0.06511849616834511,0.3438782049733185,-0.1475842895410022,0.50027056777194,False,False
MDGI,ULXY,0.18006136439505604,0.00404541251182914,15.786358616914988,0.06547312125275716,0.09208406226729865,-1.7618601852592084,0.50027056777194,False,False
HUXZ,FCSG,0.18009949086721477,-0.22739748587704284,22.874067801873874,0.06527512403928985,0.18236459376313358,-0.1955848109169102,0.50027056777194,False,False
LSST,HRND,0.18023497398535776,-0.6456931514093823,33.87156748071358,0.06482850539912682,0.1405002998286357,-1.1626263467554008,0.50027056777194,False,False
HUXZ,RRES,0.18043259985514803,-0.5533741420004403,22.86842027698604,0.06543497268038394,0.11839165665536333,0.2480442472149835,0.50027056777194,False,False
RRES,FCSG,0.18057767144891335,0.3330026755985276,27.392602281212383,0.06549438609684789,0.21044214784109688,-0.045994382511455094,0.50027056777194,False,False
GARI,ULXY,0.1806065041454531,-0.039911054393729536,15.760593992857475,0.06573769844454037,0.1255326899859016,-1.8175339329122413,0.50027056777194,False,False
DIHO,IHOZ,0.18069349016010328,0.036869080940218193,22.2517607252247,0.06565967608238893,0.15880783739567578,-1.3855138537093812,0.50027056777194,False,False
MMBT,RCRI,0.18098850986208992,-0.059359194417009264,22.824213034529805,0.06572443145092885,0.2657641385611719,-0.7838047120515884,0.50027056777194,False,False
NWIG,ULXY,0.18126316004076132,-0.05207216724299261,14.844207746427292,0.06619656485271347,0.16663586589324916,-2.2278697179498415,0.50027056777194,False,False
LSST,EORC,0.18140720040325076,-0.6503786911507697,32.6511664430577,0.06569661089621621,0.22592515230965243,-1.4045209241669308,0.50027056777194,False,False
ANSO,ULXY,0.18173188507905463,0.08130611924204677,15.92514417491371,0.0662929703684529,0.223025642382344,-1.8389952513682724,0.50027056777194,False,False
NPCK,CCNS,0.18176250548719974,0.7587410966909853,34.13699017971213,0.0660006122703696,0.07580559704643512,0.24032761834178365,0.50027056777194,False,False
RTTH,NWIG,0.1824031146114497,0.07985224454647821,23.232152588355675,0.06637274501475549,0.11589067879739212,-0.6214229246425202,0.50027056777194,False,False
RRES,AETS,0.18270791789546087,-0.3144693081920077,26.21145646068357,0.06647267376418389,0.11663861310446433,-0.3567597800720069,0.50027056777194,False,False
OTCS,FCSG,0.18334573573470836,0.586504209780026,23.20315523592218,0.06679176018126723,0.08014473015607361,-0.1573908541873446,0.50027056777194,False,False
HUXZ,FARS,0.1850584410504892,0.43801548260682277,42.3081541387237,0.06642161539051795,0.15717146711449495,0.42383059586695554,0.50027056777194,False,False
AGVF,ULXY,0.18550182540008198,-0.010599297360933391,15.78190249024389,0.0680490265850033,0.0970533151526647,-1.8496606675572589,0.50027056777194,False,False
AGVF,MHRM,0.18554767637951092,5.642729305926797,21.93222305628052,0.0679341626807826,0.2080554752049289,1.4866040139017502,0.50027056777194,False,False
CCNS,EAFC,0.18599380199813398,0.33272642720082535,23.859233685701323,0.06802573390709626,0.12617548896001637,-0.44642203184358975,0.50027056777194,False,False
DUCT,IHOZ,0.18625105884812032,3.596325655791497,22.720712082108466,0.0681942204374498,0.32996029840152835,0.9299826566280702,0.50027056777194,False,False
MMBT,GARI,0.18644220825253094,-12.449714983042421,20.885134435021424,0.06811637012354635,0.08373864244753981,-0.5365140330547826,0.50027056777194,False,False
RRES,EELT,0.18650068934802283,0.5103750600770776,23.87780663811599,0.06825777019878877,0.29586203902085617,-1.4257642023307835,0.50027056777194,False,False
OTCS,ULXY,0.1868297987327846,0.02768441393956878,15.879148923178258,0.06867280019365866,0.1349262957828351,-1.8470053910008342,0.50027056777194,False,False
ULXY,FARS,0.18696931466600802,-0.025139175121416057,15.82851204982794,0.0687458499407504,0.08287489026056392,-1.8375565266727463,0.50027056777194,False,False
CTGI,ULXY,0.18760337772156654,0.03479330599647526,15.995611584913831,0.06904005385528457,0.1715874438861479,-1.813981725938387,0.50027056777194,False,False
AMRP,RCRI,0.18775840251377496,1.0395897858302057,22.446356265885104,0.0689234691915189,0.11835129492915865,-1.1855033239853305,0.50027056777194,False,False
SMAH,FCSG,0.1879762303589858,0.28878260552274376,24.56992505045299,0.06918257137647565,0.18487490820603086,1.6552841629495683,0.50027056777194,False,False
CTGI,ILVX,0.1884343031075999,1.216265247687128,23.52529924030368,0.0691864707486001,0.14055322913337984,0.24543140347625358,0.50027056777194,False,False
ULXY,FCSG,0.188803990496887,0.13469892265655253,15.869033924040457,0.0696576355737635,0.08915457038859273,-1.94126896253512,0.50027056777194,False,False
LSST,MDGI,0.1888971867144023,-0.21756311402190215,22.016727150716466,0.06953767947395252,0.1300035495662734,-1.5714741270564343,0.50027056777194,False,False
AENO,ULXY,0.18909424026560318,-0.04796070729836106,15.066478072660939,0.06986924169734496,0.24834155677370626,-2.1519886689682344,0.50027056777194,False,False
LSST,DUCT,0.18911931686063105,-0.6301328668611548,37.16257850233836,0.06876843979107156,0.31464206533169126,-0.6888854955162832,0.50027056777194,False,False
RTTH,MDGI,0.18967627677953314,-0.03827620876254322,25.104674186402328,0.06994487491462674,0.15689416566847236,-1.5190901402879013,0.50027056777194,False,False
CUBO,AGVF,0.18996356350453308,-0.8074926552884789,20.46251819446022,0.06984717199247205,0.23719545713345794,0.20819024754434165,0.50027056777194,False,False
DIHO,SRTX,0.1902402612762053,0.013437879683426723,24.018390151210806,0.07004756577777187,0.1740271911132262,-0.4493653492285956,0.50027056777194,False,False
SRNA,ULXY,0.19029900028971836,-0.030615077697989587,15.519313864679773,0.07039371605642006,0.26614374469451996,-2.0396840072773212,0.50027056777194,False,False
EORC,RTTH,0.19137823769668022,0.09384970716737624,26.68008726034044,0.0706202688990722,0.09165025573638,-0.8355833198454047,0.5020725371672167,False,False
MDGI,HRND,0.19261946707436545,2.5927654885576135,41.305877230208026,0.06833301201997241,0.22444555273719866,-0.3278034012279045,0.503127919681671,False,False
FWWG,ULXY,0.19344958973137844,-0.14850503715877744,15.593124746118695,0.07188931878532316,0.19719659270399098,-1.9860676586837398,0.503127919681671,False,False
IHOZ,FCSG,0.19512207786692987,-0.16341821814794627,23.387678647568208,0.07240129567782269,0.17341560639639392,0.7547004657134954,0.503127919681671,False,False
DUCT,RCRI,0.19514218159703833,0.7932611112915793,24.186405683363006,0.07237618232258458,0.18362613735182234,-0.3032584543592495,0.503127919681671,False,False
RTTH,HTRK,0.19564411773165769,-0.8683829579629128,25.84259983594024,0.07273663568272729,0.10243807640836204,-1.2282322061987307,0.503127919681671,False,False
IHOZ,MHRM,0.19600883137212283,4.225105614290069,23.33348068723253,0.07297621189010987,0.19221891116740752,1.7019825040164254,0.503127919681671,False,False
RRES,SRTX,0.1970080660863459,-0.1651759203127104,24.380713976564834,0.07324385954788655,0.1391371547737971,-0.11096875372397147,0.503127919681671,False,False
ULXY,MHRM,0.19709035031096617,-0.10063076999365629,15.877988243842571,0.07361269094892929,0.07240953935761785,-1.9415664082249902,0.503127919681671,False,False
RTTH,HRND,0.19800066090178048,0.121516943618086,26.75605076726183,0.07379450074842774,0.12024081159076026,-0.8330468625356899,0.503127919681671,False,False
LSST,RCRI,0.19805754668277364,0.5499685567031694,37.838118203062095,0.07323083127560856,0.17316797922426286,-0.06838571601674379,0.503127919681671,False,False
HRND,ULXY,0.1981987787595466,-0.1688949972828485,15.18096826573159,0.07426485830238502,0.034784303443706394,-2.289303922628933,0.503127919681671,False,False
AENO,HRND,0.19880099552166997,2.6917163415182297,26.78369370493184,0.07407229440484005,0.10546908529435599,0.16947120316373976,0.503127919681671,False,False
AENO,FCSG,0.19886138683747928,-0.13758938780505303,23.83382990109495,0.07416233702601237,0.17851523375499825,0.12306563037801736,0.503127919681671,False,False
AMRP,HTRK,0.1994821225020469,-0.11467800807491957,23.930283303946666,0.07447016365536381,0.21213436412183842,-0.38357542092871205,0.503127919681671,False,False
ACAC,FCSG,0.19994613707036973,-0.26328933961849427,24.014434412050427,0.07468189581186394,0.1684815366435843,-0.18623428350093718,0.503127919681671,False,False
ANSO,FARS,0.20021756680172798,-0.7350745952460207,25.61690256978387,0.07453367654192543,0.10956506763684475,-1.3952902892091121,0.503127919681671,False,False
RRES,ACAC,0.20023854113672712,-0.6425478230237341,24.225308603510378,0.07482969358957944,0.12815604070992875,0.2477557737018846,0.503127919681671,False,False
HUXZ,DIHO,0.2005914367196887,0.04379059173220619,23.833125182413536,0.07502837433178712,0.15419943329620317,-0.6815019338324511,0.503127919681671,False,False
AETS,FARS,0.20072543508737822,0.07299221383895137,86.59668792017305,0.07356116795077279,0.19231780372883112,-0.8921560065622549,0.503127919681671,False,False
RTTH,NGTE,0.20104241335568507,0.05174859873582778,26.87890921912564,0.075272035600801,0.09188119707696786,-0.90360818994687,0.503127919681671,False,False
FCSG,EAFC,0.20126322375996336,-0.40443601300804666,27.091381984296113,0.07532697482402506,0.21984062012178276,-0.2488913936824465,0.503127919681671,False,False
LSST,RTTH,0.20144668755256329,0.17372013419314314,23.23906733593379,0.07547022729596353,0.12729804487404037,-1.0716931546819413,0.503127919681671,False,False
ALGO,LSST,0.20145727544576902,-0.3444307263869103,36.55165437872344,0.07488515598138872,0.4332102239900341,-0.7757010944194066,0.503127919681671,False,False
RTTH,CTGI,0.20161850027418166,-0.03265345144126164,26.259898882613573,0.07560390785018362,0.24228311155008425,-1.1290550624885038,0.503127919681671,False,False
LSST,CCNS,0.20164577800575206,1.2809544661364305,38.396639371025444,0.07497650778213699,0.09437332937219794,0.27137776682989007,0.503127919681671,False,False
HRET,NGTE,0.2027628131967525,0.41951116698078167,22.98420141087922,0.0760908809067265,0.21463621546146422,1.4364178347090892,0.5049269273942567,False,False
SMAH,RTTH,0.20430780786270325,-0.15134741764411483,23.226589802424442,0.07689712238914263,0.07173879803907464,-1.2672149162918003,0.5077825634014554,False,False
LSST,CTGI,0.20471259913856904,-0.14392870806883748,38.813329425960276,0.07646469019929478,0.11185860086791873,-0.36447895668538977,0.5077987624546216,False,False
ULXY,BLBT,0.2069882696362249,-0.15887461440303557,15.643977857607183,0.07852637827449105,0.12165271440957152,-2.072910218818446,0.5103510269261633,False,False
SRNA,AETS,0.20748927330547667,0.15123323970768182,28.339763931353414,0.0783112489376764,0.16407526476971773,-0.19452706482471202,0.5103510269261633,False,False
RRES,RCRI,0.20791294038898173,-0.19145837024075774,24.652509246496184,0.07858438406550727,0.3478764641394516,-0.5124313800392348,0.5103510269261633,False,False
AETS,HTRK,0.20844155563029376,0.06118570578034077,26.702574903976696,0.0787759194665667,0.16543827490932206,-0.06628772081410103,0.5103510269261633,False,False
SMAH,FARS,0.2085581799429168,-0.5410534348948349,35.664839631225234,0.07894255141413697,0.11945880351423685,-1.634215479425534,0.5103510269261633,False,False
RRES,IHOZ,0.2086334365978551,-1.2639839954547398,24.098268537013286,0.07894599983137457,0.08260665850181287,0.6039006737346202,0.5103510269261633,False,False
DIHO,NWIG,0.20884253910049572,0.023243014577605164,24.16446106650086,0.07908546773032293,0.1002749938196347,-0.9586227393327997,0.5103510269261633,False,False
SPLZ,FWWG,0.2089437145532998,0.1709949345826,24.806109337745003,0.07905125340022379,0.23417123666984477,0.3122181984625732,0.5103510269261633,False,False
RRES,ULXY,0.20951346128259968,0.08149144772396995,15.98383678689045,0.07974113119769355,0.10862648220432546,-2.0639847393552344,0.5107641742549036,False,False
ULXY,EAFC,0.21031747818672947,-0.1189132227719165,15.688978623968806,0.08020549989299108,0.15121722357931802,-2.1627446537971,0.510906993602692,False,False
CUBO,AETS,0.21099417868848902,-0.12659325870116173,28.36619184258369,0.08005912935681053,0.18984478890729503,-0.42669290938944443,0.510906993602692,False,False
ELLT,ITPA,0.21128364971146651,0.11585407087314491,24.62436461958664,0.08024303930088683,0.2981490787058303,0.4996881979955084,0.510906993602692,False,False
ALGO,EAFC,0.21128585049381676,0.6393661280679529,46.98248495737994,0.07668963465855518,0.4622934208411896,-1.125556555720669,0.510906993602692,False,False
RCRI,MHRM,0.2118804086645834,1.034529242960929,24.611737075001905,0.08052177629298446,0.18027994772297076,0.1359523272348147,0.510906993602692,False,False
MMBT,CTGI,0.21197631342417572,0.2397506208046084,24.566181182293068,0.08057003629424353,0.20255971260080124,-0.2678743753337929,0.510906993602692,False,False
DUCT,BLBT,0.21251538163962147,0.9959099511536909,28.969607531226007,0.08078153281733025,0.26738388843590055,-0.7921216428386029,0.5112398331896554,False,False
EORC,FARS,0.21304495668450962,-0.07143625150860783,85.96143035742809,0.12663076787363187,0.11202948620763133,-1.0836624115339997,0.5115486248074383,False,False
LSST,ITPA,0.21354920575769926,-2.661938477672758,27.06731286347167,0.08124339804113695,0.18338752233802294,-0.575416194698201,0.5117955589117793,False,False
LSST,NWIG,0.21472764627778934,-0.06589511532939166,39.4463083852292,0.08101665617742848,0.15146987640699974,-0.5689148625725894,0.5123074564130494,False,False
RRES,CCNS,0.21481601775048986,-0.18897221001804781,30.54367021345155,0.0822251925966157,0.10886161376373563,-1.1893264150697687,0.5123074564130494,False,False
RCRI,AETS,0.21496822680861288,-0.2869115124462351,25.431865138067884,0.08215245263008208,0.09694156833212197,-1.186694858795541,0.5123074564130494,False,False
ACAC,IHOZ,0.2170506628743516,1.1729751199960448,28.441075361359225,0.08325318561834638,0.2687475799345522,1.2087214790997807,0.5155317218421488,False,False
AMRP,RTTH,0.21722670710138914,0.6349573108364022,23.36773297403078,0.083275020505028,0.14078034061970407,-1.391624103698877,0.5155317218421488,False,False
LSST,ACIX,0.21786168975563264,-3.0400821362892305,26.066399052602545,0.08351466026064946,0.14823297411741038,-0.6403453944298549,0.5155317218421488,False,False
HRET,RTTH,0.21793850829248484,0.07534318403936277,27.43369086996055,0.08364362138900505,0.03983588023576264,-1.0914574566187323,0.5155317218421488,False,False
ALGO,DIHO,0.21905597476628658,0.09633841635014932,26.028948316000687,0.08409710038128454,0.42902685976518,-0.4657788964155573,0.5172154959759544,False,False
AENO,DIHO,0.22045113399356403,0.025358463314836016,24.515671552580464,0.0848576000050878,0.16032889716035037,-0.9514421429460945,0.5182933503016072,False,False
RTTH,AETS,0.22094216478379386,0.04167320717124795,27.881391412793686,0.08514704462166295,0.09237950545499325,-1.0748754415316797,0.5182933503016072,False,False
DIHO,ACAC,0.22094680586114973,0.04749483713997314,25.030134701121558,0.08508326966482782,0.13485274773745043,-0.737586221572969,0.5182933503016072,False,False
ACIX,HTRK,0.2212572330619525,0.25304536349807216,24.974000437479603,0.08520591793304333,0.2096451583089013,-0.341481777795948,0.5182933503016072,False,False
EORC,MDGI,0.22154500071715755,2.9192685642313903,32.486249644586856,0.07589022803359813,0.12480055336469255,0.1416856696815631,0.5182933503016072,False,False
DUCT,DIHO,0.22284541498827504,0.14222255602131983,24.933343948776663,0.08606708298752552,0.19189484928472939,-0.9512056498406164,0.5203807767583346,False,False
HUXZ,IHOZ,0.22355429556040923,1.0416726279325774,24.168760184744244,0.08649248771520274,0.28225768366365955,1.3874273675910467,0.5210817675311185,False,False
AENO,LSST,0.22472066235494237,-0.045088027861929024,40.32952060114611,0.08600528715329142,0.23956501062538285,-0.4937683376521295,0.5228446067564809,False,False
AGVF,GARI,0.22649946131904986,0.09805203989708518,21.00877426947289,0.08785707792578684,0.19687146385928295,-0.23829085173462505,0.526023339128941,False,False
LSST,CUBO,0.22699732109424786,0.05789216321141635,41.814638839483045,0.08708833533319021,0.2717094621140146,-0.5385968275542204,0.5261628333454238,False,False
NWIG,RRES,0.22749336183835905,-0.30081735294845446,25.11586363289941,0.08840355171706743,0.11804259815400998,0.790157266321748,0.5261628333454238,False,False
FWWG,FARS,0.2288920076350182,1.8067054623016274,41.33855317977496,0.08919703497923309,0.3112209613570626,0.5120433841570438,0.5261628333454238,False,False
ACIX,AETS,0.2289099851310682,0.8830989023121711,34.20726180188903,0.08905833199260094,0.2311967504080798,-1.0652984799723855,0.5261628333454238,False,False
SRNA,MDGI,0.2291795873910329,0.6864034683094944,41.69873531248727,0.08882838923951653,0.14268764292706237,-0.5288244193393994,0.5261628333454238,False,False
IHOZ,FARS,0.22935684974914794,0.33087531966315176,33.5198069561005,0.08251230294883621,0.14580386529178163,-0.6426689310870297,0.5261628333454238,False,False
LSST,SRNA,0.229462988254992,-0.02605216450409511,40.878609056729964,0.08883529737094081,0.3248330066253022,-0.45139395512246333,0.5261628333454238,False,False
OTCS,MSDP,0.22986093974384397,-0.9083218894624303,21.982087222282683,0.08996482501706643,0.1313182798342654,-0.013463810608591021,0.5261628333454238,False,False
CCNS,BLBT,0.23357529120871057,1.1969407730214696,28.772024118019868,0.0918254542797014,0.1615393324110829,-0.3434406100432372,0.5309928365624258,False,False
DIHO,FCSG,0.23371622169230472,-0.08299909130921468,24.89949127387905,0.09205874136662662,0.17876525171603444,-1.264718748370699,0.5309928365624258,False,False
SRNA,RCRI,0.23396170453759985,0.11895318158305893,26.0714842836331,0.09207022802604559,0.17509953362154174,-0.3065386866884284,0.5309928365624258,False,False
LSST,OTCS,0.23429204868289671,-0.5413625999267027,38.58508958705733,0.09162527499914846,0.20301251385055222,0.05823088231431607,0.5309928365624258,False,False
HRND,AETS,0.23464407237329393,0.33120630655397293,31.9821688511968,0.09234825883860431,0.14679213112631873,-0.44256094788831774,0.5309928365624258,False,False
NWIG,FCSG,0.23520010825068194,-0.12110848617290537,25.76940683170216,0.09270011939579809,0.10702529553077057,0.17776204412063748,0.5309928365624258,False,False
LSST,RRES,0.23521271750194855,0.0636611317554893,41.40126078982493,0.09169446078211818,0.10653539795873658,-0.45089924887714256,0.5309928365624258,False,False
CUBO,FARS,0.23530270796687885,-0.27542803252025294,39.71553369176496,0.09149376270392934,0.17342973684865706,0.19544707046820178,0.5309928365624258,False,False
ALGO,RTTH,0.23585769889513042,0.26935045282497627,26.523115244485684,0.09304711480844502,0.3709742136424469,-0.4271949003858095,0.5313048870870871,False,False
DIHO,CCNS,0.23662518421853135,0.15488786809624477,25.76584094235867,0.09348742070453292,0.09458420516334103,-0.8283123136947584,0.531994576090871,False,False
ILVX,FCSG,0.23705611877899263,0.42574521601246307,23.291884343423273,0.09384022553553745,0.12173626831188879,1.8240203151198837,0.531994576090871,False,False
MDGI,NGTE,0.23741561866329852,1.7716112926018879,35.25259245606534,0.09364375149058385,0.18131260383233008,-0.11402670339877613,0.531994576090871,False,False
ALGO,SRNA,0.2380869554977288,0.23062897765592458,25.206215472554813,0.09417201032338102,0.5124914435424038,-1.3123126838654147,0.5325629267712354,False,False
SRNA,FWWG,0.23903390362853177,0.1250342749290341,26.48484928163094,0.09470621907601351,0.27716198558841865,-0.6889611222811972,0.5336410623471868,False,False
AMRP,FARS,0.2394060295392869,0.3220515971793887,23.498291619310688,0.09505714522864372,0.08135359147421371,1.7480156569157876,0.5336410623471868,False,False
LSST,MHRM,0.23987449212603557,-0.03978681935651052,41.48597158848034,0.09414019454303496,0.1789746521363853,-0.39259221453240517,0.5337521421652623,False,False
ANSO,IHOZ,0.24072425626100913,-0.3562762420185347,27.57709219216212,0.09548857477748096,0.2546026047075804,-0.39775309386071456,0.53470980267036,False,False
FCSG,MHRM,0.24165453055186453,-0.8506070415400021,26.15265400632178,0.0960387002569949,0.2593493175036403,-0.3027840284072643,0.5356764883886569,False,False
HRET,ITPA,0.2423763956272657,0.13914471112665697,32.76010922801733,0.09622714076760158,0.12485191308042753,-0.06997429437041536,0.5356764883886569,False,False
LSST,SMAH,0.24241986964725887,-0.12421049238140024,41.16799034997131,0.0956960339821551,0.22883763311251915,-0.38891615485557574,0.5356764883886569,False,False
LSST,HETT,0.2440336000030227,-0.016161861365234453,41.69476589170027,0.09631968354452441,0.2962996424638847,-0.3811973305458488,0.5383094117713737,False,False
CTGI,ACIX,0.24581647675130908,4.046784028452299,26.373059622667768,0.09820374856171243,0.09982247938305625,0.25549006159489135,0.539512685683899,False,False
LSST,SRTX,0.24592543188328858,0.03731859753451527,42.46298752259187,0.09721819679632421,0.275104086892219,-0.06376338550523758,0.539512685683899,False,False
GARI,BLBT,0.2464343105505971,0.39882738464161893,26.320999030162234,0.09853077617852402,0.35432203406883683,0.36014112207294496,0.539512685683899,False,False
ITPA,FARS,0.24671259531639833,-0.19092420602213656,24.9602960631812,0.09877688832221981,0.2176566734811038,-1.297797319826576,0.539512685683899,False,False
CUBO,ULXY,0.24672418750015634,0.09221447210278774,15.911975471878911,0.09949982879720748,0.33445058328389193,-2.6016010762573214,0.539512685683899,False,False
SRTX,GARI,0.24711796740344866,0.045227648971105844,24.255948628325186,0.09849752846065796,0.19958060112099965,1.085907914288528,0.539512685683899,False,False
HRET,FARS,0.24825789706126294,-0.32561664221969155,66.0916716005865,0.09448088028823831,0.11053911262524395,-1.0977786637545208,0.5405783419102516,False,False
LSST,FCSG,0.24845404577208424,-0.10553301828528037,41.6089136130588,0.09867552706186605,0.13542376386616167,-0.3249621777569621,0.5405783419102516,False,False
SMAH,MMBT,0.2501015675491223,2.4211800039779963,26.762938739716592,0.10050405481857771,0.10817330512012337,0.8204148341988627,0.5418138943709653,False,False
CUBO,HTRK,0.2501294426791484,-0.011769059001979519,27.276204758279476,0.10043742324948352,0.3347785252393699,-0.0652540512371685,0.5418138943709653,False,False
NPCK,CTGI,0.25186931400472345,-2.874972922952179,26.10617585883955,0.10139144319624577,0.10376731158907468,-0.7197871859289044,0.5418138943709653,False,False
SRNA,IHOZ,0.25187396282632235,0.6325431068780487,25.26849332831128,0.10150342181606792,0.32457765035223785,1.231633009336161,0.5418138943709653,False,False
ITPA,HTRK,0.252298831155816,1.2685047827611564,29.875043097933492,0.10151911023324522,0.24710297615018187,0.022972221327040045,0.5418138943709653,False,False
CTGI,CCNS,0.2531458510492687,-2.4164383333879043,26.3880715134645,0.10205876678668152,0.06909604012915459,-0.8642427797987056,0.5418138943709653,False,False
LSST,ACAC,0.25328754370146556,0.06730035231405374,42.860564297760604,0.10116243402807523,0.32477939411276097,-0.24782256283216922,0.5418138943709653,False,False
CTGI,ALUT,0.25400307073424255,-3.302460016156063,26.769046441137824,0.10249395709056691,0.02373494506665779,-0.7461252557446817,0.5418138943709653,False,False
AMRP,HRET,0.25417363011893257,-0.1822562197595869,35.95719026443707,0.1021122913611136,0.12844076261883305,0.13895630104374965,0.5418138943709653,False,False
ALGO,MDGI,0.25435913121682624,3.448608470727008,41.23780681027643,0.1024096095794994,0.4263690556140507,0.11677452254663233,0.5418138943709653,False,False
MSDP,CTGI,0.25444264401321404,-1.548152215124826,25.89465122039965,0.10277447008048934,0.16700740978900672,-1.0098707840391299,0.5418138943709653,False,False
MMBT,ALUT,0.25471928493569995,-10.68735145611901,28.6831415296951,0.10281223459053429,0.01320786324817929,-0.6092809117219727,0.5418138943709653,False,False
HETT,RTTH,0.2547291655255007,0.10518744519866126,26.936970606027753,0.10297215604907739,0.1016650344706376,-0.9399018069960192,0.5418138943709653,False,False
LSST,ILVX,0.2554483692880883,-0.16696977742639865,41.3284247006385,0.10249614303267929,0.375325214702217,-0.3976316609340519,0.5418138943709653,False,False
MDGI,AETS,0.2558091552095123,0.030389118569567913,35.95267162125197,0.10342693376866896,0.16072466277388578,-0.9096813369551688,0.5418138943709653,False,False
MMBT,ITPA,0.2558211485578989,0.03601680603864034,27.175763224743875,0.10344348294949907,0.12258413642249169,-0.6941119525130576,0.5418138943709653,False,False
RCRI,HRND,0.25641372526346173,0.2576829102437622,27.478503941097507,0.10380235899241802,0.20071652079890778,-0.46151243148135845,0.5418431517347797,False,False
AETS,ITPA,0.25668491266494664,0.6058538958224176,35.99615817899095,0.10392472335671016,0.26445152480548595,-1.0901167313391074,0.5418431517347797,False,False
DUCT,MDGI,0.2572303770686639,4.154542726585673,41.711396394077795,0.10385538830209418,0.11405125682108504,-0.5968404447978631,0.5420970756405727,False,False
CUBO,SRTX,0.2578291032980419,-0.3339531082435826,27.194051818422746,0.10453262354515275,0.3527008211740147,0.12546622121152123,0.5424622222854841,False,False
OTCS,ALUT,0.2596956637765986,-0.24746339495527647,26.390099396437304,0.10557496168973568,0.12741178136520037,-0.8450986227012496,0.5439882126813979,False,False
GARI,MHRM,0.2599517351827879,0.6290266811712251,25.869534671847607,0.10583433333928222,0.31796403142379787,1.3518453599642895,0.5439882126813979,False,False
ALUT,GARI,0.2603112676858961,0.6377560076435074,31.40197250989481,0.10603627201830484,0.23713624702399422,-1.2259227964168078,0.5439882126813979,False,False
ELLT,ACIX,0.26048528725381015,0.09948256533981278,26.940774985316963,0.10597229862871127,0.27205846441115666,0.3038654367173071,0.5439882126813979,False,False
NWIG,AGVF,0.2608893831033777,0.6724267494563316,31.58160336486487,0.10592535391437091,0.17710472858698606,-0.1358219846766375,0.5439882126813979,False,False
LSST,AGVF,0.26111434208707096,0.03450615927878942,42.582677216907975,0.10534647451666868,0.13681488931525493,-0.2956173301627679,0.5439882126813979,False,False
DIHO,FARS,0.26221640919900596,2.8263912776118048,62.77696956618357,0.10618552188336422,0.19855236626367878,-0.40246307312944263,0.5453930207646536,False,False
CUBO,FCSG,0.26279855580240774,0.1545108964426015,27.132243593731005,0.10720150109162568,0.16083072373856125,-0.10685683228595243,0.5457136134333386,False,False
LSST,ANSO,0.2639173484474213,-0.2185772735833473,40.445172768327495,0.10707382587224284,0.18818014228497976,-0.347872737855831,0.5464376372184441,False,False
MMBT,FARS,0.26404937714377974,-0.1452394048518214,37.41914848723508,0.10783111499150672,0.04545957243001404,-0.8608591930994393,0.5464376372184441,False,False
DIHO,HRND,0.26443295855982746,0.06463914140313728,27.41490761126728,0.10816285210692633,0.23006953517461717,-0.89972468430996,0.5464376372184441,False,False
LSST,HUXZ,0.26559534708771926,0.08768156826954043,42.878194981334,0.10772142269308155,0.2659944980640243,-0.18574648049985254,0.5471528188074344,False,False
NWIG,GARI,0.26563732928768774,0.07550323805409007,28.36541209744684,0.10872185044870902,0.12513550245280672,-0.08144783097056595,0.5471528188074344,False,False
AGVF,IHOZ,0.2663312757940948,0.6290672219926227,28.00661086210172,0.10911194187707624,0.24244993621705632,0.3420192216231665,0.5476973816733401,False,False
ACAC,CCNS,0.2670016500834912,0.18967352615692168,26.746676528932912,0.10953331313801262,0.1472313986875288,-0.8063723024207052,0.54819179364968,False,False
LSST,FWWG,0.2674323103730299,0.18280317727778272,42.74285671401648,0.10873812040806552,0.18448017126120128,-0.27366482198033665,0.5481932407164197,False,False
HUXZ,DUCT,0.2681632201350669,2.613110267752135,41.18655971591102,0.11030530758025164,0.24702523203755714,-1.191584937219027,0.54880915838236,False,False
CTGI,HTRK,0.2699815003458213,0.023584462224690114,27.291757286683715,0.11110564421099134,0.1392958046122231,-0.5275128721724697,0.5509368527173989,False,False
OTCS,MMBT,0.2701112034500893,4.928449335753144,27.410250425685284,0.11115969994473002,0.016530617068367195,-0.9017153670916027,0.5509368527173989,False,False
NWIG,MDGI,0.27049919200085626,0.4591534814625935,48.617215376533,0.10610508777728367,0.11265093897906509,-0.7824253434272609,0.5509368527173989,False,False
ILVX,FARS,0.272258528678303,-0.7915603048837137,43.572946372579324,0.11246157397742618,0.2023520840369793,-1.803323472518134,0.5524350745762714,False,False
MSDP,GARI,0.2723206963727337,0.3887231991014293,23.870421027924607,0.11244771376599955,0.2742273256179213,0.9422375242913098,0.5524350745762714,False,False
ALUT,HTRK,0.27253463679096057,-0.14451085739057928,26.73403426150073,0.11253053758087916,0.21065501316448357,-1.0459402916724525,0.5524350745762714,False,False
MSDP,DIHO,0.2743684245603192,0.09516653589718818,27.43220066909294,0.1135481993097387,0.1897151714647215,-0.7506034525950996,0.5551210746628431,False,False
CTGI,IHOZ,0.27498101996441215,-0.3459115685003761,28.45653352449653,0.11379642191323097,0.0898373803884424,-0.20433667509477735,0.5551210746628431,False,False
LSST,EAFC,0.27539055633704146,0.14059877953491612,42.967219648003336,0.20516191745679185,0.14204951553931816,-0.19592597466319925,0.5551210746628431,False,False
CTGI,FCSG,0.27560128647967036,1.5743820216716302,28.14481654703592,0.1141554838778353,0.09900938855988423,-0.45364772653626767,0.5551210746628431,False,False
NWIG,HTRK,0.27736347214651813,0.014828755688076182,28.99829116199646,0.11511554996548662,0.27703579192615374,0.056017285959272856,0.5567363017890765,False,False
DIHO,ALUT,0.2774232753715824,0.2136349281692307,27.75071276070432,0.11526096683313142,0.2006870118286476,-0.9276714495806422,0.5567363017890765,False,False
ITPA,FCSG,0.27771316701008053,0.3009695419272719,29.39209981761029,0.1152630586446432,0.2319499143630992,-1.1221273428030965,0.5567363017890765,False,False
ALUT,ITPA,0.2810120691719604,-0.3319958648305185,36.35783984496167,0.11679977664120561,0.23067252058187884,-0.8097674496708824,0.5616563348376569,False,False
HRET,RCRI,0.28123808465081884,-0.11555673797138369,28.140628833553873,0.11737823183400353,0.14263112678382883,-0.9465943145145712,0.5616563348376569,False,False
ALGO,HTRK,0.281488939577461,0.11622532001810565,21.342123401536007,0.11779349190004423,0.4852696819976695,1.6141949065056156,0.5616563348376569,False,False
HRET,MDGI,0.28208888884948924,2.506621718100362,37.604652322662446,0.11746537529695061,0.10885240025641679,-1.1321872990844781,0.5619739582548419,False,False
HRET,DIHO,0.28300618029130914,0.07505772674925767,26.703532238994818,0.11849684999850035,0.2197254430990148,-1.5382273991782505,0.5620627194770357,False,False
SRTX,FCSG,0.28301511051314265,-0.05606208166542916,28.291064193485454,0.11825457272070405,0.22941375516280488,-0.12308440091402494,0.5620627194770357,False,False
ALUT,MHRM,0.28360231136551695,0.46828621591825215,29.381961345866888,0.11857588369067723,0.22857496857504747,-0.20547983348968377,0.5623529502193377,False,False
HRND,BLBT,0.2851703130491542,0.46371496706246307,37.227868347015416,0.1192840262970522,0.1925973122101154,-0.6024160337281246,0.5637277567386567,False,False
DUCT,AETS,0.2852212297356035,0.6184527074585471,34.10117837694332,0.11947188048883556,0.2242894795313957,-0.5691163276973412,0.5637277567386567,False,False
ANSO,ITPA,0.2856220634142528,0.15809112863983937,29.472754757869893,0.1196666483729314,0.1690529589410793,-0.4361712869445198,0.5637277567386567,False,False
HETT,RCRI,0.28607120709259104,0.12255454909791987,28.936067934686662,0.1200362993743368,0.16420444007375684,-0.7418208955971716,0.5637415595719529,False,False
AENO,CTGI,0.2866610352973258,-0.31702763532877665,28.18012505964894,0.12030241622865645,0.12378345211593335,-0.6184636472062877,0.564032129635942,False,False
LSST,DIHO,0.2891003558448808,1.586052914384494,43.25787617733637,0.12066449121054046,0.20781836802592388,-0.13584288327455393,0.5679552445334716,False,False
DUCT,HTRK,0.2906026799372812,0.13105419841333743,25.09630837171256,0.1224535738425796,0.26531759430409035,0.3285795021021137,0.5691531020568982,False,False
HTRK,EAFC,0.2906028779914045,0.03746074682163206,30.265472982639693,0.12249097802668757,0.21466835856272368,0.08079761556131446,0.5691531020568982,False,False
LSST,AMRP,0.29151417897311205,0.8284975647897336,44.78989048481934,0.12240976364911932,0.20521589476313176,-0.4497269044657281,0.5693911692097081,False,False
CUBO,MDGI,0.2916175948972074,-0.35307306788382314,50.55029079384575,0.1180504579445723,0.14667483310163762,-0.8696147828148686,0.5693911692097081,False,False
OTCS,SRTX,0.29311057605600166,-0.09450274606864695,30.531101481133792,0.12388971983697006,0.17735605244829064,0.03215612026925371,0.5712545487975326,False,False
RCRI,HTRK,0.293468023107752,-0.5145242724162191,28.608563687377398,0.12424176812412002,0.1682974218241671,-0.9299574588370709,0.5712545487975326,False,False
ELLT,NGTE,0.296153680799668,0.8819833486767307,35.70245303284836,0.12467979424629749,0.16942067492957824,0.8797572557448533,0.5756035716761839,False,False
AGVF,ACAC,0.2969065502778438,1.5171857889013296,25.132451217007397,0.1260348773457774,0.14599282977981304,0.6414967176412393,0.5756296262817734,False,False
ELLT,EORC,0.29707003458306425,1.4493112521459068,33.62632505783829,0.12627918313518394,0.17071775136068792,1.2435197994652254,0.5756296262817734,False,False
HTRK,MHRM,0.29849857199839325,0.06868487151628785,30.479367149405746,0.126975000859348,0.16384275677109505,0.02724549865040652,0.5760800346035132,False,False
LSST,BLBT,0.2985067724215622,0.3942065308598403,44.10535246615499,0.12619147520578422,0.16852797050817347,-0.10095322875603166,0.5760800346035132,False,False
AENO,HTRK,0.29865796303758607,0.013446246422556488,30.280046682933015,0.12706964927198644,0.2955363328103634,-0.0323231222754775,0.5760800346035132,False,False
NPCK,DIHO,0.29960718370018663,0.1570706642697502,27.88534206463854,0.12776662209180062,0.14268101206312428,-1.1048067294751336,0.5764253939141278,False,False
ELLT,CTGI,0.2997412048353465,0.5790297082861926,28.682344490871337,0.1277514788520569,0.2171649226396266,0.5192523693403691,0.5764253939141278,False,False
SRNA,CUBO,0.3001995757548406,-0.7260366701824865,24.308241006515395,0.12804927782446152,0.3414287544081975,0.5694987631135865,0.5764374383846713,False,False
RRES,HRND,0.3016007592116019,-0.908640590817708,30.18999208430479,0.12879960304760113,0.1470731090758564,0.5369857445332731,0.5773337789792777,False,False
MDGI,RCRI,0.3020537211237332,-0.04010938887209911,27.978672492628952,0.12918640285709687,0.17407683517366387,-1.1554858445508485,0.5773337789792777,False,False
SPLZ,AETS,0.3024772518951472,0.1664294941634079,34.123826746552645,0.1292077588186184,0.233005093925451,0.018978116403423787,0.5773337789792777,False,False
SRNA,ELLT,0.3027261276592541,0.2850221053528501,56.84922121620058,0.10515049923515452,0.18339739161266935,-0.026487396004790706,0.5773337789792777,False,False
CCNS,FWWG,0.3032005002242757,0.500546009864859,38.00024755429625,0.12998373461857454,0.17443081484483838,-1.0910951504506339,0.5773337789792777,False,False
GARI,ITPA,0.3033832407185224,-0.48505603991274454,29.985468263813853,0.12974659651093828,0.298498513591418,-0.9396672018836364,0.5773337789792777,False,False
CTGI,AETS,0.30659850108316106,0.07433148466621367,36.836869983269736,0.13174781930870827,0.15269582463395584,-1.152874654497516,0.5825828448301495,False,False
HUXZ,HTRK,0.30884708590776166,0.023035212958708532,31.031280973894496,0.13295196217520538,0.30592477317068084,0.10808628469784515,0.5839728586178026,False,False
RCRI,NGTE,0.30891935434234663,-0.03544928013978425,29.28413107417047,0.13313726408541676,0.14265555561300958,-1.0064210547330021,0.5839728586178026,False,False
ANSO,AETS,0.3089831325907617,0.12578194418819066,37.55293106954382,0.13313222234400296,0.12914491462691077,-1.1686642004831105,0.5839728586178026,False,False
DIHO,RCRI,0.3091621016211896,0.9954343618495539,29.723025279103062,0.13321400350304846,0.22196670484376327,-0.6649078975865244,0.5839728586178026,False,False
NWIG,AETS,0.3096274904181215,0.08878950295298615,35.111368174990865,0.13342536683339168,0.11071658954383554,-0.6363985946747902,0.5839867607738238,False,False
FWWG,AETS,0.3101874207300237,0.8088291156664615,33.43445778243916,0.13373360890373986,0.2169523708566158,-0.3133922480136208,0.5841786727190255,False,False
EORC,RCRI,0.3116381012233336,-0.09293936057317766,29.1050802937177,0.13474631945352944,0.14462739970945002,-1.106158207412814,0.5853252228120762,False,False
NWIG,CTGI,0.31188680021746495,-0.2594529498373313,29.92900841293935,0.13472773906851515,0.08621760190325581,-0.5272798313091017,0.5853252228120762,False,False
MDGI,ITPA,0.31217345216644066,0.04320753738456996,33.3074379256853,0.13497289000301282,0.3203045504614072,0.783996843709216,0.5853252228120762,False,False
AMRP,RRES,0.3138802621193584,-0.21782565574621965,32.95354257694983,0.13587470632573534,0.08594077945189042,1.5546871233773902,0.587013630279235,False,False
SRTX,AETS,0.31399474184348103,0.0391122464480307,36.71260796779522,0.13592460023697978,0.16988408774274624,-0.4946044354427537,0.587013630279235,False,False
NPCK,FWWG,0.3145544455733051,0.9179984584113333,28.122858630547206,0.13647064237723244,0.2092358634393297,-1.1975378388623605,0.5871990016192739,False,False
ALGO,RCRI,0.3164973841230142,0.18110715992161347,30.617443670331507,0.1374909047614326,0.46790723265984746,-0.566675098788348,0.5899622291766712,False,False
GARI,CCNS,0.3171722448558109,0.5572817364606515,30.85771889828981,0.1378370031141527,0.19213888543213017,0.2786769377529992,0.5903570980892832,False,False
CTGI,BLBT,0.31850794996952414,-1.252576041230167,29.68220824661279,0.13865386578565386,0.18255054442063995,-0.5897605554637858,0.5919790615322787,False,False
DUCT,FCSG,0.32141087915355115,-0.6238197364174871,30.084466757462852,0.1403732723450648,0.1855153784367482,0.3250185363376031,0.5961086157893692,False,False
MSDP,RRES,0.3216648844416361,-1.2766598373338987,30.041978718524838,0.14052798905583047,0.2286957635641137,0.2994090024959759,0.5961086157893692,False,False
NPCK,MMBT,0.3229348006817494,-8.955458295919403,30.477315283654917,0.14123668656113897,0.051877536634445165,-0.5203222903900178,0.5972269602653241,False,False
CTGI,FWWG,0.3232325443767665,-1.6050337623258724,30.16213720361367,0.14144266738607347,0.11082005789192076,-0.5676148605842262,0.5972269602653241,False,False
AENO,CCNS,0.3236735917986972,0.08415031612465355,36.47667842374726,0.1421246167148631,0.13760339764274435,-1.299887961551151,0.5972269602653241,False,False
AGVF,HTRK,0.3247766055532758,0.009216319772502184,31.430317622921898,0.1423278292442569,0.1807632646602505,-0.23746243110143883,0.5983962024283622,False,False
AGVF,FARS,0.3262473894579587,0.3070345970287721,43.091207053895644,0.14204869966498906,0.11596323351530899,-0.07372925824786276,0.5997871713336141,False,False
IHOZ,AETS,0.32711015869247817,0.1183436634006339,36.16635697364373,0.14381887269864985,0.17655785409762606,-0.9312750241157248,0.5997871713336141,False,False
OTCS,FWWG,0.3272157918713049,-0.4124609420324177,29.96263867988936,0.1439259700405504,0.0865159806644007,-0.8915552749199556,0.5997871713336141,False,False
LSST,HRET,0.32741323235152586,-0.3083250487697473,37.05568579589338,0.1438407818630023,0.1839493860719734,-0.451744741455667,0.5997871713336141,False,False
CTGI,SRTX,0.3294156273459897,-0.1061546629759226,31.04806593353023,0.145110125526278,0.1539601415923117,-0.5765056927328248,0.600454237292729,False,False
HETT,HTRK,0.32993363804580833,-0.017545177163630476,30.748504126753396,0.14544475958742087,0.25172187546144603,-0.6296334476554876,0.600454237292729,False,False
ALGO,HRET,0.33018430407064236,0.8511356105251027,27.11925109695179,0.1458241344930441,0.37128293626706643,1.822303178696396,0.600454237292729,False,False
HUXZ,AETS,0.3303740204977529,0.14968089417440816,35.568086201338595,0.14570369575088488,0.09569238192555633,-0.5197089501526356,0.600454237292729,False,False
DIHO,GARI,0.330611669241173,0.19253990850081337,29.353959824461494,0.14602534021421548,0.22401146148299028,-1.1721234351729124,0.600454237292729,False,False
SPLZ,RRES,0.3316094370764642,-0.3866286025459047,30.75710575569299,0.14646543356290342,0.20543443426880734,-0.04936264333263043,0.600454237292729,False,False
ALUT,FCSG,0.33179502527463955,-0.9590912087922653,30.80580799214521,0.14659427991368384,0.1657868473967707,0.31480881366764474,0.600454237292729,False,False
AMRP,ALUT,0.33184958608986226,0.864715813377599,37.23061630277606,0.14647462666037447,0.1202960072555309,1.4408425188126046,0.600454237292729,False,False
ACAC,AETS,0.3320158723853913,0.17089223377371282,36.84422503194847,0.14668960772716527,0.14903147485958035,-0.5301526743340805,0.600454237292729,False,False
CTGI,MHRM,0.33267649565926516,-2.2442199343268965,29.44597663686071,0.14718454720778673,0.07473430714641005,-0.9989374351972338,0.6007967874866332,False,False
GARI,EAFC,0.33383226406322486,0.28989324511380576,25.648482842771614,0.14802819425263297,0.2407794182842062,1.0839929783050022,0.602031310722223,False,False
ACIX,NGTE,0.33533241923825235,0.09290995762559197,37.018959470381056,0.14868636400041113,0.2427623385609456,0.8574516316252264,0.6029172540414863,False,False
ITPA,NGTE,0.3353432976013202,0.0893417891413858,36.049672511085134,0.1487184402961868,0.19192869835967072,0.7410952223837464,0.6029172540414863,False,False
LSST,ALUT,0.335742157152514,1.8618711444738385,36.23366713209854,0.1488199549584054,0.05148043459520435,0.22731661609855122,0.6029172540414863,False,False
SMAH,ACIX,0.3363072266732541,0.11254485237513034,31.498549876998155,0.14929450317649962,0.19888306628993913,-0.3222317823046034,0.6030825794773544,False,False
AMRP,CUBO,0.33806949560780947,-0.08574769810525154,36.44256865002262,0.15028159683043335,0.252938359356702,1.312086739934901,0.6048942101109714,False,False
CUBO,ACAC,0.3382663308306844,-1.3872679168752169,23.560476875055446,0.1505717130505299,0.2842916113341947,0.3581982137950172,0.6048942101109714,False,False
HRET,ACIX,0.3399721184110579,0.1327835682666026,35.42514215242816,0.15073088934987006,0.14448980197480127,-0.16265201089947615,0.6059209713178092,False,False
ACIX,FARS,0.3401271210377439,-2.5706818197457357,41.6326779776414,0.151824560607546,0.2655769087749828,-1.4588586568786364,0.6059209713178092,False,False
AENO,AETS,0.34117494498880074,0.09298861355031686,36.445450984179246,0.1522998209574889,0.1905711404556683,-0.6499985386621198,0.6059209713178092,False,False
BLBT,HTRK,0.3412174669773463,0.024248199194327566,32.11044189525938,0.15228480009991752,0.21853623512773823,-0.27097349667487886,0.6059209713178092,False,False
RRES,HTRK,0.3419252344929763,-0.008070373068120432,31.766766877125857,0.1527313403784442,0.1094506166314355,-0.34229966134613077,0.6059209713178092,False,False
CTGI,NGTE,0.34192731321652803,0.5430060380558765,31.41618744954599,0.15285839991933314,0.17921277916447914,0.8750281444257256,0.6059209713178092,False,False
MMBT,ILVX,0.3421671367441746,3.3677087113585813,31.542226329056806,0.15300612007197484,0.12999145276451463,0.8770599380611416,0.6059209713178092,False,False
CUBO,CCNS,0.3432319551321554,-0.08950940657094725,29.811675661083562,0.15370705975890198,0.12561105105514186,-1.1198443865609773,0.606454554816894,False,False
HTRK,FARS,0.34375666275587946,-0.032122432023564365,30.56483538349771,0.1539414528727917,0.13409796192805115,-0.7520036210967106,0.606454554816894,False,False
CTGI,EAFC,0.34458355937988,-0.9527354078947257,30.44678813548587,0.1544336530991407,0.09453756208365201,-0.8351887769011792,0.606454554816894,False,False
MSDP,HTRK,0.3449403523236625,-0.038898200092079116,30.548948022567984,0.15465438154712713,0.24762187916583378,-0.8762288823740807,0.606454554816894,False,False
SRTX,HTRK,0.34551969707267666,0.0058229552734705425,32.3055116323531,0.15495788837668023,0.2691487388056972,0.09857780566006835,0.606454554816894,False,False
MMBT,HTRK,0.3455615386910029,0.010894192850956878,26.160196673758737,0.1550792504908734,0.07895480896122885,-0.7463913641819829,0.606454554816894,False,False
RRES,ALUT,0.34627458975555,-0.13865006405215863,30.344178052454193,0.15551776288451769,0.03187982483705566,-0.9168030289901685,0.606454554816894,False,False
OTCS,RRES,0.34668810455343635,1.1647735693959296,38.038947797724795,0.15574768175701248,0.0832167359014268,0.6451679928283955,0.606454554816894,False,False
MMBT,FWWG,0.34681538345086793,-6.217035010124597,32.23484901994715,0.15573971622289812,0.13312343410033928,-0.556744855846073,0.606454554816894,False,False
OTCS,IHOZ,0.3472249607971236,-1.8622221829674879,31.33486654787402,0.15605164601013194,0.1977671953825612,0.39837569704441966,0.606454554816894,False,False
DUCT,CTGI,0.34945990287119844,-1.0197470215916498,32.51460012933808,0.15737192466856553,0.13936990726047024,-0.30128219362060443,0.608288787780696,False,False
ALUT,ACAC,0.3495170214117097,0.11560563512775784,36.325610320838436,0.15754856089788216,0.1541167122288047,-0.7075266974783961,0.608288787780696,False,False
EORC,HRET,0.35009015092740564,0.6618965137232558,24.145476207786608,0.15812776986504812,0.11561550723797491,1.634296967578825,0.608288787780696,False,False
MMBT,SRTX,0.3508535758581184,-0.398774567492696,38.35009125567207,0.15751928803958143,0.10691926670970271,-0.5190380601526999,0.608288787780696,False,False
CTGI,HRND,0.3510339087412519,-0.5094056717329498,32.82888169530068,0.15834274026819356,0.08081309531524862,-0.3401726291132346,0.608288787780696,False,False
NPCK,EAFC,0.35113768455419,1.7077843696945179,45.81970984798897,0.16052605360776573,0.22572982861364646,-1.900253530885811,0.608288787780696,False,False
HETT,DIHO,0.35187041945009967,-0.07296261166512578,26.705268661492223,0.15947873744547414,0.20427548219392558,-2.334064245588175,0.608731051287486,False,False
SPLZ,HTRK,0.3523860062795058,0.00627144160901513,32.55776822958856,0.15921264092738163,0.18664344344109748,-0.21318435619818563,0.6087969620682518,False,False
DUCT,RRES,0.3538198526101627,-1.703026556418232,31.558160965413588,0.16022884591402253,0.12461336016013287,0.8131597665378478,0.6098890650360839,False,False
IHOZ,ITPA,0.35452942851864894,-0.04205127563175342,36.589713071783564,0.16039219887721712,0.157339234075257,-0.4792542417282902,0.6098890650360839,False,False
FWWG,HTRK,0.35456040206253253,0.07255953215210187,29.915198426863135,0.16044579317281188,0.15177762868056394,-0.02044051160979668,0.6098890650360839,False,False
CCNS,HTRK,0.35493151863276406,-0.040336652024966335,31.64056072206332,0.16084508709798512,0.1649739159650687,-0.6993704779822488,0.6098890650360839,False,False
GARI,HTRK,0.3574933109745543,-0.03237939005035418,32.042779195631724,0.1624435417142568,0.2742959731290627,-0.5534634236991267,0.6123670894233311,False,False
HRND,FCSG,0.3580887403882897,-0.3007500704296841,32.48187625198152,0.16281764452581593,0.1791084123695912,0.25230570780453454,0.6123670894233311,False,False
AENO,GARI,0.35846455968509316,0.0863017836264682,25.622118754577425,0.1629343977328399,0.22909814207711002,0.028851316580598606,0.6123670894233311,False,False
SRNA,EAFC,0.3590198017751481,0.2343813581514441,35.5353792109473,0.16366721178781712,0.19204332168328003,-1.4141963325143183,0.6123670894233311,False,False
AETS,BLBT,0.3599967387178159,0.5517876429124705,35.57413778564327,0.16403137689155423,0.22042511487768351,-0.4104111527442926,0.6123670894233311,False,False
HUXZ,CTGI,0.36029695596908584,-0.2697537926315751,32.74530189114813,0.1641843421493987,0.19948051191445568,-0.35086640055385654,0.6123670894233311,False,False
EORC,ITPA,0.36052770097057996,0.13779423414934672,36.43623424821875,0.16437978412725573,0.13461585663925488,0.83140645895706,0.6123670894233311,False,False
NPCK,HTRK,0.36164568950176257,-0.03943507641364728,32.03891383342961,0.16508129419632894,0.2982113699332605,-0.6203171782833871,0.6123670894233311,False,False
ALGO,MHRM,0.3618112279703547,0.29649403606103136,41.96405534091945,0.16407320466867542,0.42008185012381555,-1.2813761719497916,0.6123670894233311,False,False
ANSO,FCSG,0.362144984940022,0.32349674001222795,30.35364233612374,0.16554457460308708,0.14920202207970565,1.2049605260527463,0.6123670894233311,False,False
HUXZ,NPCK,0.362442697837146,0.1892591166277081,39.376142827040205,0.16550512651228766,0.20701335875356608,0.4595794542650279,0.6123670894233311,False,False
AETS,MHRM,0.3627590531822349,0.8232771777910102,35.63415628410891,0.1657448667747803,0.22047539869676863,-0.129817137267877,0.6123670894233311,False,False
GARI,ACIX,0.36322223748971383,-0.3142782992338263,38.400466968552436,0.16596333246933387,0.3464940578789407,-0.8052145306131161,0.6123670894233311,False,False
ALGO,CUBO,0.36325408204712967,-0.1592135104820111,29.5595286407322,0.16623219579681225,0.5231704318959408,-1.4782224162799769,0.6123670894233311,False,False
CCNS,FCSG,0.36357795034781304,-0.6307803443091782,32.49323186348837,0.1663157160099879,0.21215476777848732,0.2876471842435936,0.6123670894233311,False,False
AGVF,AETS,0.36618972453055654,0.11632043513332721,36.59454611724558,0.16800908052092134,0.17796673711625766,-0.6787088207129328,0.6153322989339285,False,False
NGTE,FARS,0.3667735175805159,-0.07411243861948585,88.18937511466213,0.15978074577547535,0.1608712077904361,-1.1490804076159775,0.6153322989339285,False,False
HETT,CTGI,0.3667863115214005,-0.158980251464584,34.33061286704935,0.16829936012294489,0.17047554118026997,-0.03222141865344121,0.6153322989339285,False,False
EORC,CTGI,0.3677767547742137,0.7390960151831657,32.67637824631055,0.16908492392554575,0.12844039416570752,0.8261661425344446,0.6161831305349835,False,False
HUXZ,SPLZ,0.3691087415972267,0.6315782921859461,33.530712863336824,0.16993171560956344,0.16964229855912377,0.07706336540620054,0.6168117223535199,False,False
AGVF,CTGI,0.3691194856123417,-0.17882363830143966,33.29706553915962,0.16982132776778308,0.15914961448065426,-0.21725834060259686,0.6168117223535199,False,False
OTCS,DIHO,0.37001824948581086,-0.03675107040827977,31.41950513875947,0.1706425355540649,0.10021936489271903,-1.264296683025498,0.6174656738101234,False,False
AETS,FCSG,0.37084551833800783,-0.12381552001482016,38.975635542703564,0.17106550337168291,0.18544717211713468,-1.0179841610275018,0.6174656738101234,False,False
MSDP,BLBT,0.37120231513212354,0.7628212252531452,35.12715463473903,0.17113122792006313,0.2939803705674563,-0.07534365141246975,0.6174656738101234,False,False
ELLT,DIHO,0.3729834083334318,0.012432111151133823,32.403005666467735,0.17263975666018633,0.18049801346320218,-1.4432869497827001,0.6174656738101234,False,False
SPLZ,CTGI,0.37306060255342083,-0.20635684965297765,33.515787433308724,0.17235504450884093,0.1189207598677431,-0.44886534981800186,0.6174656738101234,False,False
CTGI,ACAC,0.37392072575342583,-0.2699284129718931,33.96646100739207,0.17290579061704225,0.12209192334532686,-0.29169181816913653,0.6174656738101234,False,False
SMAH,GARI,0.37482307900067646,-3.820830378613492,30.257971418474533,0.1736965525631336,0.21205341983764042,-1.480995854137209,0.6174656738101234,False,False
EORC,BLBT,0.37536282517490255,0.27214384823937754,57.338121085496724,0.17005890788865236,0.13846139998524665,-0.8267050252780472,0.6174656738101234,False,False
ALUT,AETS,0.37568008770764677,0.37000637955098226,40.198270200666606,0.17414417759967926,0.15075826365883901,-0.89274515896449,0.6174656738101234,False,False
ACIX,ILVX,0.3758087401688965,0.162052988830291,33.919138910134976,0.17414517298670712,0.2852693745645222,-0.24780042545171663,0.6174656738101234,False,False
ACAC,HTRK,0.3760826689471155,0.026849416215130886,31.06751475738727,0.1742243572495193,0.3324165416628708,0.10903939381263573,0.6174656738101234,False,False
HTRK,FCSG,0.37652496714732475,0.030719016946573238,32.98865103389096,0.17464376229305095,0.11278457767515956,-0.6193417065184829,0.6174656738101234,False,False
NPCK,ITPA,0.376686183988065,-0.4460984984067559,32.28844374614418,0.17472013733814173,0.16792492460877945,-1.223460525995263,0.6174656738101234,False,False
AETS,ILVX,0.377102886109928,0.026171209302038333,40.26422987587211,0.17513765304263773,0.17917648776948025,-1.1078683841042924,0.6174656738101234,False,False
HETT,AETS,0.3771643910320466,-0.4051459916072985,32.89134357166903,0.1755870396137429,0.13032937837268882,-1.9294595560076555,0.6174656738101234,False,False
SMAH,AETS,0.3772594195279107,0.019380827789787024,40.29969421122498,0.17524062855250244,0.11835568659642218,-1.1108115390692102,0.6174656738101234,False,False
MSDP,MMBT,0.38018190432608573,-5.2797955435374,26.435494281378944,0.1780242993781424,0.13379170399769238,-1.133250435370569,0.621451189763794,False,False
CUBO,CTGI,0.3813551683215999,0.28958174576017415,33.71050147507381,0.17777210839847846,0.18406594313696006,-0.5729264978825007,0.6224527537972508,False,False
ANSO,HTRK,0.3821070870170224,0.012525933298889404,33.449533969872384,0.1782851685538936,0.22359602435155737,-0.4839367993001737,0.6224527537972508,False,False
OTCS,AETS,0.38225922056725287,0.07140468859145671,40.42697143675801,0.1785617461208328,0.09111047531401065,-1.2300485810796609,0.6224527537972508,False,False
SRNA,FCSG,0.38359416115949296,-0.1054816508007463,33.47343973556218,0.1792748744212569,0.1368270530556682,0.22876148252923034,0.6236277620837777,False,False
RRES,CTGI,0.3841860109404114,0.8969228037602008,32.800721277907364,0.17968724278820258,0.3395718847778715,-0.8841273627466814,0.6236277620837777,False,False
HUXZ,NWIG,0.38518426829131036,1.5225246139145665,38.13566671384274,0.18033566743373175,0.21671372882376258,0.1855551119730057,0.6236277620837777,False,False
SMAH,DIHO,0.38555013469099053,-0.02323418757012675,30.832318263191045,0.18090447335578386,0.19874503616770783,-1.6295223564909993,0.6236277620837777,False,False
CCNS,AETS,0.3862050942842384,0.16245447320371892,40.68917329197141,0.1810726411831896,0.13942173162226737,-0.9604515743145235,0.6236277620837777,False,False
DIHO,CTGI,0.3864851937883161,0.2863368946975665,35.436563227698976,0.18113357599523416,0.11036665040343235,0.08668698714905013,0.6236277620837777,False,False
SRNA,CTGI,0.3868859190214531,-0.04584732424029736,35.19056415618472,0.18139448477527398,0.13375795147470781,-0.04596661363840594,0.6236277620837777,False,False
SRNA,BLBT,0.3868937723986417,0.17086454317108402,38.63430299270156,0.1813802790118112,0.24465252885434985,-0.5276706025793959,0.6236277620837777,False,False
HETT,MSDP,0.38842007916998966,0.3104164390195163,48.687147635910506,0.18207489754823653,0.21651272228669508,-1.0495050722630628,0.6252974759365364,False,False
ALUT,BLBT,0.38994438904842904,1.5076009871516294,40.37100558576868,0.18342074440567452,0.2946006862520556,-0.671567814416259,0.6269597680160744,False,False
AENO,MDGI,0.39090903899790197,0.409504467678139,52.27963306832619,0.18361364017106935,0.20775765382566896,-0.8484180535000241,0.6276993674355587,False,False
GARI,ILVX,0.3918890772837533,-0.21582627082411115,29.568271413795618,0.18640211757044828,0.30789279261520913,-2.1613063791041585,0.6276993674355587,False,False
NPCK,IHOZ,0.39246412349310283,4.1679635363779735,34.80428818851323,0.18516574084713494,0.32459121116576073,0.3754572007934299,0.6276993674355587,False,False
MSDP,ITPA,0.39289405886233053,-0.2087067620254889,33.64805238707592,0.1854115445875954,0.3109205323310589,-1.3083304984276847,0.6276993674355587,False,False
AETS,EAFC,0.3942798741581044,0.3899949519541998,37.86673670975038,0.1863273176198626,0.3169390663447093,-0.17435378799225262,0.6276993674355587,False,False
AENO,ACAC,0.3946597878354715,1.6565611958485325,47.71097695742889,0.18664577895232642,0.33775534134752366,0.21697080418960235,0.6276993674355587,False,False
HETT,MMBT,0.3952894117022027,-1.4511834319351529,42.12974091924487,0.18685203201336004,0.1412185565877781,0.13910696741163672,0.6276993674355587,False,False
MSDP,AETS,0.39552172383884726,0.15883858598478529,41.0149675748251,0.18725500844141202,0.21571041025117443,-0.847877012758957,0.6276993674355587,False,False
CCNS,IHOZ,0.39637490307102097,0.10300421904432674,38.79396328801433,0.18873008313485662,0.14248413026959064,-1.836111435890801,0.6276993674355587,False,False
SMAH,HTRK,0.3966646066639677,0.038128378979763164,29.258813234297907,0.1879918032008958,0.3083879385277647,-0.451693710687665,0.6276993674355587,False,False
OTCS,HTRK,0.39708897300147783,0.040748557595949454,33.338572050594394,0.18830282784729524,0.21628764270344203,-0.8617866611833566,0.6276993674355587,False,False
EORC,FWWG,0.39745927078596477,0.23029908626975243,41.24048408960872,0.18848902307631982,0.18035992154093924,-0.8167416947602457,0.6276993674355587,False,False
HUXZ,GARI,0.39851061090955286,0.13549719648237135,34.2267193435509,0.18920362868327256,0.28332664758772674,0.3925847630044627,0.6276993674355587,False,False
MDGI,MHRM,0.3987964721628212,1.7651230721782398,53.24403361433176,0.13467884798418356,0.1780827338285694,-0.8458323853834857,0.6276993674355587,False,False
DIHO,ILVX,0.39947562832089756,-0.03266362516391588,31.473991698421337,0.19023343783772556,0.2601556276530076,-1.6484446545672053,0.6276993674355587,False,False
AMRP,AETS,0.3995329215918308,0.030377405800489414,41.03224793259951,0.1900531320406197,0.18587368374634883,-1.1204740609097503,0.6276993674355587,False,False
DIHO,MMBT,0.3996425116099174,-0.0051192929799218235,32.09328057980002,0.19028401299683173,0.09852777815156877,-1.482770098744004,0.6276993674355587,False,False
AMRP,NPCK,0.4001298063149521,0.8217718174015638,35.470839404299355,0.1903363799655876,0.21496648583846675,1.7492038882625855,0.6276993674355587,False,False
MDGI,ACIX,0.4006183083104088,0.03356275017581011,40.6553460489123,0.1906800896336131,0.29304513876496635,0.46583989529594766,0.6276993674355587,False,False
HUXZ,MSDP,0.4011610357986888,0.288410716970801,33.16616763437081,0.1911484925473108,0.19865909059178344,-0.9551494018324589,0.6276993674355587,False,False
MMBT,AETS,0.4014519528463524,-0.010649061823199316,40.64071487642362,0.19134900982949649,0.10497578957833807,-1.083889084646034,0.6276993674355587,False,False
AENO,AGVF,0.4017488003212652,0.7525287744946284,32.02676472761878,0.19091911744190093,0.24021159151348126,-0.0683246497942399,0.6276993674355587,False,False
NPCK,AETS,0.4023445374047009,0.24513832062672647,40.882717109644275,0.19190832903158417,0.16425600536356783,-0.9615079659465672,0.6276993674355587,False,False
HRET,MMBT,0.4026275956224243,2.2376583930183305,41.20159762061966,0.1919629318001193,0.1175179114741191,0.6825071521243005,0.6276993674355587,False,False
AMRP,MDGI,0.40271222161748,-0.04331483922606498,39.802469947822104,0.19202559933975055,0.1571394063979612,-0.2941153871587873,0.6276993674355587,False,False
HETT,ALUT,0.40352223898139256,0.7076763964465922,49.30887724756404,0.19237293573345743,0.12755425033008064,-1.1455449553347028,0.6281939617842192,False,False
IHOZ,HTRK,0.40465188235085164,0.020251860844339886,30.64062495048638,0.19326841090643693,0.28293695398256896,-0.236463151752178,0.6291843292650436,False,False
AMRP,CCNS,0.4052032430986625,0.48911102173414367,46.72081265767125,0.19375708483981785,0.09995766668817113,1.2163166445469507,0.6292742204029168,False,False
SPLZ,ACAC,0.40619890020194016,0.5281483038347847,34.81732328920371,0.19443713574729227,0.17382819864506835,0.0013216294450898035,0.6300530386343963,False,False
GARI,AETS,0.40746688801945524,0.4417229960279938,41.32156464990201,0.19539289042557706,0.224623186793666,-0.9239441589549112,0.6305364701920753,False,False
MDGI,ACAC,0.4081225350566297,0.7205465781936284,52.2915689580894,0.19525511087792358,0.15266682792477798,-0.7830991757382273,0.6305364701920753,False,False
OTCS,ACIX,0.4082399457449607,0.218799412616697,36.68534868092365,0.19613771444495298,0.08543691810429506,-1.6560969599110003,0.6305364701920753,False,False
ANSO,DIHO,0.40848872500286604,-0.018148216344928365,32.48521243531838,0.19634788232590644,0.20542073335294375,-1.5390504221458519,0.6305364701920753,False,False
MDGI,CTGI,0.40975732492859107,0.14182769391391786,34.97077905000292,0.19691030510947843,0.1413015321720435,0.44547889211171143,0.6305800189549774,False,False
ALUT,FWWG,0.41053063349053553,0.3362321713097406,40.26335798192692,0.19755321578846352,0.1805702818141272,-0.8893469875622061,0.6305800189549774,False,False
HTRK,ILVX,0.41078051185195535,0.048983804721646915,29.704459652931156,0.19759601826358342,0.30919905212374316,-0.4093513244534129,0.6305800189549774,False,False
NPCK,CUBO,0.41111317455823676,-0.10198697402140544,52.20014645686484,0.1976559140845699,0.32467464735479185,-0.18608473103829606,0.6305800189549774,False,False
ELLT,AMRP,0.41117476819115656,-0.12491390118351205,33.173331611541705,0.19772823218972657,0.25699620305204124,-0.14259291440109045,0.6305800189549774,False,False
LSST,IHOZ,0.41169644125850857,0.10074741819486997,43.252157719102605,0.1980435638187571,0.3333219512599676,-0.26913851113111176,0.6305800189549774,False,False
MMBT,AGVF,0.41263011638676594,-1.0460132320547315,36.51398536966258,0.1988036890594596,0.10189609290261255,-0.2064391539486023,0.6305800189549774,False,False
LSST,SPLZ,0.4132343703475585,0.27219362404946246,39.44059569778839,0.199109736921244,0.1304225309848241,0.5973257211311103,0.6305800189549774,False,False
FWWG,ITPA,0.4138991485692497,-0.19931463550465828,37.63235728066498,0.1996126275594281,0.37679280881914534,-0.8069817222023823,0.6305800189549774,False,False
OTCS,ITPA,0.4144493089506778,0.25816472315360073,32.86981877316806,0.20018722036468245,0.12211659333946405,-1.6567830623384334,0.6305800189549774,False,False
SPLZ,FCSG,0.4149756361847412,-0.10654802141206807,35.45310675686208,0.20047802073719906,0.2476078171366105,0.13470726792891557,0.6305800189549774,False,False
OTCS,HUXZ,0.4153412682617133,-0.29914182566332725,35.32025755647164,0.20076562912015827,0.16931769723392406,0.45467102501686085,0.6305800189549774,False,False
EORC,ACIX,0.4153413388899471,0.14209068680759943,36.74914491995728,0.20086778556658147,0.18352274549534228,0.9470269579989685,0.6305800189549774,False,False
RRES,ITPA,0.41544095366445566,0.06771616574505454,47.02347381093641,0.20029715232519807,0.20781864361159677,-0.7121194105635028,0.6305800189549774,False,False
SRNA,ITPA,0.4167938123657813,0.0028567704105578054,44.13932306837386,0.20147691429214265,0.2328296233123779,-0.1910363299973307,0.6316444741220403,False,False
DIHO,HTRK,0.417361758929809,0.165476232082925,33.96891519798165,0.2024944038565974,0.17702544821281294,-1.4918119830164065,0.6316444741220403,False,False
SRNA,RRES,0.41840988209911406,-0.2992853265310764,35.32518424446112,0.20292994885482318,0.13401378129236238,0.5894704581090353,0.6316444741220403,False,False
SRNA,HUXZ,0.4184379568730391,0.49512181173297687,35.657766045526145,0.2030069225864366,0.3096330207601292,-0.8531065910655242,0.6316444741220403,False,False
NPCK,AGVF,0.4186596641800587,5.662029299553771,35.999947326603525,0.20305528852526544,0.24286803188484485,-0.27661783181758876,0.6316444741220403,False,False
MMBT,RRES,0.41911468635862437,2.775724292200394,37.0703843096784,0.2032993282837296,0.2978394139888028,-0.7455961763511083,0.6316444741220403,False,False
LSST,MMBT,0.4200527905362162,-0.04504074131932146,41.696610072849424,0.20391449001213535,0.1012967649871435,-0.29926392505402205,0.6323108712322026,False,False
LSST,GARI,0.4206374432698249,0.554874143461617,43.14714746148953,0.2042759048884985,0.21216823104255855,-0.24045376522496847,0.6324442690672486,False,False
NPCK,RRES,0.42291553312760755,-2.356262083835814,34.26947927641743,0.2061490684190318,0.09270457878018454,0.953663461659598,0.6335118750926554,False,False
IHOZ,HRND,0.42294300337553803,1.6445794301631698,35.30435214494302,0.20608656790904123,0.20186469124290754,0.7529712347635497,0.6335118750926554,False,False
AMRP,NWIG,0.42294980618441536,0.06912825194296512,46.053033018915215,0.20582851289302972,0.16336308414596487,1.1323452004531904,0.6335118750926554,False,False
HRND,ITPA,0.4234673283471384,0.0007181575408744881,44.29736550388927,0.2061490979677752,0.17458102839704975,-0.23332329219292305,0.6335118750926554,False,False
CCNS,ITPA,0.4243299728173402,-0.22455632036618442,39.718229788792655,0.20685077050230077,0.14124187155204387,-0.835571459309446,0.6335118750926554,False,False
OTCS,ANSO,0.4250862839253166,1.3250046934360635,31.158140955833662,0.20789414671383155,0.12092788881801544,-1.9376581745949282,0.6335118750926554,False,False
SRNA,FARS,0.42532039353791434,0.1658564765842141,74.13128090927424,0.16804534442964192,0.2202158643579219,-0.2500690230070506,0.6335118750926554,False,False
CUBO,SPLZ,0.4253224824151475,-0.8221160033823666,36.03944957854112,0.20772357847554945,0.1656693090359607,0.06715065497314211,0.6335118750926554,False,False
DIHO,ITPA,0.425836206198117,-0.19301147072119434,42.68904817778656,0.2078494587884147,0.23274079656980043,-0.3850081313628249,0.6335369462107342,False,False
DUCT,ITPA,0.42792341151592783,-0.034003306272185466,43.95964557949592,0.20930178932226468,0.2520315338725599,-0.3221411502228629,0.6359001744554872,False,False
ANSO,ACIX,0.4285521614793645,0.1217584298535022,36.642534409586176,0.20997916939308703,0.11596981501068926,-0.497733689705372,0.6359349871098334,False,False
HUXZ,ALUT,0.42944048030470466,0.09831949639576898,35.41039552912415,0.21070555136451363,0.1495318534302025,-0.7227913316292515,0.6359349871098334,False,False
OTCS,EAFC,0.4294431560012287,-0.8331964920272468,35.64550476593313,0.21111740631776815,0.07230235270509028,-1.474312794170434,0.6359349871098334,False,False
SRTX,ITPA,0.43039638967186444,-0.011216111167364198,41.94823742795021,0.21107762045549738,0.12198075777389039,-0.721164786251491,0.6359507259940474,False,False
LSST,MSDP,0.43045135414342195,0.8132675201216342,41.12108938205928,0.21120107626318108,0.16493738323339724,0.35951514581398564,0.6359507259940474,False,False
MSDP,FWWG,0.43263515420969645,0.49266928507392194,35.07769880671243,0.2127641327803872,0.28208867607950816,-0.4400514069349015,0.6384372935386146,False,False
DIHO,ACIX,0.4340853270274861,0.02948017662193783,34.63956170150954,0.2143405327268501,0.279030204088834,-1.528253579501984,0.6396665153203538,False,False
MSDP,MHRM,0.43497019359084893,0.4643220628672616,38.72810563758736,0.21482481666380565,0.3653802743947399,-1.1750454675279798,0.6396665153203538,False,False
AMRP,DUCT,0.43497323041784064,0.3224133460641453,50.7996768552198,0.21427737205642855,0.21571085987225547,0.8784059866235405,0.6396665153203538,False,False
AENO,HUXZ,0.43851180274960944,0.48560968599752796,34.94857801961043,0.21737319782266928,0.29363731259818215,-1.245354255265932,0.6430356474951826,False,False
NWIG,ITPA,0.43873217744704357,-0.021069019837352456,42.64016383105853,0.21707039051640475,0.16752557836027837,-0.5717067792575935,0.6430356474951826,False,False
HUXZ,MDGI,0.43877726534965406,0.49080573663820887,55.51227944899587,0.21682478439300273,0.16656799178857307,-0.8644508814510895,0.6430356474951826,False,False
ALGO,BLBT,0.4400378724528373,0.41768356512373955,57.15751928149515,0.2177042388001178,0.5221081212497665,-0.5773561669558084,0.6434654965717358,False,False
GARI,IHOZ,0.4400799317729832,4.910425740610661,37.18685795741099,0.21826861377127177,0.2746765967408274,0.12480739819385755,0.6434654965717358,False,False
ALGO,ITPA,0.44144505104499393,0.15377467057418592,47.28896802527548,0.21915930741592599,0.490473331301546,0.7327387465807925,0.6447221535880495,False,False
SRNA,ACAC,0.44434204827254214,0.41927971685943205,35.755999457099044,0.22149298846106868,0.2918598766316106,-0.8949589892672698,0.6465018852452407,False,False
MSDP,AGVF,0.4444415237096439,0.19402664015560261,32.645938658844074,0.22184360420008503,0.16223551225402388,-1.7367249442591886,0.6465018852452407,False,False
ACAC,ITPA,0.4449556130163211,-0.04373107820792923,42.61037658750482,0.22159904722009865,0.20559244427422851,-0.6555214768260691,0.6465018852452407,False,False
HUXZ,MMBT,0.4449963776721845,-1.3079684642850211,39.47032211209578,0.22173702740086793,0.15910717683562317,-0.3596076802879534,0.6465018852452407,False,False
MSDP,ACAC,0.4460701648797287,0.33073955543349615,37.38507167221855,0.22279257768486044,0.20379882648232608,-0.9537591597738889,0.6465018852452407,False,False
AENO,MMBT,0.4462417732587204,-0.7507930262169384,42.078683032990924,0.22202579401475658,0.12893526924468943,-0.14083771516935406,0.6465018852452407,False,False
AENO,ITPA,0.44637214113094886,-0.02804639194010697,41.71613491524945,0.22264795449725022,0.20390087788581412,-0.6566423913046937,0.6465018852452407,False,False
HUXZ,ITPA,0.4467201261969075,-0.04526132255749989,40.91809609449569,0.22291584742332093,0.23625136255759133,-0.7484743288147424,0.6465018852452407,False,False
BLBT,ITPA,0.4477950763085896,-0.18050382423842265,38.13277617852333,0.22383118762435045,0.35078628230922415,-0.9416530008454657,0.6466764233443797,False,False
MMBT,ACIX,0.44785512299065666,0.02640520326379677,37.310933140825085,0.22393653122175416,0.12844255346429237,-0.6752883160335142,0.6466764233443797,False,False
LSST,NPCK,0.4497030247534647,1.201476791658775,43.1326763112819,0.2251405036872679,0.3204721897841733,0.02930378486674551,0.6478791449267317,False,False
ALGO,CTGI,0.4498919629571342,0.8903914536145298,38.56143492485204,0.22555081638702362,0.42229370154357065,0.825931068821765,0.6478791449267317,False,False
MSDP,ACIX,0.45071780024810687,-0.13421818597564092,43.14626725531412,0.22598873188904695,0.25249611681732465,-1.0580208092500945,0.6478791449267317,False,False
ACIX,FWWG,0.4507206286666753,-0.10937811679243371,45.56996415922003,0.22583219796459297,0.352660298118384,-0.6693239379637005,0.6478791449267317,False,False
DIHO,MDGI,0.45210868109579416,-0.002436362329969738,34.496424002234605,0.2275049387354786,0.12874387889507097,-1.6420155764312656,0.6485559254148858,False,False
MDGI,EAFC,0.4524138558342442,0.6239035586827641,56.08937225478658,0.22677530609204427,0.20780891210989444,-0.9406992005226709,0.6485559254148858,False,False
ACIX,CCNS,0.45271746950529285,-0.1264252263704017,46.99682083156645,0.22725945085187926,0.16551249361745063,-0.6968756960202434,0.6485559254148858,False,False
MMBT,CCNS,0.4536504011308893,-4.897396216970323,42.03989690633658,0.2280820636088105,0.06511741878604023,-0.24066741500214409,0.6491630319213062,False,False
SPLZ,ITPA,0.45469101961529573,-0.029571238158887674,42.31654810818417,0.22877460745729084,0.2161684554840839,-0.7685472594790007,0.6499227018043745,False,False
AMRP,DIHO,0.45558082526881705,0.8097100266654821,51.593969954182114,0.2293501563698288,0.16643215141358092,0.716451873845322,0.6501279111500142,False,False
HETT,ITPA,0.4558543941710688,0.05056262308613828,45.97303529951209,0.2296202275585542,0.15503377604982319,-0.03272417378294784,0.6501279111500142,False,False
ALGO,FWWG,0.45741456805967495,0.3259573681277859,45.06209079615078,0.23090801989084453,0.5001650988928044,-0.614472659222328,0.6516241053364085,False,False
AGVF,HRND,0.45920789411383023,1.9378369339091956,46.480197111807264,0.23148672974824896,0.2260744610521382,-0.030297220652030114,0.6534487332534973,False,False
ACAC,GARI,0.46257194339908525,0.15174455551065041,39.945188098641005,0.2348331126108455,0.26681555986023403,0.29109650877003235,0.6569596669289084,False,False
BLBT,FARS,0.46274380978879154,1.4253497106938922,41.495834332090354,0.23436181657026162,0.2902800394254111,0.6807463051838437,0.6569596669289084,False,False
AMRP,SRTX,0.4635087391117107,0.03780272567517037,48.334852025098805,0.23533503830888675,0.2150526604623107,1.493374034496121,0.6569596669289084,False,False
AENO,AMRP,0.4641473661220732,0.08419524419358212,46.12416523100316,0.23587494058305658,0.2627936698944304,1.2897146321840431,0.6569596669289084,False,False
AMRP,MSDP,0.4642514979630952,0.44112589514193123,38.01215726752371,0.23628033316783414,0.1085116171535982,2.0789898041845225,0.6569596669289084,False,False
ELLT,HRND,0.46554444641362935,0.8642491471077862,64.3754938942326,0.30681975661985983,0.16443747118547214,-0.002060590273843942,0.658058945872924,False,False
NPCK,SRTX,0.4667638176672066,0.06213855228265089,32.609278732067004,0.23660691147661056,0.32589388308259815,1.2287722410125423,0.6590519020218033,False,False
AENO,ACIX,0.46778014418443853,-0.01759946043243541,48.1379538000372,0.23849226149086566,0.19070654407253593,-0.6193030754651266,0.6596198132534768,False,False
HUXZ,ACIX,0.46909869448639685,-0.027960298798649648,47.90926785709416,0.2395015313469807,0.16712521301693178,-0.6777979611604,0.6596198132534768,False,False
SPLZ,ACIX,0.469324911664674,-0.007360266527205992,49.130128408329476,0.239584795627798,0.23762174181170906,-0.47532445966552256,0.6596198132534768,False,False
SRNA,MHRM,0.46949264046888184,0.10631530864282213,32.79140645453739,0.24047663682684622,0.14829341961731546,-1.5912485198083648,0.6596198132534768,False,False
OTCS,BLBT,0.47009332886393135,-0.6454487325094989,30.789771708601677,0.24011954908617006,0.10809440925307642,-0.6272378927433331,0.6596198132534768,False,False
NWIG,ACIX,0.4705977197532238,-0.012391308373223863,48.937673720664776,0.24059451268659132,0.1367052721154986,-0.5473391848703002,0.6596198132534768,False,False
ANSO,MMBT,0.47164482818376247,2.182676763357637,40.82421811586823,0.2417586604862082,0.056651715180028206,0.45603212722865055,0.6596198132534768,False,False
MMBT,HRND,0.4716905691291436,-1.5393353923573485,45.995226639856696,0.24159222939107106,0.059490039281266054,-0.012818072668683783,0.6596198132534768,False,False
AENO,ANSO,0.47182217230366347,-0.3055846852012023,31.134971196932334,0.2419846736628014,0.2567324337637672,-1.3403336036076154,0.6596198132534768,False,False
AGVF,CCNS,0.47350300049405575,0.09789545316905282,34.31464735562639,0.24394437406555347,0.14760515971877508,-1.453393477712825,0.6611681229692606,False,False
SRNA,EORC,0.4739667956030622,2.058439972995899,51.51563116653964,0.2433217528919137,0.22638480377875153,-0.2814066405576747,0.6611681229692606,False,False
OTCS,MHRM,0.4755908144889433,-1.3197890002153871,32.216775160970045,0.244769127197846,0.11105476238338514,-0.05146856440160663,0.6626230368209207,False,False
HETT,SRTX,0.4760491778258536,0.03177606700194396,54.41774559568372,0.24490433017862628,0.2851936245370348,-1.0565422900914423,0.6626230368209207,False,False
MMBT,IHOZ,0.47762457378941175,-0.6226021304317018,45.25265300602623,0.24622899686848154,0.096345379296813,0.29574124422973974,0.6634007811938594,False,False
FARS,MHRM,0.4779045587498196,2.0120548149963495,50.55888548652912,0.24529248356840394,0.20631175183352507,1.0675255259231924,0.6634007811938594,False,False
EORC,MHRM,0.47824396735498304,0.20306943240288922,47.2232909295425,0.2457832940898439,0.14953366173221308,-1.47809970811627,0.6634007811938594,False,False
MMBT,ACAC,0.4787903135852305,-1.4428519176593184,42.1412462066925,0.24645102169195082,0.10141109959224355,-0.3099481767861831,0.6634007811938594,False,False
ACIX,MHRM,0.4792855767027663,-0.04270514468041341,49.55233873361251,0.24725986944434258,0.2941725836425204,-0.48050967676117473,0.6634007811938594,False,False
ACIX,IHOZ,0.4797298198123438,-0.0291933220398871,42.88310019029201,0.2478222881403072,0.19114798898534538,-0.5156909280261794,0.6634007811938594,False,False
ALUT,EAFC,0.48212675789950177,0.1959748231005948,40.66470265234361,0.24980376070113552,0.32730840601770655,-0.482693378345435,0.6648703674647497,False,False
ALGO,ELLT,0.4826399185398564,1.5798592837382062,49.06026869413412,0.24748501790957578,0.44506752194101845,0.8839186185114455,0.6648703674647497,False,False
ITPA,MHRM,0.48280617818887833,-0.14094440337081288,43.56003139787584,0.2501723961378846,0.31534057495481954,-0.6884769939431804,0.6648703674647497,False,False
MMBT,MHRM,0.48287840021361433,-6.245811356052508,39.57589596795018,0.2503953474866245,0.13858995041617414,-0.7185170020189542,0.6648703674647497,False,False
SRTX,IHOZ,0.4841491818496108,0.31507062807704955,35.33439975762417,0.2517268766954899,0.3657523485818458,1.6306848517671992,0.6655903489701682,False,False
AMRP,FWWG,0.48483332716155925,0.573543475690053,42.49123786809258,0.2519542081241375,0.15240206369051856,1.6073734549655065,0.6655903489701682,False,False
ELLT,DUCT,0.4855292944456781,1.2927081700361,67.97837098988344,0.2518109136277129,0.2156247347745163,-0.25069162370744225,0.6655903489701682,False,False
NWIG,MMBT,0.486203529631663,-0.5776800833462649,45.37973855675785,0.2528651200162313,0.06129074394399328,-0.02916623307283759,0.6655903489701682,False,False
LSST,FARS,0.4868285181408592,0.6340442547872751,40.69482678825932,0.2534624825015471,0.12329546629057149,0.07725027995149852,0.6655903489701682,False,False
AGVF,ALUT,0.4870024072379729,0.06736862745267705,37.83833878828455,0.25377523052905027,0.21498354185923335,-1.18519636671972,0.6655903489701682,False,False
AMRP,IHOZ,0.4870555259522878,0.08832887903264944,43.81879218680042,0.25267133100715444,0.2204338792264232,0.6530530036481321,0.6655903489701682,False,False
ALGO,AGVF,0.4880073862875793,1.937584214167512,55.31491098738587,0.2532099447675324,0.4292280279318906,0.06640834736048097,0.6660587000152177,False,False
DUCT,GARI,0.4887371924153921,0.4154322189476297,43.1396476899854,0.25495405868371745,0.24933849988951232,-0.22758742534820225,0.6660587000152177,False,False
ALGO,ACAC,0.48896544565823047,0.3841547162324061,37.95072719836078,0.2551999175182309,0.4653711149436065,-1.1480816942623382,0.6660587000152177,False,False
ALGO,HUXZ,0.49040473890508457,0.3220928290481544,39.65132172929608,0.2563203863269843,0.46723331690685144,-1.178131318318784,0.6673063416264492,False,False
OTCS,HETT,0.49143846740950625,-0.10832469849635454,53.43325053233023,0.2570544043681152,0.1989601855517035,-1.3803167161645367,0.6680000489841369,False,False
NPCK,MHRM,0.49232776469979433,0.7964212286780576,36.00215030314779,0.258644391385516,0.09850426463041356,-2.078052377529344,0.6684961661259189,False,False
CUBO,ITPA,0.49440318455757143,0.03346979052695098,46.20626425581616,0.25924168017342253,0.192437522989044,-0.7678135847993124,0.6691822553976701,False,False
ALGO,RRES,0.4948224411337971,-0.6036159004719929,41.63951709833719,0.2599224579544538,0.4687420429631212,0.807479079962097,0.6691822553976701,False,False
MDGI,FWWG,0.49510540254730667,1.0417058165830912,57.94877460733313,0.2595281054108036,0.17934543217029086,-1.0128658900825602,0.6691822553976701,False,False
FWWG,NGTE,0.49569372761687674,0.12785751897258313,46.02026815469484,0.2606305954174938,0.22369654295039496,-1.0581764411890144,0.6691822553976701,False,False
ITPA,EAFC,0.4959157495513663,-0.09577966794759617,42.51378523293718,0.26055180872024186,0.28960832325995534,-0.8753793488192477,0.6691822553976701,False,False
ACIX,FCSG,0.4962486351574646,0.22826433253555417,41.214297056124565,0.26092212614350374,0.28383674840792306,-1.0313377693164927,0.6691822553976701,False,False
EORC,EAFC,0.4969015929242753,0.3929170112892797,61.093815186113964,0.25907137087878795,0.19629089383648216,-1.4093649377456325,0.6691822553976701,False,False
CUBO,MMBT,0.49703183989144595,0.8314022286436074,45.67199348103082,0.26142095942186455,0.10405877779835163,-0.25187529407134185,0.6691822553976701,False,False
DUCT,AGVF,0.49822592837732754,3.988298050522069,36.38237161035114,0.2611603220283548,0.19876322089449397,-0.17943157336762677,0.6700823403808994,False,False
MSDP,SPLZ,0.4992394465841328,0.24714671237958608,34.459775209047685,0.2631845917563585,0.37157781793547245,-0.09036804244039538,0.6707379287616115,False,False
ALGO,AMRP,0.5026211992955676,-0.07703781964440931,46.27706648138852,0.26489098429715824,0.4042148417346184,-0.02094158379168056,0.6744775237220514,False,False
MDGI,SRTX,0.5030808823997418,0.12181959091491144,58.921802230173775,0.2659346407178326,0.1835309518928683,-0.8686644498390217,0.6744775237220514,False,False
SRNA,DUCT,0.5043605829695929,0.15101244530015623,41.64905903245179,0.26743986587747615,0.33952656158771005,-0.033596378841340216,0.6754829236199904,False,False
DUCT,MMBT,0.5093159792387716,-2.1230110882686564,48.61106911480182,0.27133386349168287,0.11999652497346555,0.17444600221735518,0.6801239180877713,False,False
CUBO,ACIX,0.5095797739688981,0.01915579432822179,51.556680658709745,0.27136846455072994,0.14179164199728223,-0.6608873988897036,0.6801239180877713,False,False
NWIG,CCNS,0.5098147732731915,0.07279185957055347,38.45162712847402,0.27220798911843286,0.09665396464759443,-1.3260004762735536,0.6801239180877713,False,False
RRES,ACIX,0.5105202078964169,0.03933415801996758,52.35777444527406,0.27215507538615225,0.1794145490950553,-0.631769741685121,0.6801239180877713,False,False
NPCK,ACIX,0.5108834593635698,-0.324898355055371,40.32656230062355,0.2727897631036788,0.18746820524956967,-1.0775130412689704,0.6801239180877713,False,False
ALGO,SPLZ,0.5110735841506228,0.2550729693808038,42.32908594814743,0.27285516313433267,0.46650836155763686,-0.6452404230729641,0.6801239180877713,False,False
AGVF,ITPA,0.5115598725068021,-0.04008643110960357,39.69641683508683,0.2710288072244112,0.19861862265631125,-0.7203620775152537,0.6801239180877713,False,False
AENO,OTCS,0.5121653777943581,-0.1817160631842487,41.26791296644628,0.27396203732440383,0.12897337974221137,0.8635721203988577,0.6802196423831319,False,False
ALUT,ACIX,0.5133790507650975,-0.14929821172542218,45.67984422546355,0.27466014123281857,0.2636092282867223,-0.6061761255059598,0.6807695795855018,False,False
SRNA,ACIX,0.5145625786110377,0.007608268218176295,48.913561832072354,0.2755833741952294,0.2527218053023615,-0.19286169371387765,0.6807695795855018,False,False
SPLZ,AGVF,0.5146119016110594,1.0309261803338385,32.83529422076837,0.2759092234364149,0.25888760423182183,1.2652984899834825,0.6807695795855018,False,False
MDGI,IHOZ,0.5148241301206778,0.4207464913913588,59.10355785950281,0.1985232608124748,0.1683038287261098,-1.0658800007010107,0.6807695795855018,False,False
MMBT,BLBT,0.5156273173097472,-4.410276130775021,35.38740936503451,0.27649724941512677,0.19964441741899858,-0.47823871623930253,0.6807695795855018,False,False
HETT,CCNS,0.5157830697094861,0.20856980714357792,56.22071148421797,0.276694521683569,0.1562091010385515,-1.3478230661162087,0.6807695795855018,False,False
SMAH,HRET,0.5169099534008791,0.2679098734796248,44.621354506995665,0.27772187319406805,0.16829956518994665,-0.3823854131748909,0.6815513863351819,False,False
ALGO,SRTX,0.5184400700121612,0.10370473919293435,41.52765887955195,0.27900921432460557,0.4849511766903371,-0.7294502013837313,0.6824751944237725,False,False
SPLZ,IHOZ,0.5186811477620671,0.7152734313334097,39.07878230864406,0.2794754743137973,0.21484618202235678,1.2908481916923635,0.6824751944237725,False,False
AMRP,HUXZ,0.5200726857073064,0.12224891055291508,49.94521254433229,0.28015828484477373,0.22092831308925617,1.311366734663375,0.6836006951307377,False,False
HETT,NPCK,0.5220185962740326,0.24584059034386693,56.09206077717819,0.28187536833457894,0.2598160160260531,-1.3912026147557228,0.6854307002403711,False,False
AMRP,EORC,0.5225401103008946,-0.07260041770297632,48.8206670753116,0.2811686395160508,0.2178077823910436,-0.0596096513331177,0.6854307002403711,False,False
MDGI,RRES,0.5248024885174428,-0.262393882206183,58.01492929271272,0.22720055623192925,0.21719566658736342,-1.0765261040442344,0.6876908251384785,False,False
NPCK,ANSO,0.5260650664770294,-2.3578598043082484,33.691621222635945,0.28560466038929666,0.16083881308943423,-1.2701077524485038,0.6886375356860498,False,False
HETT,GARI,0.5284051991510883,0.29120872515708424,57.76032615055692,0.287254075711278,0.278441459368958,-1.4153154201153484,0.6909914142745002,False,False
ANSO,SRTX,0.5289679047144342,-0.1433498058054178,35.0841727060079,0.2878707408661283,0.20987358869429362,-1.6722292062732926,0.6910185230644504,False,False
ACIX,HRND,0.5305599329902482,0.01502353177116367,49.733538081040244,0.2889508323219068,0.24824547663853333,-0.23789491104388957,0.692388858303548,False,False
DUCT,ACIX,0.531869920986978,0.0008816608055373064,49.44525986505139,0.29006073233255647,0.24614390316006565,-0.32806028656219716,0.6933887006732076,False,False
GARI,HRND,0.533023196461186,0.20140360380720754,49.97511636043255,0.29110294061053543,0.2518016057871074,-0.10584929515471665,0.6941824060143128,False,False
AMRP,NGTE,0.5347496737927648,-0.055569641564926595,47.777094298276744,0.29150262598678317,0.2525639843143288,-0.08453817364064307,0.6957202388630358,False,False
SRTX,ACIX,0.5355972600460492,-0.004479895324021184,48.508084005069485,0.29324774921965197,0.17191157754779504,-0.5430279239535024,0.6961126468488408,False,False
OTCS,AGVF,0.5363775868027374,-2.3054081719868043,46.23674183321764,0.2940783498359489,0.12966141021818434,-0.24031654091768867,0.6964169278752447,False,False
AMRP,HETT,0.5378641587396477,0.019888497609340465,51.918218473001794,0.2939750697284319,0.16266269376022924,0.33526623808066364,0.6967386114583081,False,False
AGVF,NGTE,0.5381129177048957,0.773257657113631,61.58201359190114,0.2941838658786521,0.17150427224481635,-0.43365372219446857,0.6967386114583081,False,False
SRNA,MMBT,0.5386979516973199,-0.236500756663005,51.6535381464355,0.2959478703436732,0.07145747531367937,0.25367429666119884,0.6967386114583081,False,False
HUXZ,HRND,0.5389663685803918,1.2312949188911073,48.40364131794076,0.29649616158380965,0.08529176738369301,-0.9424696699196099,0.6967386114583081,False,False
ELLT,FWWG,0.539891944666038,0.26398183281554305,81.05394500130718,0.28784816172745453,0.26469079157808906,-0.6121591616367795,0.6967386114583081,False,False
ANSO,NWIG,0.539904116173183,-0.2695547489455863,34.017124279438,0.2971511062449117,0.1712033646552732,-1.2112306259977796,0.6967386114583081,False,False
ACAC,ACIX,0.5412360422276091,-0.027831209334754838,47.94434315246085,0.2981244939306311,0.2551980402470039,-0.6254348892283252,0.6977512172297287,False,False
ELLT,MHRM,0.5452549842453212,0.3516707070483164,78.2850166720622,0.34111574557991664,0.18955968364080145,-0.5539515904066324,0.7017572872494987,False,False
ANSO,FWWG,0.5458408559971083,-0.23655889157748497,36.68691218300823,0.30310502208134155,0.13010802549956682,-2.140856492337921,0.7017572872494987,False,False
BLBT,NGTE,0.5459946893737276,0.14803658350875293,63.291661643614994,0.3021653798277117,0.2027098508866094,-1.036359716582537,0.7017572872494987,False,False
MSDP,EAFC,0.5469853293582753,0.9582920220970093,48.85295427642605,0.3034871571962415,0.39483505501979893,-1.033652586728096,0.7023225528014109,False,False
ALGO,ACIX,0.5481666229409874,0.15831185979338458,51.59364065647754,0.3043696408264319,0.49340160795329824,0.813203931569998,0.7024019246072035,False,False
HETT,IHOZ,0.548241133298731,-0.10800230946675607,47.07437580487882,0.3047434147024798,0.2594351280118351,-1.8373578681542677,0.7024019246072035,False,False
ANSO,CCNS,0.548699856399039,-0.19579508063528395,35.56015571950534,0.30554621891716915,0.09697590496582773,-2.2893211769701822,0.7024019246072035,False,False
HETT,ACAC,0.5502888563478374,0.02185069195006775,58.90846202595749,0.30624578217591114,0.31720802397303177,-1.4631673658930335,0.7037294802843457,False,False
AGVF,ACIX,0.5515826414609509,-0.018553797510782438,48.01845004274359,0.3071667637386809,0.22779035715624,-0.5665955156545728,0.7046772223073271,False,False
ELLT,ALUT,0.5532107510128985,-2.600140695032378,66.63490933801168,0.3077871573778247,0.2168185127866389,-1.441313970281188,0.7048427824227822,False,False
HETT,SPLZ,0.5540165805149376,0.00897005488656935,58.75472006785655,0.30955780781750275,0.15557896758702777,-1.4793543025326956,0.7048427824227822,False,False
ACIX,BLBT,0.5543096461112109,-0.10605982685447042,46.29239613466777,0.3096412970726158,0.31669141892849323,-0.7715711700330227,0.7048427824227822,False,False
ELLT,EAFC,0.5544798914724994,0.11530598830171435,80.61929256301423,0.3007924457574685,0.23784893282496686,-0.6083006895742851,0.7048427824227822,False,False
EORC,FCSG,0.5556919458609976,-0.08332913027034712,45.72877538993043,0.3110370876631843,0.13035370717889494,0.7499471919878382,0.7048427824227822,False,False
FARS,EAFC,0.5560014997755675,0.9831219700943234,46.07356964308542,0.3105163447184389,0.19367557490720602,1.099435408811295,0.7048427824227822,False,False
EORC,MMBT,0.5566621822799716,0.35250288555060716,53.3713138663301,0.3117463434178043,0.056710368742858994,0.6097952316609311,0.7048427824227822,False,False
MSDP,IHOZ,0.5566865285685978,1.9015813283858467,45.085505561733754,0.31185758704701216,0.14593303896607818,0.535310588959583,0.7048427824227822,False,False
ALGO,FCSG,0.5567944358100932,-0.06781597130000219,45.052665831805484,0.31205153655427226,0.41327913558811236,0.8354661581576766,0.7048427824227822,False,False
DUCT,ACAC,0.5573462398357986,0.26920643213162476,45.780532731346284,0.31237369038698176,0.24481551061666532,0.002406990642641307,0.7048427824227822,False,False
ELLT,MMBT,0.5581214612079048,1.3882576828312982,44.628090202392634,0.3132962419783776,0.08904924747989344,0.9918149340176745,0.7048427824227822,False,False
HETT,ACIX,0.5583460472525569,0.04640970381940816,51.43674072703898,0.3131268329479652,0.19274061857757593,-0.12085792938728145,0.7048427824227822,False,False
ANSO,EAFC,0.5590583322001774,-0.9790952074815515,38.50672755046109,0.31444516791942245,0.1523896261710406,-1.8841139798769844,0.7050438907569003,False,False
HETT,HUXZ,0.5604276741388802,0.010944974038162704,59.04915668782745,0.3152740485449549,0.21029028660012167,-1.4943106395853067,0.7060724155405852,False,False
ELLT,NWIG,0.563968705598053,0.11351576101540847,74.98760676853533,0.3176403197748044,0.16177454340143546,-0.46647586479497477,0.7089767891571719,False,False
MMBT,NGTE,0.5641494423701784,0.3486756233955843,53.99471319687184,0.31847319872611685,0.08639925670991871,0.6660502509735524,0.7089767891571719,False,False
CUBO,ALUT,0.5648635919430091,-0.04765332501753461,43.72790275688807,0.3193283383899279,0.05095333945901289,-1.0595825114880433,0.7089767891571719,False,False
EORC,RRES,0.565829611159608,-0.5684089160812847,51.82463243955689,0.3200448147940786,0.06014972213488424,0.7223066253444306,0.7089767891571719,False,False
NGTE,FCSG,0.5658739817963618,-0.047211940572866,46.16867375616287,0.3201765471118003,0.12951560513304064,0.8077199679909243,0.7089767891571719,False,False
ALGO,HETT,0.5661140842968205,-0.01012959651131111,59.265994101349996,0.3204718778944519,0.46205195539833943,-1.5610955474324952,0.7089767891571719,False,False
HETT,ANSO,0.567081414498744,0.0005836519706717211,59.61912634758179,0.3213299090804865,0.2009016954326793,-1.5386028627603328,0.7089767891571719,False,False
ELLT,CUBO,0.5671814313257375,-0.1069217567139582,71.87325983707387,0.3206015433698204,0.19693042915376416,-0.483902409303408,0.7089767891571719,False,False
SRNA,AGVF,0.5680079088635248,0.6685289709256903,52.44920905689913,0.3218559321683969,0.21857686819776467,-0.0076626991716943925,0.7093144797267328,False,False
AMRP,BLBT,0.5702820186639763,0.42715071341815614,47.27168542807308,0.3241590630900553,0.20980124064037342,1.619943706782042,0.7113256340654027,False,False
ACIX,EAFC,0.5711702588765601,-0.05091069904260729,48.93525503879037,0.324739658622882,0.27614288502088485,-0.7000491059166686,0.7113256340654027,False,False
HETT,AGVF,0.5716504900397259,-0.005298412661677157,59.93500608542683,0.3255305689784699,0.1751422851092336,-1.5606175798674378,0.7113256340654027,False,False
HETT,NGTE,0.5719129050611543,-0.017598509556198988,59.30333794003501,0.3257747593803834,0.28077350613001734,-1.605053924134482,0.7113256340654027,False,False
NGTE,MHRM,0.5724079220008652,0.11152069921496748,51.7537922653169,0.325276836346975,0.09597610139691833,-1.7006549676570126,0.7113256340654027,False,False
DUCT,SRTX,0.5738640327882252,0.07181119212560512,44.696229830344095,0.32755956037185646,0.257781500225927,0.44900646435239494,0.7124407417770079,False,False
EORC,AGVF,0.5754527844959962,1.2988071965456913,62.43084009234795,0.3272972937610197,0.15612075342214218,-0.23719093960328344,0.7136585806061783,False,False
NPCK,ACAC,0.5759668413497279,0.2190369343795709,52.84624357866706,0.3291430398464508,0.304020554600213,0.42973416628925815,0.7136585806061783,False,False
HETT,MDGI,0.5769327950225455,0.005776870924880251,60.46669587622463,0.3303654446536014,0.18579983954625112,-1.4982852518323555,0.7136585806061783,False,False
MDGI,AGVF,0.5770839189058586,0.01773614044381609,62.44235034032331,0.32983277926000454,0.2023194599088602,-1.1711333372240733,0.7136585806061783,False,False
AENO,SRTX,0.5788585430713811,0.45883756603925774,37.2531599646566,0.331509814313515,0.378676870566103,0.893705093556155,0.7151595372248167,False,False
SRNA,NGTE,0.580126333410887,0.4210478103995285,52.138420711232676,0.3328583992453266,0.27847682527928463,-0.7386099794099664,0.7160320184887522,False,False
HETT,MHRM,0.5813657051931929,-0.04403514170230796,60.698022078230586,0.3345291890675693,0.09663655388860637,-1.5909126337412602,0.7168677699432503,False,False
AENO,NPCK,0.5824776475915299,0.10544001229634331,75.46873233797831,0.332662409407804,0.2830969971325986,-0.2628868917312614,0.7175424485501821,False,False
SPLZ,GARI,0.5837226654048606,0.09441049700062479,48.74004619759857,0.33640794613825054,0.24812222975290602,0.5634944826082467,0.7175424485501821,False,False
ELLT,HETT,0.5839688409747984,-0.5455917489581433,67.22468012578616,0.33611557401335906,0.1665960942569329,-1.0728257225293498,0.7175424485501821,False,False
DUCT,ANSO,0.5841639698785012,-1.4445224157881162,40.48138574322877,0.3365689081839002,0.23602373428176987,-0.9181136862880883,0.7175424485501821,False,False
ALGO,HRND,0.5862470081177317,0.5375257128484243,43.64906112866529,0.339047917037271,0.3365035472545796,-1.3454669885948753,0.7191104712256225,False,False
HETT,EORC,0.5866044434985961,-0.06836730815386644,59.833276886198604,0.3395150448060599,0.2238095431516807,-1.7274232940350038,0.7191104712256225,False,False
AMRP,SPLZ,0.5876177732445726,0.07939786944647995,55.04964198408717,0.3401664418612512,0.1546718160822645,1.290525108514533,0.7191104712256225,False,False
OTCS,ACAC,0.5876965576604696,-0.3524808991689632,37.22125565825229,0.34006428674573386,0.12964361754438775,0.432080484551343,0.7191104712256225,False,False
HETT,HRND,0.5883969892296081,-0.08653325497635751,60.79261173311022,0.34124312304742765,0.11893696469425738,-1.7294191130076715,0.7192772399499046,False,False
SRNA,AMRP,0.5932383896389949,0.027177746072888996,54.71275101709785,0.34439018598845894,0.21669884567110675,0.5849944534012914,0.7245009068867035,False,False
HETT,SMAH,0.5953136182327132,0.08449187880391562,62.358938583069204,0.34778042032999035,0.20855560318677405,-1.5377598740236111,0.7261919458277875,False,False
HETT,HRET,0.5957621767340123,-0.2949550817423437,42.70074216613375,0.3480708791368347,0.20244314702544186,-1.7911458867832608,0.7261919458277875,False,False
HETT,FWWG,0.5976456571239579,-0.15194929750846567,60.858254064078494,0.35014196612606896,0.20280209807097424,-1.6989316147414801,0.7277919893343326,False,False
AENO,ELLT,0.5983500012449439,0.07723985916719207,79.30197619704246,0.3496315185898039,0.21158332682996323,-0.557783904258472,0.7279544385375032,False,False
DUCT,CCNS,0.5997053990148614,0.4065746947235892,45.25975012101474,0.3520108738171801,0.19387402460736913,-1.3437836806289454,0.7289078968007133,False,False
HETT,FCSG,0.6038827741360494,0.10366458309857489,62.75623312181642,0.3560641230313888,0.13888966858055812,-1.627504777657331,0.7332862257366315,False,False
IHOZ,ILVX,0.6050632631417041,-0.9045214296638165,47.876085259699785,0.35689812556410483,0.45622396863304077,-0.9020448526296052,0.7340206094249978,False,False
NWIG,SRTX,0.607089507778965,0.47822417879603396,36.35196363795686,0.35852736611190383,0.25802331487548713,0.7163650580730825,0.7346283927361259,False,False
AENO,HETT,0.6073144174620201,-0.03943934873657649,60.68810873953993,0.35956892609341234,0.23613849581220372,-1.7681365191931826,0.7346283927361259,False,False
NGTE,EAFC,0.6081498475027244,0.21731709743980035,66.59982618161236,0.3471902837842239,0.2051601206788244,-1.6107941209526542,0.7346283927361259,False,False
ALGO,DUCT,0.6085232915794329,1.109560664380167,44.39481464552253,0.36043071911760993,0.5217759714972393,-1.5665881037382674,0.7346283927361259,False,False
ELLT,ACAC,0.6087937666559944,0.12857038194906023,79.78984769242615,0.35977616156046877,0.2339265148250663,-0.5413270886064222,0.7346283927361259,False,False
EORC,CUBO,0.609068295558275,-1.2362815735223065,54.248197150990755,0.36082884401270987,0.2885837370938587,0.8025319776276114,0.7346283927361259,False,False
SRTX,HRND,0.6096033253600819,3.5921410133399903,43.98239329672873,0.36178230400355765,0.10861398802596788,-1.6834053838503942,0.7346283927361259,False,False
HETT,ILVX,0.6101737003196528,0.121769608680248,63.18897704317104,0.362199944012067,0.36204302530458493,-1.5234944100699683,0.7346283927361259,False,False
SMAH,IHOZ,0.6108788069383037,-0.5821921136653222,48.867028024750105,0.3625809209229209,0.3106389824506874,-0.8374728486124751,0.734783470609752,False,False
ALGO,MMBT,0.6123818708453553,1.1791900317921713,59.84396525688302,0.3640570840365014,0.40789994676018737,0.8746283675395804,0.7358971586501678,False,False
HETT,NWIG,0.6141171220761641,-0.04871953323088205,60.61462452824726,0.5331733308567013,0.1668818900477159,-1.8561922260873818,0.7372875053174287,False,False
ANSO,ILVX,0.618601499338975,0.8447969485460148,44.43159567928849,0.37015168393854614,0.30099430464443216,0.4893701930240337,0.7406923583476877,False,False
SRNA,CCNS,0.6190072862775515,0.07026649007634815,47.71627199530248,0.37087792949561327,0.20236653801473528,-1.2118466265262782,0.7406923583476877,False,False
OTCS,SPLZ,0.6192387810250602,-0.2054981935193957,47.339117319607645,0.37065473067890686,0.11079212266652634,0.20791626531529891,0.7406923583476877,False,False
ELLT,HUXZ,0.6192769050969686,0.08198991492099311,81.12721353466982,0.3701801752567767,0.15885271219210645,-0.586216276391277,0.7406923583476877,False,False
ANSO,ALUT,0.6205080549546103,-1.8605238316831145,49.77022378749215,0.37175326069832515,0.18368315574484903,-0.6438078159613756,0.7414693252737845,False,False
OTCS,NWIG,0.6216823077774193,-0.15475282948264796,46.271801939304396,0.37345964010830357,0.1368347603875636,0.9138021099571175,0.742176912374728,False,False
NPCK,SPLZ,0.6225536560390597,0.13811179329669032,53.353986187293735,0.3740815558670705,0.12955907521882312,0.7635377265717829,0.7425219003272228,False,False
ANSO,HRND,0.6231887847589745,-0.68574810454172,51.169987583964215,0.37424948282344916,0.07576211720150255,-0.9229985811904721,0.742584766885694,False,False
HRET,FCSG,0.6254371328154193,0.0448483219645916,50.57655469313177,0.3773027748810577,0.11477296940609512,1.0530671532219544,0.7445680152564517,False,False
MDGI,BLBT,0.6268582237100666,-0.3728248346485224,65.19155955425366,0.3780986675199993,0.22172753853955599,-1.2672040140225325,0.7455636522671034,False,False
HRET,ILVX,0.6286122545947272,0.34262862460176846,49.040715472065116,0.38009042829336714,0.2568678576327926,-0.342814903037805,0.7463262444026975,False,False
HETT,RRES,0.6286701070498016,0.059163929706343675,64.14643153190114,0.38083188107489657,0.1490013698599642,-1.6938810237830013,0.7463262444026975,False,False
SRNA,NWIG,0.6310133886679039,0.7370814192038095,51.595513686281016,0.38363854397808933,0.2086780940189079,-0.9109859072823373,0.7474666714252501,False,False
ALUT,IHOZ,0.6313245517608788,0.05235679250264159,55.17036515666187,0.383961003476765,0.16149090456091578,-1.5437662136971717,0.7474666714252501,False,False
ELLT,ILVX,0.6321199900871943,0.9590221817804269,81.80891806445126,0.3807485902939768,0.23405429826196428,-0.7084531499958688,0.7474666714252501,False,False
AENO,ALUT,0.6322222863568748,0.04452313990789984,49.10483531806109,0.3842162340943451,0.1131569959191078,-1.1699566793251608,0.7474666714252501,False,False
DUCT,HRET,0.6325619909551725,0.6205787225125083,53.987002837674396,0.384269932859003,0.26298138075155375,0.09795369880467568,0.7474666714252501,False,False
OTCS,DUCT,0.6334175222504509,-0.794507060257152,54.638329003081296,0.38542158249291425,0.2995210977906073,0.9937175068897138,0.7476360766040465,False,False
HETT,EAFC,0.633878116712921,-0.11082685578361726,64.20011973579959,0.38644448747967297,0.12318074620134428,-1.8173148450567596,0.7476360766040465,False,False
SRNA,HRET,0.6346232379760423,0.19616230566516848,42.50817686498139,0.3867225790766476,0.35162677750552734,0.7810615628087516,0.7478231316261126,False,False
AMRP,AGVF,0.6353250219838298,0.09893268279661518,43.80049559373586,0.3883070741903719,0.1725518306291965,1.2341866349874986,0.7479588208950905,False,False
MMBT,MDGI,0.63625481948191,0.5026585211806539,51.30537188660358,0.3884190950702914,0.14253448908173663,1.1216940806665887,0.7483624491138701,False,False
ELLT,IHOZ,0.6369895633539626,0.09567747723180511,82.531295616477,0.38824933098441117,0.16231948064896534,-0.6456933820644786,0.7485361228353017,False,False
SRNA,SRTX,0.6385199835893108,0.38727328910666503,57.272568247262605,0.3903712631903618,0.2738117845404072,0.0016567114760969348,0.7485565109395718,False,False
MDGI,GARI,0.6386143775646206,-1.8959602053310194,64.08015089362232,0.39023906862295016,0.2210925535325502,-1.3364093049364942,0.7485565109395718,False,False
MSDP,ANSO,0.6387682226684346,-0.3269761576815699,55.85017103248751,0.4162428879946447,0.18452637193308163,-2.4688227045330833,0.7485565109395718,False,False
HRET,AGVF,0.6398223331303381,0.08867827207887422,54.834206835990386,0.39178748697264826,0.15700893740206875,-0.09513649952346083,0.7488513185404508,False,False
RRES,NGTE,0.6409051383879709,-0.292031018068108,56.522005198357725,0.3931742407821442,0.17766389688224807,0.987565853960275,0.7488513185404508,False,False
ANSO,AGVF,0.6413328790180106,-0.2967967838220292,41.08747260356393,0.39347040714416004,0.13938315390205192,-0.838411562574994,0.7488513185404508,False,False
ELLT,ANSO,0.6414868440241932,0.6535095777719419,83.68164887316289,0.38916825650505277,0.10782372017643632,-0.8464501298358655,0.7488513185404508,False,False
HUXZ,EORC,0.6419564636585983,0.9013729969908404,69.13360472463094,0.3941997562175812,0.18871926045263893,-0.9233346637724591,0.7488513185404508,False,False
ANSO,BLBT,0.6446339604643092,-1.254566675367893,38.76477727464804,0.39736086042204594,0.1967793486920261,-1.2309362640380512,0.7512872939597753,False,False
SPLZ,MMBT,0.6471422621780853,-0.790850491384725,44.10779547736341,0.39781608823381714,0.15294497658786652,-0.3278558358151563,0.7535218121251679,False,False
ELLT,RRES,0.6493647468808268,-0.03669741203016775,82.27787845280224,0.4012762471445328,0.19903840753820448,-0.6804534803624173,0.7544067369055022,False,False
MSDP,CUBO,0.6495574968296014,-0.14134230273578552,44.8182597457348,0.40273469763543285,0.23354782043894243,-1.3172185282808468,0.7544067369055022,False,False
SMAH,MDGI,0.6496773310762678,1.3051873229055508,62.15521639593275,0.40198083577427735,0.19795149853173713,-1.248852204079485,0.7544067369055022,False,False
ANSO,MDGI,0.6503087461602097,0.6197798924040797,67.13201296668075,0.40253552057156095,0.10775546836940511,-1.2227364649047954,0.7544528219784054,False,False
CUBO,HRET,0.6518992855452852,-0.09755036877067015,46.693082081224134,0.4045560805893904,0.24667342333561362,0.0648986244686653,0.7556105355183987,False,False
AMRP,HRND,0.6532439426287288,0.17257223725250384,48.48367198192622,0.40406813432197314,0.1415638249248944,0.9880128232991335,0.7564222735642163,False,False
MMBT,EAFC,0.653786153308052,-2.6390626908504586,43.90618131094465,0.40531646679231953,0.05624361471515452,-0.524632063599511,0.7564222735642163,False,False
MDGI,ALUT,0.654812460654173,-5.638173093904986,56.85839029310196,0.40761934418392376,0.13260117968526577,-1.8621180864701594,0.7568883472436942,False,False
SPLZ,MDGI,0.6556476673350694,-0.20924198933114968,65.23184602397954,0.40452291201490187,0.23559868473758502,-1.4195675466360012,0.7568883472436942,False,False
ELLT,SRTX,0.655969900944535,0.008142760506129878,83.9448765479821,0.40835007174370047,0.16976512004828662,-0.6655564243765407,0.7568883472436942,False,False
HRET,SRTX,0.657259179418562,0.030997767204101648,57.47030742673964,0.41029996540180524,0.197891571294261,0.015236766401762214,0.7576902836877637,False,False
NWIG,ACAC,0.6607022203388011,1.745107880356459,44.35532883020963,0.41405058526678346,0.2451603402905635,0.13998997274832287,0.760971391989134,False,False
ALGO,NWIG,0.6635334300043862,0.1493963451111836,48.92557526415465,0.41746134062655144,0.3813831884655358,-1.6077291305537775,0.7632220563424714,False,False
OTCS,CUBO,0.6648312104077126,0.1841382985045526,58.702246356468564,0.41858863185327494,0.2076376112883172,0.6914248719799218,0.7632220563424714,False,False
MDGI,CCNS,0.664986296479015,-1.793079406969814,66.38652007095843,0.41848547887398807,0.08750407816358004,-1.4828493310019837,0.7632220563424714,False,False
HRET,ANSO,0.6650507487031261,0.2377109955645067,51.50204019429083,0.41874722717251733,0.14553386769728904,-0.4719286521980975,0.7632220563424714,False,False
SRNA,HRND,0.6662671067087538,2.2215923151457986,62.39455141393213,0.4202127683325121,0.1100922793638419,-0.6033185221060811,0.7634630756691608,False,False
EORC,IHOZ,0.666458355466491,0.9075168375743556,61.572700839560596,0.42030615559020323,0.23043858162411254,0.17466050361364915,0.7634630756691608,False,False
HUXZ,ANSO,0.6682509316679602,-0.3909623213746963,47.566387689410476,0.42230553346436134,0.18984653363411003,-1.051352603570041,0.7648293876810137,False,False
ELLT,AGVF,0.6696609700627789,-0.005428577000916913,84.72839115858754,0.4233546572409983,0.2532606498784977,-0.7253918130228572,0.7657558177847921,False,False
MDGI,FCSG,0.6705087314766163,1.3235603583140354,70.21607971396323,0.4245436713709834,0.1827874488612609,-1.381810962608917,0.7660382012837686,False,False
NWIG,ALUT,0.6725404830118977,0.03549922829320569,53.43679688797559,0.42746730758379325,0.12167042491670634,-1.2319161660214113,0.7675669969110315,False,False
ALGO,CCNS,0.6730509039580652,0.1814492211366004,55.48186167690227,0.4280858755208586,0.3282411397355238,-1.183945420221138,0.7675669969110315,False,False
CCNS,HRND,0.6747582023944914,0.14498871057207224,53.46653282813772,0.4301254354181246,0.039402435617951745,-1.3847071950988714,0.768826370020533,False,False
ANSO,ACAC,0.6764277023918723,-0.42964971965571375,49.23392575295828,0.43144193233345884,0.29479428531921803,-0.9569241434368907,0.7700404647764618,False,False
HRET,ACAC,0.6772054751590262,0.22763859835363526,50.944164271747894,0.4324043366804257,0.13631356207140002,0.29101277184044827,0.7702381630934508,False,False
ELLT,GARI,0.6801733427705461,-1.7689320509958901,79.32038867716112,0.4351356549233997,0.2998716452378024,-1.0730682205250501,0.7729242531483478,False,False
ALGO,ALUT,0.6848432719260571,0.08707542733706874,65.84778576581613,0.5152119357034184,0.3363313311931056,-1.1955452284062407,0.7765772605486846,False,False
NPCK,NWIG,0.6852982117058695,0.09048710708991224,83.40439215083518,0.44116121125097474,0.24774248233572008,-0.36004263901697614,0.7765772605486846,False,False
ELLT,FCSG,0.685689595140623,0.09358034545024307,54.15687149051827,0.44241947431492257,0.23902657929743792,1.2996365378759074,0.7765772605486846,False,False
ELLT,SMAH,0.6858243101002501,0.7010967514332034,68.69887191080466,0.441949383154139,0.13377357411209978,-0.7707796101141985,0.7765772605486846,False,False
SPLZ,FARS,0.6881060711510028,0.3827320216102209,41.283451688061916,0.4400090611330568,0.23327128663495422,1.1506790580722397,0.7779549065334925,False,False
HRET,HRND,0.6890819326455304,0.2904809479539422,52.158045761962164,0.4458949594800951,0.08029051452930988,0.11819401961338472,0.7779549065334925,False,False
AMRP,MHRM,0.6895901657978739,0.5922947026448848,48.29467891903509,0.4510373347953224,0.0840396160038105,1.790638928295588,0.7779549065334925,False,False
ANSO,SPLZ,0.6902696058379614,-0.2571909363610335,54.43743768287913,0.44729461912834206,0.2491069960884335,-1.046386374301581,0.7779549065334925,False,False
ELLT,FARS,0.6910341604065718,-0.3143090396186947,87.75075313354432,0.44887795922659274,0.16679433000547741,-1.6333637487591495,0.7779549065334925,False,False
NPCK,MDGI,0.6910510282291736,-2.4203126488918127,67.27537154999241,0.4480063293298861,0.2181200034350462,-1.4717099169137329,0.7779549065334925,False,False
IHOZ,NGTE,0.6913120855705467,0.47853215238748703,64.8943945286137,0.4484709948294802,0.2452595261795635,-0.07436754215603417,0.7779549065334925,False,False
ACAC,HRND,0.6928619065303504,0.4352447648128299,60.81446177034668,0.4503046271929074,0.07039541755829073,-0.6289229915496313,0.7788492754363344,False,False
HETT,CUBO,0.6933285706825408,0.09553969033776577,78.52221783884447,0.45242034448450896,0.321524660841309,-2.1918987471246454,0.7788492754363344,False,False
ALGO,IHOZ,0.6946271435566542,1.5207570202397243,62.698913709511444,0.45237224710465973,0.4839689769659324,0.6132340092350942,0.7796211338333927,False,False
ANSO,MHRM,0.698621853936248,-1.9610177490782021,40.63797873414152,0.45812917444780676,0.18477388086401458,-1.7661750294537775,0.7829596686118172,False,False
SRNA,ALUT,0.6990967024979516,0.0328115008477556,57.15980314099611,0.45799990801526264,0.09695548434827088,-1.203233038309318,0.7829596686118172,False,False
OTCS,HRND,0.6994439706265567,-0.3715955357161236,69.23695872806528,0.4582564998221788,0.04808972267315666,0.9071157224461579,0.7829596686118172,False,False
HRET,GARI,0.700492726266716,-0.4161631108665567,54.71855596753863,0.4593481918672436,0.15762127925724262,-0.5671591215294008,0.7830256527131532,False,False
MDGI,ILVX,0.7010778703415258,1.7237483051275793,64.35142605028841,0.45693823314959864,0.20318063843758782,-1.1963680266389298,0.7830256527131532,False,False
SMAH,ALUT,0.701969529750497,-2.522101326386054,63.825652048222736,0.4610291370842894,0.1192234244286048,-1.0090679338407291,0.7830256527131532,False,False
SRNA,SPLZ,0.7020615206247949,0.4269299802144796,50.78758800983317,0.46217337759917226,0.18546608352760424,-2.0437847007258263,0.7830256527131532,False,False
SRNA,HETT,0.7025736052579193,-0.07030962784293744,60.070440257780454,0.4626230226362832,0.2894808869292017,-2.0405358834196545,0.7830256527131532,False,False
HRET,SPLZ,0.7041896068294597,0.1144576355156281,53.004605846710575,0.4637402719485188,0.05957010223376473,0.2472861845502423,0.783096300498699,False,False
HRET,NWIG,0.7049464184771086,0.06052939424943401,56.28085551199732,0.4645939833648561,0.15755742341035128,-0.1097258815812911,0.783096300498699,False,False
ALGO,AENO,0.70504222990239,0.15482541817586126,54.53498690253287,0.4650379196951893,0.4780882214714792,-1.6109298842414277,0.783096300498699,False,False
HUXZ,HRET,0.70509376703726,0.19250853873143053,53.03876509445398,0.46483223514160077,0.23217009172578718,0.2792546068401267,0.783096300498699,False,False
AMRP,ACAC,0.7083972845694668,0.12404476699076117,55.33809270887469,0.46994988395211496,0.24817259936750366,1.1436016918324883,0.7836482418896535,False,False
HRET,MHRM,0.7090725990806241,0.36534035189617475,55.63045655875617,0.4695748617355206,0.0720017484474765,-0.03742791132698854,0.7836482418896535,False,False
HRET,EAFC,0.7093903228564548,0.23867685822649157,55.17781096896836,0.46997436371901563,0.13484542770678015,0.08348664699726635,0.7836482418896535,False,False
HRET,RRES,0.7097134346961244,-0.08720302810420158,55.318176085050254,0.47034987628722846,0.10928485885605452,-0.2189827715536275,0.7836482418896535,False,False
ELLT,BLBT,0.7100090672716455,-0.1879565626345026,88.04501739071003,0.47026463541339186,0.3021116596421535,-0.8164119740698519,0.7836482418896535,False,False
ELLT,SPLZ,0.7101882713935241,-0.06846843034595883,87.37232037954638,0.4704791461643382,0.17306996020743612,-0.8977278760681993,0.7836482418896535,False,False
HRET,BLBT,0.7102358649548728,0.27710173116296144,56.8079381946959,0.4709830577571036,0.18913117164863044,-0.09284692575177564,0.7836482418896535,False,False
AENO,MSDP,0.7109369043021698,0.1422225307987906,57.51852679904882,0.47247739421065127,0.13648398563949446,-1.4732235352743972,0.7836482418896535,False,False
OTCS,HRET,0.7114564847998353,0.4114323517300626,54.416840242698086,0.47274696062115773,0.15575857967558077,-0.9874691986701645,0.7836482418896535,False,False
HRET,FWWG,0.7118271708943142,0.494802537744751,55.91629198761192,0.4729269217746399,0.19548850726286657,0.022356649957922317,0.7836482418896535,False,False
MSDP,HRET,0.7123516175294968,-0.17376205636918934,55.61621688200167,0.47366569814230386,0.14639362211787132,-0.6551537243061344,0.7836482418896535,False,False
HRET,IHOZ,0.7138790567871554,0.12257216486502423,57.04444363687264,0.4754171682787402,0.2739964767113829,-0.20658005794668838,0.784220363778925,False,False
AENO,SPLZ,0.7145164115285205,0.927332714238408,67.3614498738917,0.4761941187587422,0.13488717037207584,0.27853707264894906,0.784220363778925,False,False
HUXZ,NGTE,0.7153226716665895,0.5177781357980831,76.36750293301301,0.4776028443377778,0.1926957837413212,-1.1510749323545688,0.784220363778925,False,False
AENO,SRNA,0.7155498607168527,0.8205128110051263,68.65044613438683,0.4774689819299084,0.3368504933045901,-0.12359795273330881,0.784220363778925,False,False
CUBO,NGTE,0.7163112174027856,-0.6701141655806482,62.74444842525482,0.47925076412136647,0.2617066380741979,1.0385889908392656,0.784220363778925,False,False
SMAH,NPCK,0.717174742715258,-2.673480560019101,58.28410900133366,0.4802766577176418,0.23348221868170943,-1.3283975039935698,0.784220363778925,False,False
NPCK,HRET,0.7171772111107659,-0.23248995090914065,56.48161279970749,0.4800572782450284,0.1993749251945774,-0.5308956419262693,0.784220363778925,False,False
NPCK,HRND,0.7191064253827408,0.2031951300920798,120.47394651421574,0.48122818315575694,0.06988617920806174,-0.4978792829487384,0.7854270181302903,False,False
AENO,HRET,0.719512750726415,0.05061593434170119,57.75291918216427,0.48276516171002637,0.239481338950581,-0.17628128759420664,0.7854270181302903,False,False
HRET,ALUT,0.7206914144675751,-0.5021126852953862,55.38208268155063,0.48428614463053576,0.05343183000078595,-0.6681964149955886,0.7860406787392287,False,False
HRET,CCNS,0.7222926857016907,-0.09345807379821092,57.26513212695411,0.4861173024417538,0.15996585146142542,-0.47752478859382363,0.7871138241620989,False,False
DUCT,ALUT,0.7234679838645066,0.1760302783148058,60.02574207158144,0.4879213847317875,0.16695508615220422,-1.3034639578430478,0.7871193047260279,False,False
OTCS,MDGI,0.723960633471137,1.319787473767036,73.00918618324705,0.4879215020892962,0.08647873352660952,-1.5517481970060383,0.7871193047260279,False,False
SMAH,FWWG,0.7241497603479456,-0.13840679957882696,53.649600446146415,0.48940885092605135,0.24099209747051606,-2.0677873301194127,0.7871193047260279,False,False
MDGI,FARS,0.7253530351444402,-0.09333904746298768,109.1349904843971,0.611750784585091,0.1216082560409065,-1.5421868159910708,0.787755638679013,False,False
ALUT,ILVX,0.7263866163540694,-0.11713361479723258,52.562970246773894,0.491783299285432,0.22578887911696832,-2.0224338713686856,0.7882067539161179,False,False
SPLZ,NWIG,0.7275866030409424,0.9553044709075615,73.60176689914454,0.49240985070940974,0.1770601287712153,0.1741852545118124,0.7888375160520421,False,False
DUCT,NPCK,0.7347675020128912,0.4691837970618959,116.83187375860904,0.500477093121022,0.26797027909004495,-0.5080599809685087,0.7959461045594192,False,False
ALGO,ANSO,0.7363327939428814,-0.06568881162505144,76.04642380005296,0.5023090525138763,0.40175054423819184,0.05419429429181946,0.7969623690489788,False,False
SRTX,ILVX,0.7369557906735262,-0.0765986209442013,110.36398648387936,0.5030721844817706,0.3687402788770243,-1.1663364612374785,0.7969623690489788,False,False
CUBO,ANSO,0.7378193525468004,0.2988566469298449,57.649566972525434,0.5050611327447198,0.2677941172385539,-1.2274336319170425,0.7972200631331954,False,False
DUCT,SMAH,0.7411059770008845,-1.1762496862138194,75.08231202303261,0.5088130174873002,0.3353741874334728,-0.7447558591701965,0.800093243586899,False,False
SMAH,CCNS,0.7424851459107332,-1.7771838697923856,69.48435099868901,0.510679988423632,0.12690850733769193,-1.088809303109101,0.8003682864143215,False,False
ELLT,CCNS,0.742616221825994,-1.2668373301412967,81.08370120689084,0.5105816821283904,0.21301484483677224,-1.2295571954870375,0.8003682864143215,False,False
ANSO,RRES,0.7453582583653602,0.5098025015673493,64.17135261653817,0.5141455904127414,0.13490602761519915,-0.7873858182189629,0.8026450839660763,False,False
AENO,SMAH,0.7463621113838603,-0.30073881290010473,67.07655078512342,0.515545870431415,0.24561248588539608,-1.131641801515626,0.8030478413623814,False,False
SMAH,BLBT,0.7471254970782238,-1.3892960072797367,64.08395953324474,0.5167140478390702,0.22649592303103047,-1.2790409528772058,0.8031914070613283,False,False
DUCT,SPLZ,0.7482041006968869,0.1475560790872203,73.67352953099686,0.517749056554018,0.205311662815636,0.06897588915106818,0.8032975007499967,False,False
FWWG,ILVX,0.7484842595223499,-0.21422022879428504,55.78236398328411,0.5193278525018401,0.32053324490093993,-2.180571323414258,0.8032975007499967,False,False
SMAH,NWIG,0.7511536203644904,-0.2577246589864466,72.04282997017512,0.52148619865622,0.1688825835913881,-1.0294247497280453,0.8044073336030215,False,False
HETT,DUCT,0.7515405053709295,-0.3218102367501956,58.797886483164056,0.5223515116420087,0.21002566673126533,-1.883520886666689,0.8044073336030215,False,False
MSDP,NWIG,0.7519556103490936,0.11820893165553925,66.58518569860665,0.5231652425420551,0.14409081631321607,-1.500877586099404,0.8044073336030215,False,False
ACAC,NGTE,0.7527549317995071,0.638736405323139,73.93176888003856,0.5233929960339597,0.18763286833298573,-0.8139691265886118,0.8044073336030215,False,False
SRNA,ANSO,0.7536534883459639,-0.15034845269977454,66.76767050948159,0.5242754604299665,0.2598168179294501,-0.48002318938440686,0.8044073336030215,False,False
SMAH,SRTX,0.7538838294240775,-0.09260163229815556,76.7254825865494,0.524838267255156,0.29944092998871163,-0.9142869333299575,0.8044073336030215,False,False
SMAH,MSDP,0.7543351170912906,-1.3670595512173755,62.756221929289154,0.5258518114836443,0.20144029795909704,-1.5588100125387618,0.8044073336030215,False,False
OTCS,SMAH,0.7545656243052656,1.5726165005942518,57.24228818225388,0.5264471095817461,0.1500653689088956,-1.972321691951853,0.8044073336030215,False,False
EORC,CCNS,0.7552981638829024,0.0658747105889677,64.36550255640331,0.527458986926902,0.10844328389216713,-1.5785012070081097,0.8045155880958234,False,False
EORC,ALUT,0.7571898235313865,0.03942521090068581,65.72082399591072,0.5296978320953112,0.0993351416261719,-1.419913854257777,0.8053690918743764,False,False
SRNA,GARI,0.7580270803490279,0.056902075098491864,66.82208644526987,0.5300066951195753,0.24242939120252494,-0.31785012627366604,0.8053690918743764,False,False
EORC,SPLZ,0.7581949164773709,0.8069019500675512,65.57969138693893,0.5315949986972104,0.18460535908888348,-1.9803960248413528,0.8053690918743764,False,False
ALUT,HRND,0.7586261014440205,0.05377438565049896,65.54791010024783,0.531511164061297,0.12079664390359095,-1.4060522469228736,0.8053690918743764,False,False
SMAH,AGVF,0.7647459118412752,-0.30282861587574494,73.30527509751465,0.5389363032619646,0.12612590759583886,-0.8815629929960412,0.8106010733622177,False,False
HRND,ILVX,0.7648259539252924,-0.4254117780052308,132.56174144414638,0.5371758324766948,0.19074196994259537,-0.9189391387245932,0.8106010733622177,False,False
EORC,GARI,0.7668942172140021,0.06612267087272554,82.0783161742398,0.5412255089987216,0.18547008077749072,-0.7383953641492772,0.8115011331900319,False,False
HUXZ,ILVX,0.767367210557569,-0.27421884318524326,118.52875424788192,0.5423790559127726,0.36272136830772445,-1.1217141426685842,0.8115011331900319,False,False
ALGO,GARI,0.7675846012762184,0.11105753879201949,93.86036718030444,0.5415829003657399,0.519408873615204,-0.5603041824920123,0.8115011331900319,False,False
EORC,ANSO,0.7743503048750916,0.1278306862821303,83.2801963522309,0.5508483170959525,0.2071802033632519,0.3697889293477066,0.8173265873825644,False,False
SMAH,HRND,0.774963179192467,-0.5530308838318516,88.43373451226762,0.5521086656533006,0.06483441400950628,-0.7575042584499231,0.8173265873825644,False,False
HETT,BLBT,0.775903927908959,-0.21017697694459747,63.06243675407664,0.5539743511227337,0.17890350112795528,-1.8446502618756757,0.8173265873825644,False,False
AMRP,EAFC,0.7761470115993492,0.29290470808131736,54.525848825310696,0.5585736546829877,0.23903091917588049,1.8362889425570106,0.8173265873825644,False,False
GARI,NGTE,0.7767647560063107,0.03443182042943593,85.45815364693625,0.5544166396463375,0.2024390648771623,-0.8586629216198685,0.8173265873825644,False,False
ALUT,NGTE,0.7771784300598917,0.018319607629220545,68.17417740405988,0.5558564779249404,0.10544839439526772,-1.5163207152937923,0.8173265873825644,False,False
ANSO,NGTE,0.7787898548086751,0.09441282800820568,84.25456390544167,0.5568070574168792,0.21244418761853487,0.3780248538251274,0.8173265873825644,False,False
CCNS,NGTE,0.7788633356517858,0.03289206982365669,67.03215117042025,0.5582981699199431,0.11575198435550055,-1.6771384643977016,0.8173265873825644,False,False
CCNS,ILVX,0.7793001540000599,-0.1676660833315607,57.51947900923847,0.5591802253641012,0.1635975678241975,-2.278689274265103,0.8173265873825644,False,False
EORC,HRND,0.7795052002017241,0.5696606252012895,83.18675037521801,0.5584435439333376,0.10640611041721092,-0.6135818373211964,0.8173265873825644,False,False
EORC,ACAC,0.7821171779785058,0.8102141455003693,64.06089268112385,0.5613801790193358,0.25533251236669446,-0.897061323413243,0.8193914559758381,False,False
ACAC,ILVX,0.7841624876487487,-0.2892303265042043,130.71442432204117,0.5644482400379238,0.3906700702525205,-1.0174513335238493,0.82067108661565,False,False
HUXZ,SMAH,0.784625925164296,-0.33935777133676553,80.76276025818721,0.5652229725077812,0.2574230372412025,-0.8876312352736656,0.82067108661565,False,False
EORC,SRTX,0.7859040732784505,2.4905437377434003,71.1115901001165,0.5676883022094247,0.2510724587623605,-1.6222805652414407,0.8213341749426428,False,False
SRNA,OTCS,0.7865926801747183,-0.10639956441840837,83.1075866933337,0.5682449253981355,0.2574832545392249,1.0194411885338919,0.821380562836008,False,False
SMAH,ACAC,0.7889365366199096,-0.3422165439918028,88.09039007533976,0.5710380797508793,0.24724404619528156,-0.7726867348534324,0.8225043546382025,False,False
NPCK,ILVX,0.7889590789980562,-1.9928751280723356,88.40430594006325,0.5717551003135457,0.3928238044565138,-1.6024601001358865,0.8225043546382025,False,False
SRNA,SMAH,0.7940520199480494,-0.0747113064104305,100.56703111072966,0.5779708275483985,0.26103909320309987,-0.3683247564808704,0.8271375207792182,False,False
SRNA,MSDP,0.796186428743431,2.156942331597186,161.6056500061742,0.5819687684212185,0.25885264714673023,-0.7839700123073401,0.828683833998265,False,False
SMAH,EORC,0.7978740889743279,0.36692432813238074,104.33606372222741,0.5834039720087281,0.18365764109709132,0.3623460518852692,0.8297630207522578,False,False
SMAH,NGTE,0.8003977930214539,0.2630332572892164,107.65872586553371,0.5869461936285707,0.24890137657203043,0.36772543409183595,0.8311795780020315,False,False
HRND,NGTE,0.8005400170874468,1.0436713265592164,76.1052956464139,0.5872262112863057,0.10681880260664027,-0.8688984214957093,0.8311795780020315,False,False
SMAH,SPLZ,0.8047568744732084,-0.19603546289247226,92.4903802410235,0.593106524524023,0.19768662942261145,-0.8087254680669215,0.8348779617195613,False,False
SPLZ,NGTE,0.8064377124758033,0.4536068076710159,69.9583968646997,0.6019070539860172,0.14753860748672348,-2.1434029888850152,0.8359415312249181,False,False
MSDP,MDGI,0.8083423361355071,-2.046035176835663,69.50467765493768,0.5972549460478629,0.15623308108859207,-1.8321718593376948,0.8372351572483928,False,False
ELLT,NPCK,0.8101472578290712,-1.8569812142773343,92.66971396325393,0.6007933706594479,0.12280588176266836,-1.2749416392417392,0.8384235014058975,False,False
SRNA,NPCK,0.8112600694936827,0.0774623639737452,157.42876449661878,0.602195785646882,0.2668363884067258,-0.40194267283770574,0.8388942324448057,False,False
DUCT,ILVX,0.8132293754285864,-0.93897796227337,110.48139176373921,0.6047506464073155,0.39249356442761824,-0.9438426252016832,0.8399907351853374,False,False
MSDP,HRND,0.8138361470237063,0.25304347994073123,86.30113678477694,0.6069764759867678,0.12958740331582858,-1.5083460051127662,0.8399907351853374,False,False
ALGO,MSDP,0.8144570065004202,0.3993214228995306,74.61535567034572,0.6074809606901412,0.4800205049039598,-1.563362189038161,0.8399907351853374,False,False
SRTX,NGTE,0.8149557171954999,0.15593522288296724,93.33033138513652,0.6078152051701042,0.2644677275728095,-0.6477719714543173,0.8399907351853374,False,False
AGVF,ILVX,0.816201637284635,-1.360498887166004,80.98075034875048,0.6104622167654741,0.2734447628601157,-1.6500186199349816,0.8403296741907971,False,False
ALGO,SMAH,0.8166027186842334,0.5029919997546308,122.70591175394313,0.610170737130682,0.45287989139781576,0.43847882587882936,0.8403296741907971,False,False
DUCT,MSDP,0.81807738777754,0.6258023552532812,84.07128059501707,0.6131712905442094,0.25515029251273513,-1.5289553106233793,0.8406386209350871,False,False
ELLT,MSDP,0.8182215910434848,-1.2179884892527015,84.62413371071668,0.6127357726761635,0.23059326757543613,-1.6650668779142286,0.8406386209350871,False,False
SPLZ,HRND,0.819235034641627,0.8814105461523636,73.04502264021724,0.6153581231886904,0.21018089412401583,-2.109145880753526,0.8410021490886267,False,False
SMAH,RRES,0.8203698772181462,0.7086295345727087,86.93870109342662,0.6159413535429267,0.21149717907809837,-1.2264362657088819,0.8414896166155563,False,False
ALGO,NPCK,0.8238230955892833,0.14630881091768483,187.65031614420718,0.6191155621060225,0.4386983047424133,-0.6657679096357393,0.8443524492575051,False,False
SMAH,MHRM,0.8269525896910273,-1.8853659300483923,81.56994604676785,0.6259510291133588,0.16168763595470453,-1.4229151847770873,0.8468791581173171,False,False
EORC,ILVX,0.830386754489048,0.20797848047447434,176.9211317679826,0.6297768815933218,0.341481670596437,0.17889351616095736,0.8491626447436587,False,False
AENO,ILVX,0.8310416975075212,-0.22600206796594627,102.9988931310842,0.6319471705726951,0.3458103533374605,-1.3526712130029424,0.8491626447436587,False,False
SMAH,EAFC,0.8311803769726165,-0.9037425550815297,83.463254666475,0.632324695751582,0.15570076053637033,-1.3967390224269667,0.8491626447436587,False,False
MSDP,ILVX,0.8337038126135068,-1.0026857589483962,98.89109046441368,0.6366559995673102,0.2558268226261679,-1.7674314997413836,0.8510587358544605,False,False
BLBT,ILVX,0.8354051353703854,-0.35348116790931616,76.68204830752599,0.6398769630319793,0.24991280456058942,-2.217853551565731,0.8521132380777932,False,False
ALGO,ILVX,0.8394538417623332,0.26495943926491805,204.31527296884573,0.6433430750782783,0.5900418852769103,0.2055545896994237,0.8555584718201237,False,False
NGTE,ILVX,0.8409025025136619,0.14899841328161467,179.74911623159085,0.646108309873735,0.31549249626067294,0.18090241920931216,0.8563503919368363,False,False
SRNA,ILVX,0.8425663745216352,-0.06946094060257825,162.50835062691496,0.6490355314862116,0.3886743238873375,-0.5324774801844088,0.8569847851316453,False,False
SMAH,CUBO,0.84286974161183,0.34369739631554136,94.82400796391174,0.6502004027671513,0.24633289616209686,-1.3455720013081462,0.8569847851316453,False,False
DUCT,EORC,0.8495287366205513,0.29969057238940805,84.39994697560007,0.6601066220216525,0.2716263087565337,-0.28028773635210064,0.8625978026473994,False,False
NPCK,NGTE,0.8497434040197126,0.033705958293338,242.31272718557358,0.6598084195683226,0.21077550155651442,-1.046376469222685,0.8625978026473994,False,False
EORC,NWIG,0.8508753310042902,1.576430954632702,99.76981182487974,0.6611272943557152,0.1810167077917651,-0.4477576501424642,0.8630597032859746,False,False
NWIG,ILVX,0.8538704743031755,-0.19603277457688426,102.53659390710052,0.6676544674060074,0.31988021241741815,-1.2466001305854977,0.8654092644964617,False,False
AENO,EORC,0.8576620332016798,1.365746233205375,132.25505576346617,0.6720209937236867,0.28214258657930674,-0.5175000218775674,0.8684530605765726,False,False
ALGO,OTCS,0.8582359657462599,-0.07349428845163468,80.52643342318822,0.6754183104721536,0.356952061637905,-2.0253357450472382,0.8684530605765726,False,False
ELLT,OTCS,0.8655597327355421,1.2598920128253637,105.30597983169454,0.6869804229310843,0.17434299990068688,-1.6681345004199,0.8751694363503697,False,False
NPCK,EORC,0.8707900956455022,0.06768608056509345,232.60633165553372,0.6950125225856388,0.2898276062630914,-0.9411084532142243,0.8797601996418506,False,False
DUCT,NGTE,0.8726291351696049,0.17386948756832554,98.62683436968676,0.698626246600837,0.34549418652848773,-0.5534761479956473,0.8809201483303613,False,False
NWIG,NGTE,0.8762697111997988,0.24672326010464835,113.56720339419715,0.7052382427811283,0.26838871133675496,-1.1951831478092567,0.8838954760915693,False,False
RRES,ILVX,0.8793161903351552,0.4868756221859585,140.96455520811068,0.7107674396854483,0.1351296620893745,-1.2965661828126256,0.8857357579031959,False,False
MSDP,EORC,0.8794835054944674,0.10170210504640126,115.71506659707335,0.7117690954899217,0.21064014956636248,-1.7381669011239855,0.8857357579031959,False,False
AENO,NGTE,0.8807076836194955,0.24842509993771178,119.52034779028837,0.7130127773349897,0.24098258836520398,-1.2216811719106093,0.8862685845421127,False,False
ILVX,EAFC,0.8870768622374103,-0.6838328650829476,141.0402984756089,0.7250618287266083,0.24187989508974286,-1.6379553393805177,0.8919739742529166,False,False
MSDP,NGTE,0.8879625826771453,0.06060912431597576,117.87007921751633,0.7269497612433342,0.1929639673848717,-1.7918886888798276,0.892160987323373,False,False
SPLZ,ILVX,0.898032957887021,-0.1572574502211757,151.37871640383642,0.7444961979163185,0.22213199001357797,-1.002583231919222,0.9015685207133478,False,False
CUBO,ILVX,0.9036729806254493,0.2524677319730334,210.58778207750115,0.755804636155299,0.3712174117840089,-1.5449906781168925,0.9065169553874491,False,False
ILVX,MHRM,0.9124057249817783,-0.18700917453026614,111.49859049743614,0.7742470636252389,0.23031003731507763,-2.8188538151082145,0.9145576252765466,False,False
OTCS,EORC,0.9233363985981882,0.02794845608030791,165.39949048055703,0.7956870003894081,0.17086652146085177,1.7049618773335526,0.9247870449431971,False,False
OTCS,ILVX,0.9269857303617801,1.1360064954537574,123.04661302616945,0.8032168610255157,0.23236634882011042,-2.2407880899123973,0.927713348674466,False,False
OTCS,NGTE,0.9354000451505827,0.04283556958292531,185.74075050186573,0.8218915600121908,0.18104953502327248,1.802863326659228,0.9354000451505827,False,False
