a,b,kendall_tau,lower_TD,upper_TD,asymmetry
ALGO,AENO,0.31391675622712617,0.3206412825651302,0.34068136272545096,-0.020040080160320772
ALGO,LSST,0.27424768007069367,0.3006012024048096,0.24048096192384774,0.060120240480961845
ALGO,SRNA,0.3470436501003405,0.42084168336673344,0.3206412825651303,0.10020040080160314
ALGO,ELLT,0.2938764341318143,0.3006012024048096,0.20040080160320645,0.10020040080160314
ALGO,AMRP,0.26348958514669474,0.2605210420841683,0.16032064128256515,0.10020040080160317
ALGO,OTCS,0.23113389793376404,0.24048096192384769,0.24048096192384774,-5.551115123125783e-17
ALGO,HETT,0.29519187431588434,0.34068136272545085,0.2605210420841684,0.08016032064128248
ALGO,HUXZ,0.303115907933187,0.3006012024048096,0.3206412825651303,-0.020040080160320717
ALGO,DUCT,0.3651462090638786,0.280561122244489,0.2605210420841684,0.020040080160320606
ALGO,SMAH,0.30528895490737745,0.280561122244489,0.34068136272545096,-0.060120240480961984
ALGO,NPCK,0.2877441949196912,0.3607214428857715,0.24048096192384774,0.12024048096192377
ALGO,MSDP,0.32773241308718704,0.3206412825651302,0.24048096192384774,0.08016032064128245
ALGO,EORC,0.28179930461657327,0.280561122244489,0.2605210420841684,0.020040080160320606
ALGO,CUBO,0.3577479185287601,0.3006012024048096,0.34068136272545096,-0.04008016032064138
ALGO,HRET,0.23128556367399924,0.24048096192384769,0.2204408817635271,0.020040080160320578
ALGO,ANSO,0.2625040744822056,0.3206412825651302,0.3006012024048097,0.020040080160320495
ALGO,DIHO,0.27763220283128803,0.280561122244489,0.28056112224448904,-5.551115123125783e-17
ALGO,RTTH,0.240782622000732,0.2605210420841683,0.2605210420841684,-5.551115123125783e-17
ALGO,SPLZ,0.3056108877924427,0.3006012024048096,0.2605210420841684,0.04008016032064121
ALGO,NWIG,0.2588179429482085,0.280561122244489,0.24048096192384774,0.04008016032064124
ALGO,MMBT,0.26429080199431776,0.280561122244489,0.24048096192384774,0.04008016032064124
ALGO,MDGI,0.29419836701687957,0.2605210420841683,0.20040080160320645,0.06012024048096187
ALGO,AGVF,0.27732908383946037,0.22044088176352705,0.28056112224448904,-0.060120240480961984
ALGO,RRES,0.3098288878916613,0.3206412825651302,0.3006012024048097,0.020040080160320495
ALGO,CTGI,0.2928301522553522,0.1603206412825651,0.28056112224448904,-0.12024048096192394
ALGO,ALUT,0.20712385667140823,0.24048096192384769,0.2204408817635271,0.020040080160320578
ALGO,ACAC,0.3103754944914084,0.24048096192384769,0.3206412825651303,-0.08016032064128262
ALGO,SRTX,0.31797311057894834,0.3607214428857715,0.3607214428857716,-1.1102230246251565e-16
ALGO,GARI,0.34529467393989727,0.34068136272545085,0.34068136272545096,-1.1102230246251565e-16
ALGO,RCRI,0.3054821146384166,0.280561122244489,0.3206412825651303,-0.04008016032064132
ALGO,ACIX,0.32691402339759723,0.280561122244489,0.34068136272545096,-0.060120240480961984
ALGO,CCNS,0.2203217942824581,0.18036072144288576,0.2204408817635271,-0.04008016032064135
ALGO,MTNS,0.30954546673487066,0.3607214428857715,0.2204408817635271,0.1402805611222444
ALGO,IHOZ,0.3168141521927134,0.280561122244489,0.34068136272545096,-0.060120240480961984
ALGO,NAYO,0.2836550650309926,0.3006012024048096,0.2204408817635271,0.08016032064128248
ALGO,FWWG,0.33780167344754036,0.2605210420841683,0.28056112224448904,-0.020040080160320717
ALGO,EELT,0.2874630781829777,0.280561122244489,0.34068136272545096,-0.060120240480961984
ALGO,HRND,0.21544615665579606,0.2605210420841683,0.20040080160320645,0.06012024048096187
ALGO,AETS,0.27758640120783235,0.22044088176352705,0.1803607214428858,0.04008016032064124
ALGO,ULXY,0.26440347850409057,0.12024048096192384,0.24048096192384774,-0.1202404809619239
ALGO,BLBT,0.36834840420724313,0.3206412825651302,0.2605210420841684,0.06012024048096182
ALGO,BENI,0.362311788780338,0.34068136272545085,0.34068136272545096,-1.1102230246251565e-16
ALGO,ITPA,0.3483041638672908,0.3607214428857715,0.2204408817635271,0.1402805611222444
ALGO,HTRK,0.3190245914125327,0.3006012024048096,0.42084168336673355,-0.12024048096192397
ALGO,NGTE,0.33261434700752923,0.2605210420841683,0.28056112224448904,-0.020040080160320717
ALGO,ILVX,0.40684268350121083,0.3206412825651302,0.4408817635270542,-0.12024048096192402
ALGO,FCSG,0.27356246908419696,0.280561122244489,0.28056112224448904,-5.551115123125783e-17
ALGO,FARS,0.23400590749979217,0.1402805611222445,0.24048096192384774,-0.10020040080160325
ALGO,MHRM,0.26181411437410973,0.3206412825651302,0.3006012024048097,0.020040080160320495
ALGO,EAFC,0.30847240735169007,0.34068136272545085,0.20040080160320645,0.1402805611222444
AENO,LSST,0.15502553309770148,0.1402805611222445,0.28056112224448904,-0.14028056112224455
AENO,SRNA,0.2137367103685282,0.22044088176352705,0.2204408817635271,-5.551115123125783e-17
AENO,ELLT,0.13648984716420792,0.22044088176352705,0.12024048096192387,0.10020040080160318
AENO,AMRP,0.16961580114087144,0.280561122244489,0.16032064128256515,0.12024048096192383
AENO,OTCS,0.08029264649242353,0.08016032064128255,0.12024048096192387,-0.04008016032064132
AENO,HETT,0.14953782511280905,0.22044088176352705,0.16032064128256515,0.0601202404809619
AENO,HUXZ,0.19036466507311808,0.24048096192384769,0.16032064128256515,0.08016032064128253
AENO,DUCT,0.1862539564985686,0.18036072144288576,0.3006012024048097,-0.12024048096192394
AENO,SMAH,0.17019581331337372,0.2004008016032064,0.10020040080160322,0.10020040080160317
AENO,NPCK,0.18982257467638014,0.22044088176352705,0.16032064128256515,0.0601202404809619
AENO,MSDP,0.07096919642281736,0.1603206412825651,0.1803607214428858,-0.020040080160320717
AENO,EORC,0.18799270823385328,0.2605210420841683,0.16032064128256515,0.10020040080160317
AENO,CUBO,0.24594570667439292,0.24048096192384769,0.28056112224448904,-0.04008016032064135
AENO,HRET,0.15029315777522986,0.1603206412825651,0.16032064128256515,-5.551115123125783e-17
AENO,ANSO,0.16113351200392753,0.2004008016032064,0.16032064128256515,0.04008016032064124
AENO,DIHO,0.08860067007340525,0.1603206412825651,0.16032064128256515,-5.551115123125783e-17
AENO,RTTH,0.05128349584147824,0.1603206412825651,0.1803607214428858,-0.020040080160320717
AENO,SPLZ,0.09019645717137084,0.1002004008016032,0.16032064128256515,-0.060120240480961956
AENO,NWIG,0.17661829683463312,0.18036072144288576,0.2204408817635271,-0.04008016032064135
AENO,MMBT,0.08543190799269221,0.1402805611222445,0.08016032064128258,0.060120240480961915
AENO,MDGI,0.14054615254605596,0.18036072144288576,0.12024048096192387,0.06012024048096189
AENO,AGVF,0.1516205100964982,0.2004008016032064,0.20040080160320645,-5.551115123125783e-17
AENO,RRES,0.08909636012307823,0.18036072144288576,0.08016032064128258,0.10020040080160318
AENO,CTGI,0.07548430193720775,0.12024048096192384,0.16032064128256515,-0.04008016032064131
AENO,ALUT,0.061772612448004346,0.1402805611222445,0.12024048096192387,0.02004008016032062
AENO,ACAC,0.2304287289438314,0.280561122244489,0.20040080160320645,0.08016032064128253
AENO,SRTX,0.26146268440495446,0.24048096192384769,0.24048096192384774,-5.551115123125783e-17
AENO,GARI,0.13855242297507614,0.18036072144288576,0.28056112224448904,-0.10020040080160328
AENO,RCRI,0.08198726770810698,0.1002004008016032,0.1803607214428858,-0.08016032064128262
AENO,ACIX,0.11327634584641855,0.18036072144288576,0.1803607214428858,-5.551115123125783e-17
AENO,CCNS,0.10001408559132581,0.1002004008016032,0.14028056112224452,-0.04008016032064132
AENO,MTNS,0.17350499329197702,0.24048096192384769,0.20040080160320645,0.04008016032064124
AENO,IHOZ,0.20143902262356037,0.2605210420841683,0.1803607214428858,0.0801603206412825
AENO,NAYO,0.03255506997931606,0.1002004008016032,0.14028056112224452,-0.04008016032064132
AENO,FWWG,0.16773980664871121,0.1603206412825651,0.2605210420841684,-0.10020040080160328
AENO,EELT,0.033464654066049364,0.08016032064128255,0.16032064128256515,-0.0801603206412826
AENO,HRND,0.0769199813896518,0.1402805611222445,0.04008016032064129,0.1002004008016032
AENO,AETS,0.11499627763672465,0.1402805611222445,0.1803607214428858,-0.04008016032064132
AENO,ULXY,0.16950366596647107,0.12024048096192384,0.16032064128256515,-0.04008016032064131
AENO,BLBT,0.168075140091489,0.1603206412825651,0.1803607214428858,-0.020040080160320717
AENO,BENI,0.1881490225339563,0.24048096192384769,0.2204408817635271,0.020040080160320578
AENO,ITPA,0.1280426958113583,0.2004008016032064,0.1803607214428858,0.020040080160320578
AENO,HTRK,0.19306925548444315,0.08016032064128255,0.20040080160320645,-0.1202404809619239
AENO,NGTE,0.16273576364009573,0.18036072144288576,0.12024048096192387,0.06012024048096189
AENO,ILVX,0.22733821055766149,0.2605210420841683,0.2204408817635271,0.04008016032064121
AENO,FCSG,0.10529492720380518,0.18036072144288576,0.2204408817635271,-0.04008016032064135
AENO,FARS,0.08738797831870225,0.1603206412825651,0.12024048096192387,0.040080160320641225
AENO,MHRM,0.08704226189735756,0.1402805611222445,0.16032064128256515,-0.02004008016032066
AENO,EAFC,0.11703394887380211,0.22044088176352705,0.14028056112224452,0.08016032064128253
LSST,SRNA,0.20247805844003602,0.22044088176352705,0.3006012024048097,-0.08016032064128265
LSST,ELLT,0.09356903996437947,0.12024048096192384,0.2204408817635271,-0.10020040080160326
LSST,AMRP,0.1365125358262643,0.1402805611222445,0.1803607214428858,-0.04008016032064132
LSST,OTCS,0.12046360024242071,0.18036072144288576,0.2204408817635271,-0.04008016032064135
LSST,HETT,0.1972732174970733,0.2004008016032064,0.2204408817635271,-0.020040080160320717
LSST,HUXZ,0.17480814966680908,0.18036072144288576,0.24048096192384774,-0.060120240480961984
LSST,DUCT,0.18756692580074988,0.2004008016032064,0.3006012024048097,-0.1002004008016033
LSST,SMAH,0.13957287898350842,0.18036072144288576,0.1803607214428858,-5.551115123125783e-17
LSST,NPCK,0.18682049257194025,0.2004008016032064,0.28056112224448904,-0.08016032064128265
LSST,MSDP,0.1253737838071676,0.1002004008016032,0.14028056112224452,-0.04008016032064132
LSST,EORC,0.1404518346269604,0.1603206412825651,0.16032064128256515,-5.551115123125783e-17
LSST,CUBO,0.16133536686099698,0.24048096192384769,0.24048096192384774,-5.551115123125783e-17
LSST,HRET,0.09690945674044266,0.12024048096192384,0.16032064128256515,-0.04008016032064131
LSST,ANSO,0.11755284687078331,0.18036072144288576,0.14028056112224452,0.04008016032064124
LSST,DIHO,0.1278978563198409,0.18036072144288576,0.14028056112224452,0.04008016032064124
LSST,RTTH,0.07389134808853118,0.24048096192384769,0.12024048096192387,0.12024048096192382
LSST,SPLZ,0.0715168148222498,0.1402805611222445,0.12024048096192387,0.02004008016032062
LSST,NWIG,0.08577832684847381,0.2004008016032064,0.12024048096192387,0.08016032064128252
LSST,MMBT,0.056997758560789216,0.1002004008016032,0.12024048096192387,-0.020040080160320675
LSST,MDGI,0.08349262176074941,0.1002004008016032,0.12024048096192387,-0.020040080160320675
LSST,AGVF,0.0844423161281842,0.1002004008016032,0.12024048096192387,-0.020040080160320675
LSST,RRES,0.06264135151970475,0.18036072144288576,0.10020040080160322,0.08016032064128253
LSST,CTGI,0.05714262719310978,0.1402805611222445,0.16032064128256515,-0.02004008016032066
LSST,ALUT,0.037683457373272236,0.2004008016032064,0.12024048096192387,0.08016032064128252
LSST,ACAC,0.21501724339311562,0.12024048096192384,0.16032064128256515,-0.04008016032064131
LSST,SRTX,0.1749852113285342,0.22044088176352705,0.14028056112224452,0.08016032064128253
LSST,GARI,0.1372732870114563,0.22044088176352705,0.3006012024048097,-0.08016032064128265
LSST,RCRI,0.10729936700542811,0.22044088176352705,0.20040080160320645,0.020040080160320606
LSST,ACIX,0.09916650300366833,0.1402805611222445,0.1803607214428858,-0.04008016032064132
LSST,CCNS,0.06864828333157208,0.08016032064128255,0.12024048096192387,-0.04008016032064132
LSST,MTNS,0.13098246974282135,0.24048096192384769,0.16032064128256515,0.08016032064128253
LSST,IHOZ,0.20185029436664692,0.22044088176352705,0.3006012024048097,-0.08016032064128265
LSST,NAYO,0.035975710359605735,0.18036072144288576,0.12024048096192387,0.06012024048096189
LSST,FWWG,0.11211673669578862,0.1603206412825651,0.1803607214428858,-0.020040080160320717
LSST,EELT,0.03796378269617706,0.12024048096192384,0.16032064128256515,-0.04008016032064131
LSST,HRND,0.08808367310830657,0.1603206412825651,0.12024048096192387,0.040080160320641225
LSST,AETS,0.0792856165772339,0.1603206412825651,0.16032064128256515,-5.551115123125783e-17
LSST,ULXY,0.10990700238719818,0.1402805611222445,0.08016032064128258,0.060120240480961915
LSST,BLBT,0.12056580617744743,0.12024048096192384,0.14028056112224452,-0.020040080160320675
LSST,BENI,0.2199387447131649,0.280561122244489,0.2204408817635271,0.06012024048096187
LSST,ITPA,0.13610074890405832,0.2004008016032064,0.2204408817635271,-0.020040080160320717
LSST,HTRK,0.16237300825243575,0.2004008016032064,0.28056112224448904,-0.08016032064128265
LSST,NGTE,0.1371348088531187,0.22044088176352705,0.16032064128256515,0.0601202404809619
LSST,ILVX,0.23061476613962925,0.2004008016032064,0.24048096192384774,-0.04008016032064135
LSST,FCSG,0.07908217673232348,0.12024048096192384,0.14028056112224452,-0.020040080160320675
LSST,FARS,0.06885311871227363,0.12024048096192384,0.16032064128256515,-0.04008016032064131
LSST,MHRM,0.11242132089338082,0.12024048096192384,0.1803607214428858,-0.06012024048096197
LSST,EAFC,0.09347622254019301,0.1002004008016032,0.08016032064128258,0.02004008016032062
SRNA,ELLT,0.10370137866093632,0.18036072144288576,0.1803607214428858,-5.551115123125783e-17
SRNA,AMRP,0.14345791209712883,0.1002004008016032,0.10020040080160322,-2.7755575615628914e-17
SRNA,OTCS,0.16388521129498074,0.2605210420841683,0.20040080160320645,0.06012024048096187
SRNA,HETT,0.19340118070294948,0.2605210420841683,0.20040080160320645,0.06012024048096187
SRNA,HUXZ,0.1926664574128176,0.2004008016032064,0.1803607214428858,0.020040080160320578
SRNA,DUCT,0.2374383727942938,0.12024048096192384,0.2605210420841684,-0.14028056112224452
SRNA,SMAH,0.17149962575753916,0.22044088176352705,0.24048096192384774,-0.02004008016032069
SRNA,NPCK,0.17921202488955842,0.2605210420841683,0.14028056112224452,0.1202404809619238
SRNA,MSDP,0.16759097637739373,0.2004008016032064,0.20040080160320645,-5.551115123125783e-17
SRNA,EORC,0.1514050358461875,0.1402805611222445,0.14028056112224452,-2.7755575615628914e-17
SRNA,CUBO,0.22893175910053035,0.24048096192384769,0.20040080160320645,0.04008016032064124
SRNA,HRET,0.2421559671811672,0.2004008016032064,0.2204408817635271,-0.020040080160320717
SRNA,ANSO,0.1672984523263394,0.2004008016032064,0.08016032064128258,0.12024048096192382
SRNA,DIHO,0.14325049728451608,0.2004008016032064,0.2204408817635271,-0.020040080160320717
SRNA,RTTH,0.06718685236733526,0.1402805611222445,0.12024048096192387,0.02004008016032062
SRNA,SPLZ,0.12649395175893957,0.2004008016032064,0.12024048096192387,0.08016032064128252
SRNA,NWIG,0.13578160336737732,0.1402805611222445,0.1803607214428858,-0.04008016032064132
SRNA,MMBT,0.05653878037198895,0.12024048096192384,0.16032064128256515,-0.04008016032064131
SRNA,MDGI,0.10363699286122445,0.2004008016032064,0.08016032064128258,0.12024048096192382
SRNA,AGVF,0.13244963823228784,0.1402805611222445,0.2204408817635271,-0.08016032064128262
SRNA,RRES,0.09035191858551726,0.2004008016032064,0.10020040080160322,0.10020040080160317
SRNA,CTGI,0.09690867679133366,0.12024048096192384,0.1803607214428858,-0.06012024048096197
SRNA,ALUT,0.06619931431724245,0.2004008016032064,0.08016032064128258,0.12024048096192382
SRNA,ACAC,0.18566450169415133,0.2004008016032064,0.2605210420841684,-0.060120240480961984
SRNA,SRTX,0.18209108981014238,0.2004008016032064,0.12024048096192387,0.08016032064128252
SRNA,GARI,0.15785237710195577,0.280561122244489,0.2204408817635271,0.06012024048096187
SRNA,RCRI,0.12781386065303296,0.1002004008016032,0.10020040080160322,-2.7755575615628914e-17
SRNA,ACIX,0.17330725519926365,0.18036072144288576,0.1803607214428858,-5.551115123125783e-17
SRNA,CCNS,0.13731211171640256,0.12024048096192384,0.1803607214428858,-0.06012024048096197
SRNA,MTNS,0.25534757873421227,0.2004008016032064,0.16032064128256515,0.04008016032064124
SRNA,IHOZ,0.20911702923920125,0.2004008016032064,0.28056112224448904,-0.08016032064128265
SRNA,NAYO,0.09045400037021833,0.1603206412825651,0.08016032064128258,0.08016032064128252
SRNA,FWWG,0.18139014550367089,0.1603206412825651,0.24048096192384774,-0.08016032064128265
SRNA,EELT,0.07766568343852245,0.1402805611222445,0.14028056112224452,-2.7755575615628914e-17
SRNA,HRND,0.07891602150523551,0.1402805611222445,0.20040080160320645,-0.060120240480961956
SRNA,AETS,0.11926195702834447,0.06012024048096192,0.08016032064128258,-0.020040080160320654
SRNA,ULXY,0.1753466772903236,0.2004008016032064,0.1803607214428858,0.020040080160320578
SRNA,BLBT,0.15732245191631158,0.1603206412825651,0.20040080160320645,-0.04008016032064135
SRNA,BENI,0.2983352981701516,0.3206412825651302,0.28056112224448904,0.040080160320641156
SRNA,ITPA,0.15656996770143522,0.2605210420841683,0.1803607214428858,0.0801603206412825
SRNA,HTRK,0.19727166359731443,0.22044088176352705,0.20040080160320645,0.020040080160320606
SRNA,NGTE,0.18235741506218048,0.1402805611222445,0.20040080160320645,-0.060120240480961956
SRNA,ILVX,0.26221921755156896,0.22044088176352705,0.2605210420841684,-0.04008016032064132
SRNA,FCSG,0.09497710279997747,0.12024048096192384,0.14028056112224452,-0.020040080160320675
SRNA,FARS,0.1520154848483743,0.1603206412825651,0.2204408817635271,-0.06012024048096201
SRNA,MHRM,0.09554204260418293,0.24048096192384769,0.10020040080160322,0.14028056112224446
SRNA,EAFC,0.12723950881960921,0.22044088176352705,0.14028056112224452,0.08016032064128253
ELLT,AMRP,0.1626296326208811,0.24048096192384769,0.14028056112224452,0.10020040080160317
ELLT,OTCS,0.13022604453161715,0.12024048096192384,0.10020040080160322,0.02004008016032062
ELLT,HETT,0.10523986012783053,0.1402805611222445,0.16032064128256515,-0.02004008016032066
ELLT,HUXZ,0.09661894069263025,0.1402805611222445,0.14028056112224452,-2.7755575615628914e-17
ELLT,DUCT,0.1530380235579957,0.08016032064128255,0.14028056112224452,-0.06012024048096197
ELLT,SMAH,0.09650626554313445,0.1402805611222445,0.1803607214428858,-0.04008016032064132
ELLT,NPCK,0.0681957262854072,0.1603206412825651,0.10020040080160322,0.06012024048096187
ELLT,MSDP,0.15361768330832137,0.12024048096192384,0.10020040080160322,0.02004008016032062
ELLT,EORC,0.11686163727868608,0.1603206412825651,0.1803607214428858,-0.020040080160320717
ELLT,CUBO,0.13600695366636886,0.1402805611222445,0.1803607214428858,-0.04008016032064132
ELLT,HRET,0.034881147359850394,0.08016032064128255,0.10020040080160322,-0.020040080160320675
ELLT,ANSO,0.07234549420125391,0.1402805611222445,0.04008016032064129,0.1002004008016032
ELLT,DIHO,0.1108534871640815,0.1603206412825651,0.16032064128256515,-5.551115123125783e-17
ELLT,RTTH,0.07256308827789829,0.12024048096192384,0.12024048096192387,-2.7755575615628914e-17
ELLT,SPLZ,0.11736726464978146,0.2004008016032064,0.10020040080160322,0.10020040080160317
ELLT,NWIG,0.0937859655053078,0.18036072144288576,0.14028056112224452,0.04008016032064124
ELLT,MMBT,0.06341196449123146,0.18036072144288576,0.08016032064128258,0.10020040080160318
ELLT,MDGI,0.10890053198767011,0.12024048096192384,0.16032064128256515,-0.04008016032064131
ELLT,AGVF,0.1616646948515505,0.2605210420841683,0.12024048096192387,0.14028056112224446
ELLT,RRES,0.12797038174859474,0.22044088176352705,0.14028056112224452,0.08016032064128253
ELLT,CTGI,0.16015162855832143,0.12024048096192384,0.14028056112224452,-0.020040080160320675
ELLT,ALUT,0.14315953845116003,0.18036072144288576,0.2204408817635271,-0.04008016032064135
ELLT,ACAC,0.1516205100964982,0.18036072144288576,0.14028056112224452,0.04008016032064124
ELLT,SRTX,0.10867518168867855,0.1603206412825651,0.14028056112224452,0.020040080160320578
ELLT,GARI,0.1919452068273361,0.22044088176352705,0.16032064128256515,0.0601202404809619
ELLT,RCRI,0.12486821031621474,0.1603206412825651,0.12024048096192387,0.040080160320641225
ELLT,ACIX,0.16186129742241387,0.12024048096192384,0.2204408817635271,-0.10020040080160326
ELLT,CCNS,0.12894138509359723,0.12024048096192384,0.24048096192384774,-0.1202404809619239
ELLT,MTNS,0.11098009127434494,0.12024048096192384,0.08016032064128258,0.04008016032064127
ELLT,IHOZ,0.10843373493975901,0.12024048096192384,0.14028056112224452,-0.020040080160320675
ELLT,NAYO,0.10991460833313212,0.2004008016032064,0.16032064128256515,0.04008016032064124
ELLT,FWWG,0.17083044940832473,0.1402805611222445,0.1803607214428858,-0.04008016032064132
ELLT,EELT,0.07426931883634043,0.18036072144288576,0.14028056112224452,0.04008016032064124
ELLT,HRND,0.09927885010373076,0.24048096192384769,0.14028056112224452,0.10020040080160317
ELLT,AETS,0.13141511906861983,0.18036072144288576,0.2605210420841684,-0.08016032064128262
ELLT,ULXY,0.04810424060973352,0.040080160320641274,0.08016032064128258,-0.0400801603206413
ELLT,BLBT,0.19962494371925496,0.3006012024048096,0.24048096192384774,0.060120240480961845
ELLT,BENI,0.13085022724038248,0.1402805611222445,0.16032064128256515,-0.02004008016032066
ELLT,ITPA,0.19891010600329886,0.2605210420841683,0.2204408817635271,0.04008016032064121
ELLT,HTRK,0.13732696856198945,0.2004008016032064,0.12024048096192387,0.08016032064128252
ELLT,NGTE,0.12073995678183562,0.08016032064128255,0.20040080160320645,-0.1202404809619239
ELLT,ILVX,0.1442483360294887,0.22044088176352705,0.16032064128256515,0.0601202404809619
ELLT,FCSG,0.1586385622650924,0.2004008016032064,0.2605210420841684,-0.060120240480961984
ELLT,FARS,0.11246634822486141,0.1402805611222445,0.1803607214428858,-0.04008016032064132
ELLT,MHRM,0.11159181791612403,0.2004008016032064,0.20040080160320645,-5.551115123125783e-17
ELLT,EAFC,0.15650403244969963,0.1603206412825651,0.1803607214428858,-0.020040080160320717
AMRP,OTCS,0.11198486799742434,0.12024048096192384,0.16032064128256515,-0.04008016032064131
AMRP,HETT,0.11323685656684633,0.1603206412825651,0.12024048096192387,0.040080160320641225
AMRP,HUXZ,0.13851608321317252,0.22044088176352705,0.12024048096192387,0.10020040080160318
AMRP,DUCT,0.13674202517907647,0.18036072144288576,0.16032064128256515,0.020040080160320606
AMRP,SMAH,0.13473325002838513,0.1603206412825651,0.14028056112224452,0.020040080160320578
AMRP,NPCK,0.1381686772376108,0.2004008016032064,0.12024048096192387,0.08016032064128252
AMRP,MSDP,0.08303852102040614,0.1002004008016032,0.10020040080160322,-2.7755575615628914e-17
AMRP,EORC,0.12925372660508816,0.24048096192384769,0.1803607214428858,0.06012024048096187
AMRP,CUBO,0.16280670140825412,0.1603206412825651,0.14028056112224452,0.020040080160320578
AMRP,HRET,0.09409634198130157,0.1402805611222445,0.10020040080160322,0.04008016032064127
AMRP,ANSO,0.1435383979095711,0.24048096192384769,0.12024048096192387,0.12024048096192382
AMRP,DIHO,0.11619640850041736,0.12024048096192384,0.20040080160320645,-0.0801603206412826
AMRP,RTTH,0.08896132648356224,0.2004008016032064,0.08016032064128258,0.12024048096192382
AMRP,SPLZ,0.09545617355655003,0.280561122244489,0.12024048096192387,0.16032064128256512
AMRP,NWIG,0.08687638595020244,0.1603206412825651,0.16032064128256515,-5.551115123125783e-17
AMRP,MMBT,0.012555786740996463,0.1603206412825651,0.04008016032064129,0.1202404809619238
AMRP,MDGI,0.11602834721679807,0.12024048096192384,0.2204408817635271,-0.10020040080160326
AMRP,AGVF,0.1164307762790095,0.1402805611222445,0.16032064128256515,-0.02004008016032066
AMRP,RRES,0.055721897594187074,0.1002004008016032,0.08016032064128258,0.02004008016032062
AMRP,CTGI,0.11340450973117959,0.1402805611222445,0.10020040080160322,0.04008016032064127
AMRP,ALUT,0.06534101198937335,0.1603206412825651,0.14028056112224452,0.020040080160320578
AMRP,ACAC,0.16021505824761256,0.1402805611222445,0.1803607214428858,-0.04008016032064132
AMRP,SRTX,0.1289704658575175,0.1603206412825651,0.20040080160320645,-0.04008016032064135
AMRP,GARI,0.1346710291213549,0.18036072144288576,0.20040080160320645,-0.02004008016032069
AMRP,RCRI,0.06099214866876359,0.12024048096192384,0.10020040080160322,0.02004008016032062
AMRP,ACIX,0.10437050513288713,0.18036072144288576,0.20040080160320645,-0.02004008016032069
AMRP,CCNS,0.06259809881329532,0.1603206412825651,0.16032064128256515,-5.551115123125783e-17
AMRP,MTNS,0.18057199001562077,0.280561122244489,0.20040080160320645,0.08016032064128253
AMRP,IHOZ,0.15002555439241927,0.12024048096192384,0.12024048096192387,-2.7755575615628914e-17
AMRP,NAYO,0.055776668022503514,0.1002004008016032,0.12024048096192387,-0.020040080160320675
AMRP,FWWG,0.0880389245060071,0.18036072144288576,0.1803607214428858,-5.551115123125783e-17
AMRP,EELT,0.03215421146311691,0.1402805611222445,0.16032064128256515,-0.02004008016032066
AMRP,HRND,0.08694427340591414,0.1402805611222445,0.060120240480961935,0.08016032064128256
AMRP,AETS,0.11774601183090606,0.24048096192384769,0.08016032064128258,0.16032064128256512
AMRP,ULXY,0.08214382017859609,0.12024048096192384,0.10020040080160322,0.02004008016032062
AMRP,BLBT,0.14180332819740987,0.1603206412825651,0.10020040080160322,0.06012024048096187
AMRP,BENI,0.16944063386748906,0.18036072144288576,0.14028056112224452,0.04008016032064124
AMRP,ITPA,0.14338325643222044,0.22044088176352705,0.1803607214428858,0.04008016032064124
AMRP,HTRK,0.12138412248365277,0.12024048096192384,0.16032064128256515,-0.04008016032064131
AMRP,NGTE,0.16671093417660587,0.2605210420841683,0.12024048096192387,0.14028056112224446
AMRP,ILVX,0.16008628094770488,0.1603206412825651,0.16032064128256515,-5.551115123125783e-17
AMRP,FCSG,0.11113480982030714,0.24048096192384769,0.1803607214428858,0.06012024048096187
AMRP,FARS,0.06779347262924498,0.1603206412825651,0.12024048096192387,0.040080160320641225
AMRP,MHRM,0.0540516610776487,0.08016032064128255,0.14028056112224452,-0.06012024048096197
AMRP,EAFC,0.16142884164312293,0.22044088176352705,0.16032064128256515,0.0601202404809619
OTCS,HETT,0.12252503145334434,0.1603206412825651,0.14028056112224452,0.020040080160320578
OTCS,HUXZ,0.10455107036252824,0.1002004008016032,0.16032064128256515,-0.060120240480961956
OTCS,DUCT,0.18485331999627755,0.2004008016032064,0.28056112224448904,-0.08016032064128265
OTCS,SMAH,0.0943776636698234,0.2004008016032064,0.24048096192384774,-0.04008016032064135
OTCS,NPCK,0.1245788434666583,0.1603206412825651,0.16032064128256515,-5.551115123125783e-17
OTCS,MSDP,0.09590160328006192,0.08016032064128255,0.10020040080160322,-0.020040080160320675
OTCS,EORC,0.1032886900506318,0.1402805611222445,0.1803607214428858,-0.04008016032064132
OTCS,CUBO,0.13452398691603518,0.12024048096192384,0.14028056112224452,-0.020040080160320675
OTCS,HRET,0.09617288429856918,0.1603206412825651,0.08016032064128258,0.08016032064128252
OTCS,ANSO,0.07559227504579408,0.1603206412825651,0.08016032064128258,0.08016032064128252
OTCS,DIHO,0.04466863042962275,0.1402805611222445,0.1803607214428858,-0.04008016032064132
OTCS,RTTH,0.005625980929341356,0.06012024048096192,0.14028056112224452,-0.08016032064128259
OTCS,SPLZ,0.0738698786595292,0.08016032064128255,0.10020040080160322,-0.020040080160320675
OTCS,NWIG,0.07058605751188396,0.18036072144288576,0.12024048096192387,0.06012024048096189
OTCS,MMBT,0.013682588115188452,0.08016032064128255,0.10020040080160322,-0.020040080160320675
OTCS,MDGI,0.06414719251650115,0.1002004008016032,0.12024048096192387,-0.020040080160320675
OTCS,AGVF,0.09761319333000326,0.040080160320641274,0.12024048096192387,-0.08016032064128259
OTCS,RRES,0.05377408606482215,0.1603206412825651,0.12024048096192387,0.040080160320641225
OTCS,CTGI,0.09996337905331798,0.1402805611222445,0.2204408817635271,-0.08016032064128262
OTCS,ALUT,0.08240469090258738,0.1402805611222445,0.14028056112224452,-2.7755575615628914e-17
OTCS,ACAC,0.07881170754348549,0.12024048096192384,0.14028056112224452,-0.020040080160320675
OTCS,SRTX,0.12063213568849677,0.1002004008016032,0.16032064128256515,-0.060120240480961956
OTCS,GARI,0.10508396821709357,0.12024048096192384,0.16032064128256515,-0.04008016032064131
OTCS,RCRI,0.03905171619699669,0.08016032064128255,0.16032064128256515,-0.0801603206412826
OTCS,ACIX,0.062206946141211764,0.1402805611222445,0.14028056112224452,-2.7755575615628914e-17
OTCS,CCNS,0.0749454671532201,0.06012024048096192,0.10020040080160322,-0.0400801603206413
OTCS,MTNS,0.15537739594666464,0.18036072144288576,0.1803607214428858,-5.551115123125783e-17
OTCS,IHOZ,0.11491764300509455,0.1402805611222445,0.2204408817635271,-0.08016032064128262
OTCS,NAYO,0.06429206697889726,0.1002004008016032,0.10020040080160322,-2.7755575615628914e-17
OTCS,FWWG,0.05671258567099342,0.06012024048096192,0.16032064128256515,-0.10020040080160322
OTCS,EELT,0.05423960727157568,0.12024048096192384,0.14028056112224452,-0.020040080160320675
OTCS,HRND,0.032501478986584086,0.1402805611222445,0.08016032064128258,0.060120240480961915
OTCS,AETS,0.06634632411799567,0.12024048096192384,0.08016032064128258,0.04008016032064127
OTCS,ULXY,0.08405938251472247,0.22044088176352705,0.08016032064128258,0.14028056112224446
OTCS,BLBT,0.08377165625375423,0.12024048096192384,0.10020040080160322,0.02004008016032062
OTCS,BENI,0.15366223960768868,0.08016032064128255,0.2204408817635271,-0.14028056112224457
OTCS,ITPA,0.09104337695084287,0.2004008016032064,0.12024048096192387,0.08016032064128252
OTCS,HTRK,0.14603612109378372,0.18036072144288576,0.16032064128256515,0.020040080160320606
OTCS,NGTE,0.1125115699731943,0.12024048096192384,0.20040080160320645,-0.0801603206412826
OTCS,ILVX,0.1481743807062467,0.12024048096192384,0.1803607214428858,-0.06012024048096197
OTCS,FCSG,0.06577300592783532,0.1002004008016032,0.14028056112224452,-0.04008016032064132
OTCS,FARS,0.028033321283112936,0.020040080160320637,0.10020040080160322,-0.08016032064128259
OTCS,MHRM,0.07636457314127376,0.1002004008016032,0.10020040080160322,-2.7755575615628914e-17
OTCS,EAFC,0.033724912569040935,0.12024048096192384,0.10020040080160322,0.02004008016032062
HETT,HUXZ,0.12328419833573784,0.1402805611222445,0.20040080160320645,-0.060120240480961956
HETT,DUCT,0.14029594076672205,0.12024048096192384,0.1803607214428858,-0.06012024048096197
HETT,SMAH,0.1308657177790245,0.12024048096192384,0.14028056112224452,-0.020040080160320675
HETT,NPCK,0.17115554764681987,0.18036072144288576,0.3206412825651303,-0.14028056112224455
HETT,MSDP,0.13310205282468132,0.18036072144288576,0.12024048096192387,0.06012024048096189
HETT,EORC,0.15506889446912625,0.2004008016032064,0.12024048096192387,0.08016032064128252
HETT,CUBO,0.21770711352537594,0.280561122244489,0.1803607214428858,0.10020040080160317
HETT,HRET,0.12644769777228668,0.18036072144288576,0.12024048096192387,0.06012024048096189
HETT,ANSO,0.1299964989893483,0.18036072144288576,0.16032064128256515,0.020040080160320606
HETT,DIHO,0.14620695984851498,0.1603206412825651,0.08016032064128258,0.08016032064128252
HETT,RTTH,0.052032611934175625,0.12024048096192384,0.16032064128256515,-0.04008016032064131
HETT,SPLZ,0.08296210448131516,0.1603206412825651,0.14028056112224452,0.020040080160320578
HETT,NWIG,0.10261610711454873,0.1603206412825651,0.14028056112224452,0.020040080160320578
HETT,MMBT,0.08758184138200151,0.2004008016032064,0.12024048096192387,0.08016032064128252
HETT,MDGI,0.11847130170401234,0.2004008016032064,0.12024048096192387,0.08016032064128252
HETT,AGVF,0.11497832990105436,0.2004008016032064,0.16032064128256515,0.04008016032064124
HETT,RRES,0.08121790642199647,0.12024048096192384,0.1803607214428858,-0.06012024048096197
HETT,CTGI,0.11154974467510943,0.1603206412825651,0.10020040080160322,0.06012024048096187
HETT,ALUT,0.08394737798565276,0.1002004008016032,0.12024048096192387,-0.020040080160320675
HETT,ACAC,0.19983983840425448,0.3206412825651302,0.24048096192384774,0.08016032064128245
HETT,SRTX,0.17307111901107888,0.18036072144288576,0.1803607214428858,-5.551115123125783e-17
HETT,GARI,0.1663293024017975,0.22044088176352705,0.16032064128256515,0.0601202404809619
HETT,RCRI,0.08977098500044521,0.18036072144288576,0.24048096192384774,-0.060120240480961984
HETT,ACIX,0.1237820419512545,0.1603206412825651,0.1803607214428858,-0.020040080160320717
HETT,CCNS,0.10557706409976995,0.12024048096192384,0.14028056112224452,-0.020040080160320675
HETT,MTNS,0.15738467667958825,0.1402805611222445,0.1803607214428858,-0.04008016032064132
HETT,IHOZ,0.15758614723944034,0.1603206412825651,0.20040080160320645,-0.04008016032064135
HETT,NAYO,0.10350142254847818,0.24048096192384769,0.08016032064128258,0.16032064128256512
HETT,FWWG,0.12842419589061124,0.1603206412825651,0.16032064128256515,-5.551115123125783e-17
HETT,EELT,0.07587183800517767,0.12024048096192384,0.12024048096192387,-2.7755575615628914e-17
HETT,HRND,0.08695757159702706,0.18036072144288576,0.060120240480961935,0.12024048096192383
HETT,AETS,0.09987444265093193,0.12024048096192384,0.12024048096192387,-2.7755575615628914e-17
HETT,ULXY,0.10412919167435541,0.1402805611222445,0.10020040080160322,0.04008016032064127
HETT,BLBT,0.12452664663493568,0.1002004008016032,0.16032064128256515,-0.060120240480961956
HETT,BENI,0.2266380665953083,0.22044088176352705,0.24048096192384774,-0.02004008016032069
HETT,ITPA,0.10633459682659838,0.1402805611222445,0.1803607214428858,-0.04008016032064132
HETT,HTRK,0.16023283223266052,0.1002004008016032,0.2204408817635271,-0.12024048096192391
HETT,NGTE,0.17763523248247337,0.18036072144288576,0.24048096192384774,-0.060120240480961984
HETT,ILVX,0.22734900343308018,0.12024048096192384,0.24048096192384774,-0.1202404809619239
HETT,FCSG,0.0746079461138719,0.18036072144288576,0.14028056112224452,0.04008016032064124
HETT,FARS,0.11150995179396804,0.06012024048096192,0.16032064128256515,-0.10020040080160322
HETT,MHRM,0.05245619280524097,0.2004008016032064,0.10020040080160322,0.10020040080160317
HETT,EAFC,0.07213196562870758,0.1603206412825651,0.16032064128256515,-5.551115123125783e-17
HUXZ,DUCT,0.17094210374700058,0.1603206412825651,0.12024048096192387,0.040080160320641225
HUXZ,SMAH,0.17063041746142887,0.18036072144288576,0.2204408817635271,-0.04008016032064135
HUXZ,NPCK,0.11836639872203304,0.22044088176352705,0.1803607214428858,0.04008016032064124
HUXZ,MSDP,0.1306776572444641,0.1402805611222445,0.08016032064128258,0.060120240480961915
HUXZ,EORC,0.11702260372121871,0.1603206412825651,0.08016032064128258,0.08016032064128252
HUXZ,CUBO,0.21476688316391815,0.22044088176352705,0.24048096192384774,-0.02004008016032069
HUXZ,HRET,0.1497619727900545,0.12024048096192384,0.08016032064128258,0.04008016032064127
HUXZ,ANSO,0.11778577234790866,0.22044088176352705,0.16032064128256515,0.0601202404809619
HUXZ,DIHO,0.09383378552526471,0.1002004008016032,0.12024048096192387,-0.020040080160320675
HUXZ,RTTH,0.048917308180242425,0.1002004008016032,0.14028056112224452,-0.04008016032064132
HUXZ,SPLZ,0.10296094196424978,0.12024048096192384,0.12024048096192387,-2.7755575615628914e-17
HUXZ,NWIG,0.14202702593942904,0.1002004008016032,0.14028056112224452,-0.04008016032064132
HUXZ,MMBT,0.10215611946785134,0.12024048096192384,0.16032064128256515,-0.04008016032064131
HUXZ,MDGI,0.09442982350242653,0.12024048096192384,0.16032064128256515,-0.04008016032064131
HUXZ,AGVF,0.11960467118976909,0.1603206412825651,0.12024048096192387,0.040080160320641225
HUXZ,RRES,0.06429103203822482,0.12024048096192384,0.12024048096192387,-2.7755575615628914e-17
HUXZ,CTGI,0.134928491521195,0.22044088176352705,0.20040080160320645,0.020040080160320606
HUXZ,ALUT,0.09707354771796488,0.1402805611222445,0.16032064128256515,-0.02004008016032066
HUXZ,ACAC,0.16908515826834392,0.18036072144288576,0.1803607214428858,-5.551115123125783e-17
HUXZ,SRTX,0.1810931099146083,0.1402805611222445,0.1803607214428858,-0.04008016032064132
HUXZ,GARI,0.1702307463459678,0.22044088176352705,0.14028056112224452,0.08016032064128253
HUXZ,RCRI,0.09011597492173101,0.22044088176352705,0.20040080160320645,0.020040080160320606
HUXZ,ACIX,0.11639943418496827,0.1402805611222445,0.16032064128256515,-0.02004008016032066
HUXZ,CCNS,0.10508481421860211,0.06012024048096192,0.060120240480961935,-1.3877787807814457e-17
HUXZ,MTNS,0.17001171220602798,0.1603206412825651,0.16032064128256515,-5.551115123125783e-17
HUXZ,IHOZ,0.18732243603673207,0.1402805611222445,0.2204408817635271,-0.08016032064128262
HUXZ,NAYO,0.04728332166340713,0.2004008016032064,0.060120240480961935,0.14028056112224446
HUXZ,FWWG,0.14713552158462118,0.1402805611222445,0.12024048096192387,0.02004008016032062
HUXZ,EELT,0.0883698657155416,0.1002004008016032,0.20040080160320645,-0.10020040080160325
HUXZ,HRND,0.040653220257312044,0.2004008016032064,0.10020040080160322,0.10020040080160317
HUXZ,AETS,0.06232720982774325,0.1603206412825651,0.10020040080160322,0.06012024048096187
HUXZ,ULXY,0.13143556188682584,0.1603206412825651,0.14028056112224452,0.020040080160320578
HUXZ,BLBT,0.13950325160205806,0.24048096192384769,0.1803607214428858,0.06012024048096187
HUXZ,BENI,0.18942089801251552,0.18036072144288576,0.1803607214428858,-5.551115123125783e-17
HUXZ,ITPA,0.14752237921259595,0.280561122244489,0.16032064128256515,0.12024048096192383
HUXZ,HTRK,0.19585475971251493,0.1603206412825651,0.20040080160320645,-0.04008016032064135
HUXZ,NGTE,0.12848238035363443,0.1402805611222445,0.1803607214428858,-0.04008016032064132
HUXZ,ILVX,0.24573645282532935,0.1603206412825651,0.20040080160320645,-0.04008016032064135
HUXZ,FCSG,0.11133109592679334,0.18036072144288576,0.20040080160320645,-0.02004008016032069
HUXZ,FARS,0.09768974772816429,0.2004008016032064,0.16032064128256515,0.04008016032064124
HUXZ,MHRM,0.08533586652818428,0.1603206412825651,0.14028056112224452,0.020040080160320578
HUXZ,EAFC,0.12836630565905163,0.1603206412825651,0.12024048096192387,0.040080160320641225
DUCT,SMAH,0.24605229626652186,0.24048096192384769,0.16032064128256515,0.08016032064128253
DUCT,NPCK,0.1625349787729547,0.2004008016032064,0.1803607214428858,0.020040080160320578
DUCT,MSDP,0.18588848369449762,0.1402805611222445,0.16032064128256515,-0.02004008016032066
DUCT,EORC,0.15918239724452835,0.2605210420841683,0.14028056112224452,0.1202404809619238
DUCT,CUBO,0.18874957918678417,0.2004008016032064,0.1803607214428858,0.020040080160320578
DUCT,HRET,0.17222280971953485,0.24048096192384769,0.12024048096192387,0.12024048096192382
DUCT,ANSO,0.16289170797856314,0.18036072144288576,0.1803607214428858,-5.551115123125783e-17
DUCT,DIHO,0.11681853533092051,0.12024048096192384,0.12024048096192387,-2.7755575615628914e-17
DUCT,RTTH,0.0531730780254068,0.1002004008016032,0.12024048096192387,-0.020040080160320675
DUCT,SPLZ,0.1290800457511259,0.08016032064128255,0.2204408817635271,-0.14028056112224457
DUCT,NWIG,0.16229597869169876,0.18036072144288576,0.2605210420841684,-0.08016032064128262
DUCT,MMBT,0.07435345531728818,0.22044088176352705,0.060120240480961935,0.16032064128256512
DUCT,MDGI,0.0753678051841113,0.18036072144288576,0.08016032064128258,0.10020040080160318
DUCT,AGVF,0.13919134283628332,0.2004008016032064,0.20040080160320645,-5.551115123125783e-17
DUCT,RRES,0.08334809523847408,0.12024048096192384,0.08016032064128258,0.04008016032064127
DUCT,CTGI,0.08956870331963494,0.1402805611222445,0.10020040080160322,0.04008016032064127
DUCT,ALUT,0.11721847948682591,0.1603206412825651,0.1803607214428858,-0.020040080160320717
DUCT,ACAC,0.17261658606683555,0.18036072144288576,0.1803607214428858,-5.551115123125783e-17
DUCT,SRTX,0.18589973908475732,0.1402805611222445,0.1803607214428858,-0.04008016032064132
DUCT,GARI,0.15521412883203467,0.1002004008016032,0.2204408817635271,-0.12024048096192391
DUCT,RCRI,0.10990400303070791,0.1002004008016032,0.20040080160320645,-0.10020040080160325
DUCT,ACIX,0.1639741569285804,0.1002004008016032,0.20040080160320645,-0.10020040080160325
DUCT,CCNS,0.13500632272754157,0.12024048096192384,0.16032064128256515,-0.04008016032064131
DUCT,MTNS,0.19771346041623844,0.2605210420841683,0.16032064128256515,0.10020040080160317
DUCT,IHOZ,0.21314227836514962,0.2004008016032064,0.28056112224448904,-0.08016032064128265
DUCT,NAYO,0.10612031701954232,0.18036072144288576,0.12024048096192387,0.06012024048096189
DUCT,FWWG,0.21509913014622353,0.1402805611222445,0.24048096192384774,-0.10020040080160325
DUCT,EELT,0.0695154471989989,0.12024048096192384,0.16032064128256515,-0.04008016032064131
DUCT,HRND,0.05239408410029279,0.12024048096192384,0.12024048096192387,-2.7755575615628914e-17
DUCT,AETS,0.14260067719106456,0.1402805611222445,0.14028056112224452,-2.7755575615628914e-17
DUCT,ULXY,0.15569465416158007,0.1603206412825651,0.16032064128256515,-5.551115123125783e-17
DUCT,BLBT,0.1858076206542902,0.2004008016032064,0.14028056112224452,0.06012024048096187
DUCT,BENI,0.26814823824303974,0.12024048096192384,0.2204408817635271,-0.10020040080160326
DUCT,ITPA,0.17739344798971532,0.2605210420841683,0.2204408817635271,0.04008016032064121
DUCT,HTRK,0.17330348448055719,0.1002004008016032,0.24048096192384774,-0.14028056112224455
DUCT,NGTE,0.24406483065802542,0.1603206412825651,0.24048096192384774,-0.08016032064128265
DUCT,ILVX,0.26271661550718733,0.22044088176352705,0.20040080160320645,0.020040080160320606
DUCT,FCSG,0.12098134760807784,0.1402805611222445,0.2204408817635271,-0.08016032064128262
DUCT,FARS,0.12007213607099809,0.12024048096192384,0.16032064128256515,-0.04008016032064131
DUCT,MHRM,0.1374743387468857,0.1603206412825651,0.1803607214428858,-0.020040080160320717
DUCT,EAFC,0.169837983739978,0.18036072144288576,0.14028056112224452,0.04008016032064124
SMAH,NPCK,0.15039125991473162,0.1603206412825651,0.12024048096192387,0.040080160320641225
SMAH,MSDP,0.13193332182901207,0.12024048096192384,0.10020040080160322,0.02004008016032062
SMAH,EORC,0.13456794595727486,0.1603206412825651,0.10020040080160322,0.06012024048096187
SMAH,CUBO,0.1657210002333985,0.18036072144288576,0.16032064128256515,0.020040080160320606
SMAH,HRET,0.0998466806982704,0.18036072144288576,0.16032064128256515,0.020040080160320606
SMAH,ANSO,0.12543158606369365,0.1603206412825651,0.14028056112224452,0.020040080160320578
SMAH,DIHO,0.1104187360342347,0.18036072144288576,0.2204408817635271,-0.04008016032064135
SMAH,RTTH,0.04146462187308473,0.1002004008016032,0.16032064128256515,-0.060120240480961956
SMAH,SPLZ,0.12103725523335826,0.12024048096192384,0.16032064128256515,-0.04008016032064131
SMAH,NWIG,0.10698505444624187,0.1402805611222445,0.1803607214428858,-0.04008016032064132
SMAH,MMBT,0.06263933489468897,0.1002004008016032,0.16032064128256515,-0.060120240480961956
SMAH,MDGI,0.13648984716420792,0.1402805611222445,0.16032064128256515,-0.02004008016032066
SMAH,AGVF,0.09399521935437138,0.12024048096192384,0.10020040080160322,0.02004008016032062
SMAH,RRES,0.13592225201070868,0.2004008016032064,0.1803607214428858,0.020040080160320578
SMAH,CTGI,0.05491303892926414,0.2004008016032064,0.12024048096192387,0.08016032064128252
SMAH,ALUT,0.07466638771076695,0.12024048096192384,0.14028056112224452,-0.020040080160320675
SMAH,ACAC,0.15905706996321958,0.18036072144288576,0.24048096192384774,-0.060120240480961984
SMAH,SRTX,0.20283941376729359,0.12024048096192384,0.2204408817635271,-0.10020040080160326
SMAH,GARI,0.11669309211243852,0.1402805611222445,0.20040080160320645,-0.060120240480961956
SMAH,RCRI,0.08086051621314917,0.12024048096192384,0.1803607214428858,-0.06012024048096197
SMAH,ACIX,0.1255111249046546,0.2004008016032064,0.2204408817635271,-0.020040080160320717
SMAH,CCNS,0.05977020759706949,0.1402805611222445,0.12024048096192387,0.02004008016032062
SMAH,MTNS,0.15758400253619995,0.18036072144288576,0.10020040080160322,0.08016032064128253
SMAH,IHOZ,0.21161197897803638,0.12024048096192384,0.24048096192384774,-0.1202404809619239
SMAH,NAYO,0.07968547536840749,0.1002004008016032,0.04008016032064129,0.06012024048096191
SMAH,FWWG,0.1628945802391088,0.08016032064128255,0.14028056112224452,-0.06012024048096197
SMAH,EELT,0.03808435378560499,0.06012024048096192,0.20040080160320645,-0.14028056112224452
SMAH,HRND,0.0526455580485207,0.1002004008016032,0.060120240480961935,0.04008016032064126
SMAH,AETS,0.07842411319234636,0.1603206412825651,0.14028056112224452,0.020040080160320578
SMAH,ULXY,0.1751052305414041,0.1402805611222445,0.14028056112224452,-2.7755575615628914e-17
SMAH,BLBT,0.1457005344575121,0.12024048096192384,0.1803607214428858,-0.06012024048096197
SMAH,BENI,0.1902097828030143,0.12024048096192384,0.3006012024048097,-0.18036072144288584
SMAH,ITPA,0.12577274923319753,0.12024048096192384,0.14028056112224452,-0.020040080160320675
SMAH,HTRK,0.20522564676880264,0.22044088176352705,0.2605210420841684,-0.04008016032064132
SMAH,NGTE,0.15819654649405152,0.22044088176352705,0.2204408817635271,-5.551115123125783e-17
SMAH,ILVX,0.18729024313687614,0.18036072144288576,0.24048096192384774,-0.060120240480961984
SMAH,FCSG,0.10275168811518619,0.2004008016032064,0.2204408817635271,-0.020040080160320717
SMAH,FARS,0.08906201584773983,0.12024048096192384,0.08016032064128258,0.04008016032064127
SMAH,MHRM,0.10727753528462934,0.12024048096192384,0.2204408817635271,-0.10020040080160326
SMAH,EAFC,0.09868325748859692,0.1402805611222445,0.10020040080160322,0.04008016032064127
NPCK,MSDP,0.1462536856061022,0.1002004008016032,0.14028056112224452,-0.04008016032064132
NPCK,EORC,0.18748214457192575,0.22044088176352705,0.2204408817635271,-5.551115123125783e-17
NPCK,CUBO,0.2209296796659697,0.2004008016032064,0.28056112224448904,-0.08016032064128265
NPCK,HRET,0.11348020612316079,0.22044088176352705,0.14028056112224452,0.08016032064128253
NPCK,ANSO,0.1011383436812148,0.18036072144288576,0.2204408817635271,-0.04008016032064135
NPCK,DIHO,0.08973698211948916,0.18036072144288576,0.04008016032064129,0.14028056112224446
NPCK,RTTH,0.09593006073805221,0.1002004008016032,0.12024048096192387,-0.020040080160320675
NPCK,SPLZ,0.07824274156154792,0.1002004008016032,0.12024048096192387,-0.020040080160320675
NPCK,NWIG,0.15134121808987955,0.2004008016032064,0.16032064128256515,0.04008016032064124
NPCK,MMBT,0.03567173452610545,0.12024048096192384,0.16032064128256515,-0.04008016032064131
NPCK,MDGI,0.15308012457998083,0.18036072144288576,0.10020040080160322,0.08016032064128253
NPCK,AGVF,0.1598425387081525,0.24048096192384769,0.16032064128256515,0.08016032064128253
NPCK,RRES,0.05719231340191558,0.1603206412825651,0.16032064128256515,-5.551115123125783e-17
NPCK,CTGI,0.06890416967026328,0.12024048096192384,0.08016032064128258,0.04008016032064127
NPCK,ALUT,0.06938999163834726,0.2004008016032064,0.16032064128256515,0.04008016032064124
NPCK,ACAC,0.18900142438938786,0.2004008016032064,0.2605210420841684,-0.060120240480961984
NPCK,SRTX,0.2177255834480979,0.24048096192384769,0.20040080160320645,0.04008016032064124
NPCK,GARI,0.1445006249974055,0.22044088176352705,0.1803607214428858,0.04008016032064124
NPCK,RCRI,0.09313615362954501,0.08016032064128255,0.14028056112224452,-0.06012024048096197
NPCK,ACIX,0.1096367998369367,0.1402805611222445,0.1803607214428858,-0.04008016032064132
NPCK,CCNS,0.0596260303810815,0.06012024048096192,0.10020040080160322,-0.0400801603206413
NPCK,MTNS,0.18912510827339274,0.34068136272545085,0.2204408817635271,0.12024048096192375
NPCK,IHOZ,0.2001594077008711,0.3006012024048096,0.28056112224448904,0.02004008016032055
NPCK,NAYO,0.03837670017737411,0.1002004008016032,0.14028056112224452,-0.04008016032064132
NPCK,FWWG,0.13701685435584546,0.1603206412825651,0.10020040080160322,0.06012024048096187
NPCK,EELT,0.07433855159912506,0.08016032064128255,0.10020040080160322,-0.020040080160320675
NPCK,HRND,0.051629889358013804,0.1002004008016032,0.060120240480961935,0.04008016032064126
NPCK,AETS,0.10153567801590081,0.1402805611222445,0.16032064128256515,-0.02004008016032066
NPCK,ULXY,0.11245733685289258,0.18036072144288576,0.20040080160320645,-0.02004008016032069
NPCK,BLBT,0.09300959145484819,0.24048096192384769,0.08016032064128258,0.16032064128256512
NPCK,BENI,0.21712523522168153,0.2605210420841683,0.1803607214428858,0.0801603206412825
NPCK,ITPA,0.10889957174677452,0.24048096192384769,0.20040080160320645,0.04008016032064124
NPCK,HTRK,0.18788930541435725,0.24048096192384769,0.2605210420841684,-0.02004008016032069
NPCK,NGTE,0.13650470878435828,0.1402805611222445,0.20040080160320645,-0.060120240480961956
NPCK,ILVX,0.24859117364739564,0.2605210420841683,0.2605210420841684,-5.551115123125783e-17
NPCK,FCSG,0.09363528419614817,0.1402805611222445,0.14028056112224452,-2.7755575615628914e-17
NPCK,FARS,0.08393477788309268,0.1402805611222445,0.10020040080160322,0.04008016032064127
NPCK,MHRM,0.0598694893623222,0.18036072144288576,0.12024048096192387,0.06012024048096189
NPCK,EAFC,0.13519736971606516,0.2004008016032064,0.12024048096192387,0.08016032064128252
MSDP,EORC,0.1493292987423493,0.18036072144288576,0.060120240480961935,0.12024048096192383
MSDP,CUBO,0.15637048643598422,0.18036072144288576,0.24048096192384774,-0.060120240480961984
MSDP,HRET,0.08214977128505087,0.18036072144288576,0.12024048096192387,0.06012024048096189
MSDP,ANSO,0.12005280306751968,0.1402805611222445,0.1803607214428858,-0.04008016032064132
MSDP,DIHO,0.12114014559650459,0.18036072144288576,0.10020040080160322,0.08016032064128253
MSDP,RTTH,0.153900022238896,0.18036072144288576,0.16032064128256515,0.020040080160320606
MSDP,SPLZ,0.24819498374703114,0.2605210420841683,0.20040080160320645,0.06012024048096187
MSDP,NWIG,0.10569315166474025,0.06012024048096192,0.08016032064128258,-0.020040080160320654
MSDP,MMBT,0.07813292386030263,0.18036072144288576,0.14028056112224452,0.04008016032064124
MSDP,MDGI,0.10958893152961988,0.1402805611222445,0.12024048096192387,0.02004008016032062
MSDP,AGVF,0.09922164957514686,0.18036072144288576,0.10020040080160322,0.08016032064128253
MSDP,RRES,0.1481242987255921,0.1603206412825651,0.12024048096192387,0.040080160320641225
MSDP,CTGI,0.10799520340307822,0.06012024048096192,0.14028056112224452,-0.08016032064128259
MSDP,ALUT,0.1551049653113906,0.1402805611222445,0.14028056112224452,-2.7755575615628914e-17
MSDP,ACAC,0.14046540169837654,0.18036072144288576,0.16032064128256515,0.020040080160320606
MSDP,SRTX,0.06889252037914187,0.1603206412825651,0.10020040080160322,0.06012024048096187
MSDP,GARI,0.17891093575632686,0.22044088176352705,0.2605210420841684,-0.04008016032064132
MSDP,RCRI,0.1405136964900899,0.1002004008016032,0.12024048096192387,-0.020040080160320675
MSDP,ACIX,0.17823734926758075,0.2004008016032064,0.14028056112224452,0.06012024048096187
MSDP,CCNS,0.12747477443195593,0.2605210420841683,0.2204408817635271,0.04008016032064121
MSDP,MTNS,0.1437558613743817,0.08016032064128255,0.2204408817635271,-0.14028056112224457
MSDP,IHOZ,0.09476243047361109,0.12024048096192384,0.2204408817635271,-0.10020040080160326
MSDP,NAYO,0.10710979888833286,0.2004008016032064,0.14028056112224452,0.06012024048096187
MSDP,FWWG,0.18463036947155362,0.18036072144288576,0.2605210420841684,-0.08016032064128262
MSDP,EELT,0.08949060916590197,0.18036072144288576,0.12024048096192387,0.06012024048096189
MSDP,HRND,0.0849298089677971,0.12024048096192384,0.14028056112224452,-0.020040080160320675
MSDP,AETS,0.13579268120317026,0.1402805611222445,0.14028056112224452,-2.7755575615628914e-17
MSDP,ULXY,0.09611468464158583,0.1603206412825651,0.14028056112224452,0.020040080160320578
MSDP,BLBT,0.20346282095950532,0.2004008016032064,0.1803607214428858,0.020040080160320578
MSDP,BENI,0.1689289286242899,0.2004008016032064,0.14028056112224452,0.06012024048096187
MSDP,ITPA,0.21504934889983995,0.2004008016032064,0.1803607214428858,0.020040080160320578
MSDP,HTRK,0.15682706848699562,0.12024048096192384,0.24048096192384774,-0.1202404809619239
MSDP,NGTE,0.12532548882110933,0.1603206412825651,0.2204408817635271,-0.06012024048096201
MSDP,ILVX,0.1722916694374964,0.1402805611222445,0.12024048096192387,0.02004008016032062
MSDP,FCSG,0.1380345638488029,0.1402805611222445,0.20040080160320645,-0.060120240480961956
MSDP,FARS,0.14895783533227036,0.1603206412825651,0.12024048096192387,0.040080160320641225
MSDP,MHRM,0.22980973964138476,0.3006012024048096,0.20040080160320645,0.10020040080160314
MSDP,EAFC,0.26741097371994954,0.2004008016032064,0.28056112224448904,-0.08016032064128265
EORC,CUBO,0.20149779276234056,0.18036072144288576,0.12024048096192387,0.06012024048096189
EORC,HRET,0.07616157876768816,0.08016032064128255,0.10020040080160322,-0.020040080160320675
EORC,ANSO,0.11798840237641446,0.22044088176352705,0.20040080160320645,0.020040080160320606
EORC,DIHO,0.08722501117834865,0.08016032064128255,0.14028056112224452,-0.06012024048096197
EORC,RTTH,0.0636061457255669,0.1402805611222445,0.08016032064128258,0.060120240480961915
EORC,SPLZ,0.11819765875170687,0.22044088176352705,0.20040080160320645,0.020040080160320606
EORC,NWIG,0.11056784937566044,0.22044088176352705,0.10020040080160322,0.12024048096192383
EORC,MMBT,0.04120740928835211,0.2004008016032064,0.04008016032064129,0.1603206412825651
EORC,MDGI,0.0856985340043698,0.12024048096192384,0.08016032064128258,0.04008016032064127
EORC,AGVF,0.09909094202308423,0.12024048096192384,0.1803607214428858,-0.06012024048096197
EORC,RRES,0.05184070312794364,0.1002004008016032,0.04008016032064129,0.06012024048096191
EORC,CTGI,0.08344500380891304,0.1603206412825651,0.10020040080160322,0.06012024048096187
EORC,ALUT,0.05962436971406669,0.1603206412825651,0.16032064128256515,-5.551115123125783e-17
EORC,ACAC,0.1573768908641479,0.22044088176352705,0.2204408817635271,-5.551115123125783e-17
EORC,SRTX,0.16785580627302182,0.18036072144288576,0.14028056112224452,0.04008016032064124
EORC,GARI,0.1295317813246167,0.1402805611222445,0.20040080160320645,-0.060120240480961956
EORC,RCRI,0.0847488319934273,0.1002004008016032,0.16032064128256515,-0.060120240480961956
EORC,ACIX,0.11103196037687635,0.24048096192384769,0.1803607214428858,0.06012024048096187
EORC,CCNS,0.07297912938877901,0.08016032064128255,0.14028056112224452,-0.06012024048096197
EORC,MTNS,0.17865048324571478,0.2004008016032064,0.14028056112224452,0.06012024048096187
EORC,IHOZ,0.14089392714880705,0.24048096192384769,0.12024048096192387,0.12024048096192382
EORC,NAYO,0.08318745750086085,0.08016032064128255,0.16032064128256515,-0.0801603206412826
EORC,FWWG,0.10477727388468144,0.1603206412825651,0.20040080160320645,-0.04008016032064135
EORC,EELT,0.08346948466656387,0.12024048096192384,0.10020040080160322,0.02004008016032062
EORC,HRND,0.08523516134880754,0.06012024048096192,0.08016032064128258,-0.020040080160320654
EORC,AETS,0.09293659354422686,0.1603206412825651,0.16032064128256515,-5.551115123125783e-17
EORC,ULXY,0.09477704136320987,0.12024048096192384,0.12024048096192387,-2.7755575615628914e-17
EORC,BLBT,0.09144724399341644,0.2004008016032064,0.12024048096192387,0.08016032064128252
EORC,BENI,0.175649734073653,0.18036072144288576,0.12024048096192387,0.06012024048096189
EORC,ITPA,0.0910887432013465,0.1402805611222445,0.10020040080160322,0.04008016032064127
EORC,HTRK,0.16549798182217765,0.08016032064128255,0.1803607214428858,-0.10020040080160326
EORC,NGTE,0.16683434072444342,0.12024048096192384,0.060120240480961935,0.06012024048096191
EORC,ILVX,0.2192201980851826,0.280561122244489,0.2204408817635271,0.06012024048096187
EORC,FCSG,0.07024575552123775,0.18036072144288576,0.14028056112224452,0.04008016032064124
EORC,FARS,0.08503086544231485,0.1002004008016032,0.1803607214428858,-0.08016032064128262
EORC,MHRM,0.08082133373598659,0.18036072144288576,0.16032064128256515,0.020040080160320606
EORC,EAFC,0.12977636842192378,0.18036072144288576,0.14028056112224452,0.04008016032064124
CUBO,HRET,0.16861099150642955,0.1402805611222445,0.16032064128256515,-0.02004008016032066
CUBO,ANSO,0.1744291796444294,0.18036072144288576,0.14028056112224452,0.04008016032064124
CUBO,DIHO,0.15320146758989808,0.1002004008016032,0.14028056112224452,-0.04008016032064132
CUBO,RTTH,0.08437793006937505,0.1402805611222445,0.08016032064128258,0.060120240480961915
CUBO,SPLZ,0.1173994575496374,0.12024048096192384,0.14028056112224452,-0.020040080160320675
CUBO,NWIG,0.2217849353325124,0.2004008016032064,0.2605210420841684,-0.060120240480961984
CUBO,MMBT,0.059355659109383424,0.1002004008016032,0.16032064128256515,-0.060120240480961956
CUBO,MDGI,0.09393083355465952,0.1603206412825651,0.08016032064128258,0.08016032064128252
CUBO,AGVF,0.15896049126365178,0.1402805611222445,0.14028056112224452,-2.7755575615628914e-17
CUBO,RRES,0.1044206121261804,0.1603206412825651,0.12024048096192387,0.040080160320641225
CUBO,CTGI,0.11907348834214612,0.1603206412825651,0.12024048096192387,0.040080160320641225
CUBO,ALUT,0.03239540913396971,0.08016032064128255,0.16032064128256515,-0.0801603206412826
CUBO,ACAC,0.18036876966784973,0.18036072144288576,0.16032064128256515,0.020040080160320606
CUBO,SRTX,0.22543882946616123,0.18036072144288576,0.24048096192384774,-0.060120240480961984
CUBO,GARI,0.12934510540995925,0.18036072144288576,0.1803607214428858,-5.551115123125783e-17
CUBO,RCRI,0.07229720485147001,0.06012024048096192,0.14028056112224452,-0.08016032064128259
CUBO,ACIX,0.08293087410329356,0.1402805611222445,0.20040080160320645,-0.060120240480961956
CUBO,CCNS,0.09119262753498482,0.1402805611222445,0.12024048096192387,0.02004008016032062
CUBO,MTNS,0.26012870538180155,0.24048096192384769,0.2204408817635271,0.020040080160320578
CUBO,IHOZ,0.18849747688147378,0.2004008016032064,0.2204408817635271,-0.020040080160320717
CUBO,NAYO,0.10923855743615744,0.1402805611222445,0.1803607214428858,-0.04008016032064132
CUBO,FWWG,0.19087133605269355,0.24048096192384769,0.14028056112224452,0.10020040080160317
CUBO,EELT,0.09834970483095795,0.1402805611222445,0.16032064128256515,-0.02004008016032066
CUBO,HRND,0.04010591893529715,0.1002004008016032,0.14028056112224452,-0.04008016032064132
CUBO,AETS,0.13014346370281618,0.1402805611222445,0.14028056112224452,-2.7755575615628914e-17
CUBO,ULXY,0.2220424785313599,0.22044088176352705,0.20040080160320645,0.020040080160320606
CUBO,BLBT,0.12669016808792455,0.1402805611222445,0.2204408817635271,-0.08016032064128262
CUBO,BENI,0.31152094395420243,0.280561122244489,0.34068136272545096,-0.060120240480961984
CUBO,ITPA,0.12165142778632412,0.22044088176352705,0.1803607214428858,0.04008016032064124
CUBO,HTRK,0.23023078009941225,0.1402805611222445,0.2605210420841684,-0.12024048096192388
CUBO,NGTE,0.16479611752198814,0.24048096192384769,0.2204408817635271,0.020040080160320578
CUBO,ILVX,0.2566981352262758,0.2605210420841683,0.1803607214428858,0.0801603206412825
CUBO,FCSG,0.10841763848983106,0.1402805611222445,0.16032064128256515,-0.02004008016032066
CUBO,FARS,0.10766958684358065,0.1603206412825651,0.08016032064128258,0.08016032064128252
CUBO,MHRM,0.10159491674389191,0.2004008016032064,0.20040080160320645,-5.551115123125783e-17
CUBO,EAFC,0.13066819063105545,0.2004008016032064,0.16032064128256515,0.04008016032064124
HRET,ANSO,0.07800371024727042,0.12024048096192384,0.20040080160320645,-0.0801603206412826
HRET,DIHO,0.15029568058534495,0.12024048096192384,0.14028056112224452,-0.020040080160320675
HRET,RTTH,0.012981891348088529,0.1402805611222445,0.16032064128256515,-0.02004008016032066
HRET,SPLZ,0.027830873920249802,0.08016032064128255,0.12024048096192387,-0.04008016032064132
HRET,NWIG,0.10132756005088059,0.1402805611222445,0.16032064128256515,-0.02004008016032066
HRET,MMBT,0.06387097033866468,0.1402805611222445,0.14028056112224452,-2.7755575615628914e-17
HRET,MDGI,0.08236586573158951,0.1603206412825651,0.12024048096192387,0.040080160320641225
HRET,AGVF,0.09146039653838023,0.18036072144288576,0.16032064128256515,0.020040080160320606
HRET,RRES,0.0617077273675416,0.1603206412825651,0.10020040080160322,0.06012024048096187
HRET,CTGI,0.041335849755466454,0.12024048096192384,0.08016032064128258,0.04008016032064127
HRET,ALUT,0.024982796173993384,0.1002004008016032,0.08016032064128258,0.02004008016032062
HRET,ACAC,0.07536388183609577,0.08016032064128255,0.08016032064128258,-2.7755575615628914e-17
HRET,SRTX,0.1233475921636057,0.22044088176352705,0.14028056112224452,0.08016032064128253
HRET,GARI,0.09500315899878227,0.1603206412825651,0.04008016032064129,0.1202404809619238
HRET,RCRI,0.07959726520279657,0.08016032064128255,0.14028056112224452,-0.06012024048096197
HRET,ACIX,0.08491936742603091,0.1402805611222445,0.08016032064128258,0.060120240480961915
HRET,CCNS,0.1085059804892629,0.22044088176352705,0.16032064128256515,0.0601202404809619
HRET,MTNS,0.15459843276288146,0.24048096192384769,0.1803607214428858,0.06012024048096187
HRET,IHOZ,0.1683695437858953,0.1402805611222445,0.20040080160320645,-0.060120240480961956
HRET,NAYO,0.038518959682566675,0.08016032064128255,0.14028056112224452,-0.06012024048096197
HRET,FWWG,0.1204711640245918,0.1402805611222445,0.12024048096192387,0.02004008016032062
HRET,EELT,0.024394366197183097,0.08016032064128255,0.14028056112224452,-0.06012024048096197
HRET,HRND,0.061088731623907794,0.1402805611222445,0.08016032064128258,0.060120240480961915
HRET,AETS,0.06478224828242368,0.2004008016032064,0.060120240480961935,0.14028056112224446
HRET,ULXY,0.13038176908850402,0.24048096192384769,0.1803607214428858,0.06012024048096187
HRET,BLBT,0.10783315561852073,0.18036072144288576,0.10020040080160322,0.08016032064128253
HRET,BENI,0.18675715091667616,0.24048096192384769,0.16032064128256515,0.08016032064128253
HRET,ITPA,0.08187939542536558,0.12024048096192384,0.16032064128256515,-0.04008016032064131
HRET,HTRK,0.09146312394049891,0.12024048096192384,0.20040080160320645,-0.0801603206412826
HRET,NGTE,0.12567404426559356,0.22044088176352705,0.14028056112224452,0.08016032064128253
HRET,ILVX,0.1533675920833662,0.1402805611222445,0.24048096192384774,-0.10020040080160325
HRET,FCSG,0.06729952797025127,0.1002004008016032,0.10020040080160322,-2.7755575615628914e-17
HRET,FARS,0.06812877263581489,0.12024048096192384,0.060120240480961935,0.06012024048096191
HRET,MHRM,0.023044479252362658,0.1402805611222445,0.08016032064128258,0.060120240480961915
HRET,EAFC,0.07036069721425585,0.1402805611222445,0.08016032064128258,0.060120240480961915
ANSO,DIHO,0.13194696790849963,0.2004008016032064,0.1803607214428858,0.020040080160320578
ANSO,RTTH,0.018301737216497412,0.12024048096192384,0.12024048096192387,-2.7755575615628914e-17
ANSO,SPLZ,0.1654151676847671,0.18036072144288576,0.14028056112224452,0.04008016032064124
ANSO,NWIG,0.12419215941924007,0.1402805611222445,0.14028056112224452,-2.7755575615628914e-17
ANSO,MMBT,0.030687881787671723,0.12024048096192384,0.16032064128256515,-0.04008016032064131
ANSO,MDGI,0.06832138171926182,0.08016032064128255,0.1803607214428858,-0.10020040080160326
ANSO,AGVF,0.09919437268110518,0.1402805611222445,0.060120240480961935,0.08016032064128256
ANSO,RRES,0.07385259263679908,0.22044088176352705,0.10020040080160322,0.12024048096192383
ANSO,CTGI,0.04781450451103009,0.040080160320641274,0.12024048096192387,-0.08016032064128259
ANSO,ALUT,0.11445841324079084,0.2004008016032064,0.14028056112224452,0.06012024048096187
ANSO,ACAC,0.1928113254621693,0.2605210420841683,0.1803607214428858,0.0801603206412825
ANSO,SRTX,0.13167700863574536,0.18036072144288576,0.16032064128256515,0.020040080160320606
ANSO,GARI,0.08462844772482868,0.22044088176352705,0.16032064128256515,0.0601202404809619
ANSO,RCRI,0.08615624823945078,0.18036072144288576,0.1803607214428858,-5.551115123125783e-17
ANSO,ACIX,0.057865675427407295,0.12024048096192384,0.16032064128256515,-0.04008016032064131
ANSO,CCNS,0.055278990812910475,0.1603206412825651,0.14028056112224452,0.020040080160320578
ANSO,MTNS,0.16867557243582623,0.18036072144288576,0.20040080160320645,-0.02004008016032069
ANSO,IHOZ,0.17396238259651833,0.22044088176352705,0.14028056112224452,0.08016032064128253
ANSO,NAYO,0.048023758360093684,0.1002004008016032,0.10020040080160322,-2.7755575615628914e-17
ANSO,FWWG,0.08743138619187898,0.1603206412825651,0.1803607214428858,-0.020040080160320717
ANSO,EELT,0.037649747888643316,0.12024048096192384,0.14028056112224452,-0.020040080160320675
ANSO,HRND,0.041120036090795335,0.12024048096192384,0.10020040080160322,0.02004008016032062
ANSO,AETS,0.0822068854830281,0.1002004008016032,0.14028056112224452,-0.04008016032064132
ANSO,ULXY,0.15683575987315995,0.1603206412825651,0.16032064128256515,-5.551115123125783e-17
ANSO,BLBT,0.11513263798346741,0.18036072144288576,0.16032064128256515,0.020040080160320606
ANSO,BENI,0.1989358145673068,0.1603206412825651,0.1803607214428858,-0.020040080160320717
ANSO,ITPA,0.10600328541772662,0.1603206412825651,0.24048096192384774,-0.08016032064128265
ANSO,HTRK,0.15780767016954608,0.08016032064128255,0.2204408817635271,-0.14028056112224457
ANSO,NGTE,0.13572581196966244,0.280561122244489,0.14028056112224452,0.14028056112224446
ANSO,ILVX,0.19992595633033133,0.12024048096192384,0.28056112224448904,-0.16032064128256518
ANSO,FCSG,0.10540760235330097,0.1402805611222445,0.14028056112224452,-2.7755575615628914e-17
ANSO,FARS,0.08054695957023136,0.06012024048096192,0.20040080160320645,-0.14028056112224452
ANSO,MHRM,0.12096089437705654,0.1603206412825651,0.1803607214428858,-0.020040080160320717
ANSO,EAFC,0.10470357203076074,0.12024048096192384,0.14028056112224452,-0.020040080160320675
DIHO,RTTH,0.0758724284249138,0.1402805611222445,0.10020040080160322,0.04008016032064127
DIHO,SPLZ,0.1499971907439903,0.2605210420841683,0.12024048096192387,0.14028056112224446
DIHO,NWIG,0.057540117129907066,0.2004008016032064,0.10020040080160322,0.10020040080160317
DIHO,MMBT,0.06790973667143782,0.1002004008016032,0.12024048096192387,-0.020040080160320675
DIHO,MDGI,0.09811688924894045,0.1402805611222445,0.12024048096192387,0.02004008016032062
DIHO,AGVF,0.13742161176582954,0.2004008016032064,0.2204408817635271,-0.020040080160320717
DIHO,RRES,0.08927141336475367,0.2004008016032064,0.10020040080160322,0.10020040080160317
DIHO,CTGI,0.07697510282342822,0.1402805611222445,0.14028056112224452,-2.7755575615628914e-17
DIHO,ALUT,0.13644488705646118,0.2004008016032064,0.14028056112224452,0.06012024048096187
DIHO,ACAC,0.09987199566202563,0.1402805611222445,0.14028056112224452,-2.7755575615628914e-17
DIHO,SRTX,0.08898711552215795,0.22044088176352705,0.1803607214428858,0.04008016032064124
DIHO,GARI,0.13476696859287568,0.1603206412825651,0.1803607214428858,-0.020040080160320717
DIHO,RCRI,0.1544252115109483,0.1002004008016032,0.14028056112224452,-0.04008016032064132
DIHO,ACIX,0.17979129851421063,0.1603206412825651,0.1803607214428858,-0.020040080160320717
DIHO,CCNS,0.06642485577836342,0.12024048096192384,0.08016032064128258,0.04008016032064127
DIHO,MTNS,0.13177505373884632,0.1402805611222445,0.14028056112224452,-2.7755575615628914e-17
DIHO,IHOZ,0.09407531393073514,0.2605210420841683,0.10020040080160322,0.1603206412825651
DIHO,NAYO,0.07578356268977407,0.2004008016032064,0.08016032064128258,0.12024048096192382
DIHO,FWWG,0.1683601246968584,0.2004008016032064,0.2605210420841684,-0.060120240480961984
DIHO,EELT,0.10197370314409575,0.22044088176352705,0.14028056112224452,0.08016032064128253
DIHO,HRND,0.1496167661633456,0.2605210420841683,0.14028056112224452,0.1202404809619238
DIHO,AETS,0.11458430330151281,0.1603206412825651,0.08016032064128258,0.08016032064128252
DIHO,ULXY,0.1180993393281946,0.1002004008016032,0.1803607214428858,-0.08016032064128262
DIHO,BLBT,0.16838961910883193,0.22044088176352705,0.1803607214428858,0.04008016032064124
DIHO,BENI,0.1436980622882697,0.280561122244489,0.12024048096192387,0.16032064128256512
DIHO,ITPA,0.15235526471122005,0.24048096192384769,0.20040080160320645,0.04008016032064124
DIHO,HTRK,0.0996678009393398,0.22044088176352705,0.1803607214428858,0.04008016032064124
DIHO,NGTE,0.12018501820109437,0.1002004008016032,0.060120240480961935,0.04008016032064126
DIHO,ILVX,0.1693516669690213,0.1603206412825651,0.2605210420841684,-0.10020040080160328
DIHO,FCSG,0.12024089119003248,0.12024048096192384,0.20040080160320645,-0.0801603206412826
DIHO,FARS,0.1220689473449218,0.12024048096192384,0.2204408817635271,-0.10020040080160326
DIHO,MHRM,0.07180556820500009,0.18036072144288576,0.10020040080160322,0.08016032064128253
DIHO,EAFC,0.17315868212210483,0.18036072144288576,0.12024048096192387,0.06012024048096189
RTTH,SPLZ,0.12371781200175823,0.1603206412825651,0.16032064128256515,-5.551115123125783e-17
RTTH,NWIG,0.07655502392406481,0.2004008016032064,0.12024048096192387,0.08016032064128252
RTTH,MMBT,0.1133194635040825,0.18036072144288576,0.16032064128256515,0.020040080160320606
RTTH,MDGI,0.09669176381662264,0.2004008016032064,0.14028056112224452,0.06012024048096187
RTTH,AGVF,0.07146852527814293,0.1002004008016032,0.1803607214428858,-0.08016032064128262
RTTH,RRES,0.2188785242937647,0.3006012024048096,0.24048096192384774,0.060120240480961845
RTTH,CTGI,0.1665184445951326,0.06012024048096192,0.20040080160320645,-0.14028056112224452
RTTH,ALUT,0.05534204461738998,0.18036072144288576,0.08016032064128258,0.10020040080160318
RTTH,ACAC,0.06762145826429695,0.040080160320641274,0.2204408817635271,-0.18036072144288584
RTTH,SRTX,0.06279250385361163,0.1002004008016032,0.12024048096192387,-0.020040080160320675
RTTH,GARI,0.09619432026037324,0.1603206412825651,0.20040080160320645,-0.04008016032064135
RTTH,RCRI,0.15158087895141262,0.22044088176352705,0.2204408817635271,-5.551115123125783e-17
RTTH,ACIX,0.12973747527703944,0.1603206412825651,0.16032064128256515,-5.551115123125783e-17
RTTH,CCNS,0.0503613915823246,0.1402805611222445,0.12024048096192387,0.02004008016032062
RTTH,MTNS,0.04727217137587352,0.1002004008016032,0.10020040080160322,-2.7755575615628914e-17
RTTH,IHOZ,0.01973432702500073,0.1402805611222445,0.12024048096192387,0.02004008016032062
RTTH,NAYO,0.15426899690669413,0.2004008016032064,0.12024048096192387,0.08016032064128252
RTTH,FWWG,0.08190236271474119,0.2004008016032064,0.14028056112224452,0.06012024048096187
RTTH,EELT,0.16218108651911467,0.2004008016032064,0.20040080160320645,-5.551115123125783e-17
RTTH,HRND,0.07415962756030123,0.12024048096192384,0.12024048096192387,-2.7755575615628914e-17
RTTH,AETS,0.0630598726913641,0.1402805611222445,0.10020040080160322,0.04008016032064127
RTTH,ULXY,0.03858334574137581,0.1002004008016032,0.10020040080160322,-2.7755575615628914e-17
RTTH,BLBT,0.11752349144212865,0.2004008016032064,0.08016032064128258,0.12024048096192382
RTTH,BENI,0.08627858377262651,0.18036072144288576,0.14028056112224452,0.04008016032064124
RTTH,ITPA,0.11884264589658843,0.1002004008016032,0.14028056112224452,-0.04008016032064132
RTTH,HTRK,0.05874539348594496,0.18036072144288576,0.2204408817635271,-0.04008016032064135
RTTH,NGTE,0.05748893360160966,0.1603206412825651,0.12024048096192387,0.040080160320641225
RTTH,ILVX,0.07642625180644655,0.22044088176352705,0.1803607214428858,0.04008016032064124
RTTH,FCSG,0.10948849300493879,0.2004008016032064,0.20040080160320645,-5.551115123125783e-17
RTTH,FARS,0.057038229376257535,0.1603206412825651,0.08016032064128258,0.08016032064128252
RTTH,MHRM,0.0800640709476952,0.08016032064128255,0.16032064128256515,-0.0801603206412826
RTTH,EAFC,0.11317914941968266,0.22044088176352705,0.14028056112224452,0.08016032064128253
SPLZ,NWIG,0.10759671954350467,0.12024048096192384,0.14028056112224452,-0.020040080160320675
SPLZ,MMBT,0.10110985022253341,0.1402805611222445,0.20040080160320645,-0.060120240480961956
SPLZ,MDGI,0.16565661443368665,0.1603206412825651,0.1803607214428858,-0.020040080160320717
SPLZ,AGVF,0.1713225648083315,0.18036072144288576,0.20040080160320645,-0.02004008016032069
SPLZ,RRES,0.13622809317463616,0.2004008016032064,0.10020040080160322,0.10020040080160317
SPLZ,CTGI,0.07007589476141036,0.18036072144288576,0.10020040080160322,0.08016032064128253
SPLZ,ALUT,0.16807784570054396,0.280561122244489,0.08016032064128258,0.2004008016032064
SPLZ,ACAC,0.10606755680034767,0.2004008016032064,0.16032064128256515,0.04008016032064124
SPLZ,SRTX,0.10236537331691495,0.2004008016032064,0.16032064128256515,0.04008016032064124
SPLZ,GARI,0.1663192460516961,0.22044088176352705,0.16032064128256515,0.0601202404809619
SPLZ,RCRI,0.13011565299273245,0.1603206412825651,0.12024048096192387,0.040080160320641225
SPLZ,ACIX,0.15387649424756508,0.2004008016032064,0.12024048096192387,0.08016032064128252
SPLZ,CCNS,0.08315994948733126,0.2004008016032064,0.1803607214428858,0.020040080160320578
SPLZ,MTNS,0.11278307506064121,0.1603206412825651,0.14028056112224452,0.020040080160320578
SPLZ,IHOZ,0.14342741708316228,0.18036072144288576,0.14028056112224452,0.04008016032064124
SPLZ,NAYO,0.0691905900153721,0.22044088176352705,0.12024048096192387,0.10020040080160318
SPLZ,FWWG,0.1591922477666551,0.18036072144288576,0.2204408817635271,-0.04008016032064135
SPLZ,EELT,0.11962929726737799,0.18036072144288576,0.16032064128256515,0.020040080160320606
SPLZ,HRND,0.13721970939752784,0.1603206412825651,0.08016032064128258,0.08016032064128252
SPLZ,AETS,0.1453067466722723,0.2004008016032064,0.2204408817635271,-0.020040080160320717
SPLZ,ULXY,0.093174300408045,0.1402805611222445,0.10020040080160322,0.04008016032064127
SPLZ,BLBT,0.19716212741565892,0.22044088176352705,0.1803607214428858,0.04008016032064124
SPLZ,BENI,0.14959026593712874,0.2004008016032064,0.10020040080160322,0.10020040080160317
SPLZ,ITPA,0.14513974025112222,0.18036072144288576,0.20040080160320645,-0.02004008016032069
SPLZ,HTRK,0.11085662780505305,0.1603206412825651,0.14028056112224452,0.020040080160320578
SPLZ,NGTE,0.10012032144820925,0.18036072144288576,0.14028056112224452,0.04008016032064124
SPLZ,ILVX,0.12866697249921527,0.18036072144288576,0.20040080160320645,-0.02004008016032069
SPLZ,FCSG,0.17064651391135682,0.2004008016032064,0.14028056112224452,0.06012024048096187
SPLZ,FARS,0.17385845529937427,0.1603206412825651,0.20040080160320645,-0.04008016032064135
SPLZ,MHRM,0.19465785664191745,0.3206412825651302,0.1803607214428858,0.14028056112224438
SPLZ,EAFC,0.23080823546207432,0.3206412825651302,0.1803607214428858,0.14028056112224438
NWIG,MMBT,0.04562538732082638,0.12024048096192384,0.16032064128256515,-0.04008016032064131
NWIG,MDGI,0.07595109898511881,0.1603206412825651,0.10020040080160322,0.06012024048096187
NWIG,AGVF,0.11773748299812475,0.2004008016032064,0.1803607214428858,0.020040080160320578
NWIG,RRES,0.07797339989813748,0.18036072144288576,0.10020040080160322,0.08016032064128253
NWIG,CTGI,0.05586272947501428,0.12024048096192384,0.08016032064128258,0.04008016032064127
NWIG,ALUT,0.08228031492585648,0.2004008016032064,0.14028056112224452,0.06012024048096187
NWIG,ACAC,0.15907316641314756,0.2004008016032064,0.12024048096192387,0.08016032064128252
NWIG,SRTX,0.16828033577194548,0.24048096192384769,0.2605210420841684,-0.02004008016032069
NWIG,GARI,0.09459231061435203,0.18036072144288576,0.14028056112224452,0.04008016032064124
NWIG,RCRI,0.06622884322862592,0.08016032064128255,0.10020040080160322,-0.020040080160320675
NWIG,ACIX,0.06728323562354954,0.1603206412825651,0.16032064128256515,-5.551115123125783e-17
NWIG,CCNS,0.062281425583911074,0.12024048096192384,0.10020040080160322,0.02004008016032062
NWIG,MTNS,0.13119926659209621,0.22044088176352705,0.2204408817635271,-5.551115123125783e-17
NWIG,IHOZ,0.19755977819092,0.2605210420841683,0.2204408817635271,0.04008016032064121
NWIG,NAYO,0.05864741531255281,0.1402805611222445,0.14028056112224452,-2.7755575615628914e-17
NWIG,FWWG,0.1683514963615514,0.24048096192384769,0.10020040080160322,0.14028056112224446
NWIG,EELT,0.04666379612192261,0.12024048096192384,0.16032064128256515,-0.04008016032064131
NWIG,HRND,0.024540025453285375,0.06012024048096192,0.08016032064128258,-0.020040080160320654
NWIG,AETS,0.08246443593686174,0.1603206412825651,0.10020040080160322,0.06012024048096187
NWIG,ULXY,0.12258251442644323,0.08016032064128255,0.12024048096192387,-0.04008016032064132
NWIG,BLBT,0.11965584962601958,0.2004008016032064,0.12024048096192387,0.08016032064128252
NWIG,BENI,0.17671824291652516,0.1402805611222445,0.2204408817635271,-0.08016032064128262
NWIG,ITPA,0.12247247229331844,0.1603206412825651,0.08016032064128258,0.08016032064128252
NWIG,HTRK,0.16835394340299703,0.1402805611222445,0.2204408817635271,-0.08016032064128262
NWIG,NGTE,0.18219644991515763,0.18036072144288576,0.1803607214428858,-5.551115123125783e-17
NWIG,ILVX,0.20523778480656088,0.280561122244489,0.1803607214428858,0.10020040080160317
NWIG,FCSG,0.07620864218396632,0.1603206412825651,0.16032064128256515,-5.551115123125783e-17
NWIG,FARS,0.07452686307157698,0.12024048096192384,0.08016032064128258,0.04008016032064127
NWIG,MHRM,0.08317872521243694,0.18036072144288576,0.1803607214428858,-5.551115123125783e-17
NWIG,EAFC,0.11481254939032991,0.2004008016032064,0.20040080160320645,-5.551115123125783e-17
MMBT,MDGI,0.09853441823405847,0.18036072144288576,0.12024048096192387,0.06012024048096189
MMBT,AGVF,0.06115846150131588,0.12024048096192384,0.12024048096192387,-2.7755575615628914e-17
MMBT,RRES,0.190217107059515,0.18036072144288576,0.28056112224448904,-0.10020040080160328
MMBT,CTGI,0.1381316850568607,0.08016032064128255,0.1803607214428858,-0.10020040080160326
MMBT,ALUT,0.007267839614403638,0.1002004008016032,0.14028056112224452,-0.04008016032064132
MMBT,ACAC,0.059323466209527484,0.18036072144288576,0.12024048096192387,0.06012024048096189
MMBT,SRTX,0.06276810649411271,0.1002004008016032,0.1803607214428858,-0.08016032064128262
MMBT,GARI,0.05502659981879731,0.1002004008016032,0.10020040080160322,-2.7755575615628914e-17
MMBT,RCRI,0.16449767003887292,0.2004008016032064,0.2204408817635271,-0.020040080160320717
MMBT,ACIX,0.07681348457417553,0.1603206412825651,0.12024048096192387,0.040080160320641225
MMBT,CCNS,0.033981930578350035,0.18036072144288576,0.12024048096192387,0.06012024048096189
MMBT,MTNS,0.010850098856818754,0.12024048096192384,0.060120240480961935,0.06012024048096191
MMBT,IHOZ,0.06893304681652461,0.1002004008016032,0.060120240480961935,0.04008016032064126
MMBT,NAYO,0.19715736694272074,0.3006012024048096,0.1803607214428858,0.12024048096192377
MMBT,FWWG,0.08456610280015396,0.1603206412825651,0.10020040080160322,0.06012024048096187
MMBT,EELT,0.1700113882855283,0.280561122244489,0.20040080160320645,0.08016032064128253
MMBT,HRND,0.030882281949575593,0.1603206412825651,0.08016032064128258,0.08016032064128252
MMBT,AETS,0.08046841991965095,0.1603206412825651,0.16032064128256515,-5.551115123125783e-17
MMBT,ULXY,0.04333969143105488,0.0,0.12024048096192387,-0.12024048096192387
MMBT,BLBT,0.11679061235778368,0.12024048096192384,0.20040080160320645,-0.0801603206412826
MMBT,BENI,0.03164393991276183,0.1603206412825651,0.060120240480961935,0.10020040080160317
MMBT,ITPA,0.07952057533918455,0.18036072144288576,0.04008016032064129,0.14028056112224446
MMBT,HTRK,0.06710972036186799,0.1002004008016032,0.04008016032064129,0.06012024048096191
MMBT,NGTE,0.058929340325063355,0.1402805611222445,0.08016032064128258,0.060120240480961915
MMBT,ILVX,0.07925087122035235,0.22044088176352705,0.20040080160320645,0.020040080160320606
MMBT,FCSG,0.04142421388962664,0.18036072144288576,0.020040080160320644,0.16032064128256512
MMBT,FARS,0.027396268023288126,0.1402805611222445,0.10020040080160322,0.04008016032064127
MMBT,MHRM,0.06960805260665325,0.2004008016032064,0.14028056112224452,0.06012024048096187
MMBT,EAFC,0.036033353215598106,0.12024048096192384,0.16032064128256515,-0.04008016032064131
MDGI,AGVF,0.13819607085657257,0.1402805611222445,0.12024048096192387,0.02004008016032062
MDGI,RRES,0.1437614439492704,0.2004008016032064,0.14028056112224452,0.06012024048096187
MDGI,CTGI,0.10114204312238934,0.08016032064128255,0.14028056112224452,-0.06012024048096197
MDGI,ALUT,0.08282761624787136,0.1603206412825651,0.20040080160320645,-0.04008016032064135
MDGI,ACAC,0.09563705724702416,0.1002004008016032,0.12024048096192387,-0.020040080160320675
MDGI,SRTX,0.11575761965698465,0.1603206412825651,0.1803607214428858,-0.020040080160320717
MDGI,GARI,0.15183220792476396,0.2004008016032064,0.10020040080160322,0.10020040080160317
MDGI,RCRI,0.10883614618795823,0.1402805611222445,0.10020040080160322,0.04008016032064127
MDGI,ACIX,0.19426736353324175,0.2004008016032064,0.20040080160320645,-5.551115123125783e-17
MDGI,CCNS,0.05281606547966199,0.08016032064128255,0.1803607214428858,-0.10020040080160326
MDGI,MTNS,0.10141783797916638,0.1603206412825651,0.16032064128256515,-5.551115123125783e-17
MDGI,IHOZ,0.11088039532881022,0.1402805611222445,0.12024048096192387,0.02004008016032062
MDGI,NAYO,0.13051806424093165,0.2004008016032064,0.14028056112224452,0.06012024048096187
MDGI,FWWG,0.12091334942102532,0.1402805611222445,0.1803607214428858,-0.04008016032064132
MDGI,EELT,0.11302972623944138,0.22044088176352705,0.16032064128256515,0.0601202404809619
MDGI,HRND,0.1587898203239971,0.1603206412825651,0.2204408817635271,-0.06012024048096201
MDGI,AETS,0.10545081394151498,0.1402805611222445,0.2204408817635271,-0.08016032064128262
MDGI,ULXY,0.07234549420125391,0.06012024048096192,0.04008016032064129,0.020040080160320634
MDGI,BLBT,0.16574109849657773,0.18036072144288576,0.14028056112224452,0.04008016032064124
MDGI,BENI,0.08210036712547898,0.1402805611222445,0.14028056112224452,-2.7755575615628914e-17
MDGI,ITPA,0.21602324935496464,0.22044088176352705,0.16032064128256515,0.0601202404809619
MDGI,HTRK,0.14304288764271478,0.18036072144288576,0.1803607214428858,-5.551115123125783e-17
MDGI,NGTE,0.12777413370673393,0.1603206412825651,0.10020040080160322,0.06012024048096187
MDGI,ILVX,0.13932282235153035,0.2004008016032064,0.14028056112224452,0.06012024048096187
MDGI,FCSG,0.10516615560438143,0.24048096192384769,0.20040080160320645,0.04008016032064124
MDGI,FARS,0.07472002124800439,0.1603206412825651,0.08016032064128258,0.08016032064128252
MDGI,MHRM,0.11115717003907045,0.08016032064128255,0.1803607214428858,-0.10020040080160326
MDGI,EAFC,0.1404552260364982,0.24048096192384769,0.08016032064128258,0.16032064128256512
AGVF,RRES,0.08394535104640523,0.1402805611222445,0.14028056112224452,-2.7755575615628914e-17
AGVF,CTGI,0.1001440632268553,0.18036072144288576,0.1803607214428858,-5.551115123125783e-17
AGVF,ALUT,0.13060380224023016,0.2004008016032064,0.1803607214428858,0.020040080160320578
AGVF,ACAC,0.0966350371425582,0.1402805611222445,0.14028056112224452,-2.7755575615628914e-17
AGVF,SRTX,0.1396125584502338,0.22044088176352705,0.1803607214428858,0.04008016032064124
AGVF,GARI,0.12274545470769017,0.22044088176352705,0.16032064128256515,0.0601202404809619
AGVF,RCRI,0.1248360174163588,0.1603206412825651,0.24048096192384774,-0.08016032064128265
AGVF,ACIX,0.14400817903348784,0.08016032064128255,0.1803607214428858,-0.10020040080160326
AGVF,CCNS,0.09658530718621516,0.1002004008016032,0.10020040080160322,-2.7755575615628914e-17
AGVF,MTNS,0.13498231292941432,0.1402805611222445,0.20040080160320645,-0.060120240480961956
AGVF,IHOZ,0.1604252682070969,0.24048096192384769,0.2605210420841684,-0.02004008016032069
AGVF,NAYO,0.06294516744332036,0.12024048096192384,0.12024048096192387,-2.7755575615628914e-17
AGVF,FWWG,0.14587994796352818,0.24048096192384769,0.16032064128256515,0.08016032064128253
AGVF,EELT,0.11872789244405006,0.08016032064128255,0.1803607214428858,-0.10020040080160326
AGVF,HRND,0.15114369891349494,0.18036072144288576,0.1803607214428858,-5.551115123125783e-17
AGVF,AETS,0.12489587320595555,0.18036072144288576,0.20040080160320645,-0.02004008016032069
AGVF,ULXY,0.058309389864065475,0.1002004008016032,0.14028056112224452,-0.04008016032064132
AGVF,BLBT,0.17662256138043989,0.18036072144288576,0.14028056112224452,0.04008016032064124
AGVF,BENI,0.14088033386243826,0.22044088176352705,0.14028056112224452,0.08016032064128253
AGVF,ITPA,0.12211829623147775,0.2004008016032064,0.12024048096192387,0.08016032064128252
AGVF,HTRK,0.1134489178670158,0.1402805611222445,0.28056112224448904,-0.14028056112224455
AGVF,NGTE,0.1012148844479646,0.1402805611222445,0.2204408817635271,-0.08016032064128262
AGVF,ILVX,0.17154791510732306,0.18036072144288576,0.1803607214428858,-5.551115123125783e-17
AGVF,FCSG,0.1315643334862496,0.06012024048096192,0.1803607214428858,-0.12024048096192388
AGVF,FARS,0.0716133939104635,0.12024048096192384,0.10020040080160322,0.02004008016032062
AGVF,MHRM,0.10909661714044612,0.2004008016032064,0.1803607214428858,0.020040080160320578
AGVF,EAFC,0.153107544833666,0.2605210420841683,0.14028056112224452,0.1202404809619238
RRES,CTGI,0.2266122055668826,0.18036072144288576,0.3006012024048097,-0.12024048096192394
RRES,ALUT,0.0009175604161885699,0.1402805611222445,0.060120240480961935,0.08016032064128256
RRES,ACAC,0.08211030406284048,0.12024048096192384,0.1803607214428858,-0.06012024048096197
RRES,SRTX,0.08004990043217128,0.1002004008016032,0.2605210420841684,-0.16032064128256518
RRES,GARI,0.13967507878566798,0.12024048096192384,0.16032064128256515,-0.04008016032064131
RRES,RCRI,0.21085333717293617,0.22044088176352705,0.1803607214428858,0.04008016032064124
RRES,ACIX,0.10383756307946333,0.18036072144288576,0.10020040080160322,0.08016032064128253
RRES,CCNS,0.06356297142117397,0.18036072144288576,0.08016032064128258,0.10020040080160318
RRES,MTNS,0.10228196589804338,0.1603206412825651,0.10020040080160322,0.06012024048096187
RRES,IHOZ,0.04880581100147664,0.18036072144288576,0.10020040080160322,0.08016032064128253
RRES,NAYO,0.2688826738023304,0.2605210420841683,0.2204408817635271,0.04008016032064121
RRES,FWWG,0.1225667545413995,0.18036072144288576,0.14028056112224452,0.04008016032064124
RRES,EELT,0.18035847953296463,0.22044088176352705,0.20040080160320645,0.020040080160320606
RRES,HRND,0.08353019297548227,0.1603206412825651,0.12024048096192387,0.040080160320641225
RRES,AETS,0.08831814816007212,0.1002004008016032,0.20040080160320645,-0.10020040080160325
RRES,ULXY,0.057144006944341054,0.1402805611222445,0.20040080160320645,-0.060120240480961956
RRES,BLBT,0.16380604372962024,0.2004008016032064,0.1803607214428858,0.020040080160320578
RRES,BENI,0.10147920214783507,0.1402805611222445,0.12024048096192387,0.02004008016032062
RRES,ITPA,0.13946880252809854,0.1002004008016032,0.16032064128256515,-0.060120240480961956
RRES,HTRK,0.06489763615533091,0.1402805611222445,0.10020040080160322,0.04008016032064127
RRES,NGTE,0.11962461873793802,0.18036072144288576,0.16032064128256515,0.020040080160320606
RRES,ILVX,0.08478239002136459,0.18036072144288576,0.1803607214428858,-5.551115123125783e-17
RRES,FCSG,0.13783778351109646,0.12024048096192384,0.1803607214428858,-0.06012024048096197
RRES,FARS,0.08282694956819754,0.1402805611222445,0.10020040080160322,0.04008016032064127
RRES,MHRM,0.07760293013481043,0.1603206412825651,0.14028056112224452,0.020040080160320578
RRES,EAFC,0.09248043142111112,0.18036072144288576,0.060120240480961935,0.12024048096192383
CTGI,ALUT,0.023461519906961912,0.040080160320641274,0.10020040080160322,-0.06012024048096195
CTGI,ACAC,0.08420857779816661,0.12024048096192384,0.1803607214428858,-0.06012024048096197
CTGI,SRTX,0.0991782762311772,0.12024048096192384,0.20040080160320645,-0.0801603206412826
CTGI,GARI,0.13031090795175473,0.1002004008016032,0.08016032064128258,0.02004008016032062
CTGI,RCRI,0.18088385606554472,0.2605210420841683,0.2204408817635271,0.04008016032064121
CTGI,ACIX,0.07066389825806213,0.12024048096192384,0.08016032064128258,0.04008016032064127
CTGI,CCNS,0.05713020920064627,0.1002004008016032,0.04008016032064129,0.06012024048096191
CTGI,MTNS,0.0780273429658761,0.12024048096192384,0.16032064128256515,-0.04008016032064131
CTGI,IHOZ,0.05975807035758263,0.1002004008016032,0.12024048096192387,-0.020040080160320675
CTGI,NAYO,0.21383328906809604,0.18036072144288576,0.20040080160320645,-0.02004008016032069
CTGI,FWWG,0.07590586423415362,0.1002004008016032,0.16032064128256515,-0.060120240480961956
CTGI,EELT,0.15972571539076855,0.12024048096192384,0.3006012024048097,-0.18036072144288584
CTGI,HRND,0.059132688424167815,0.1603206412825651,0.10020040080160322,0.06012024048096187
CTGI,AETS,0.1034869917310334,0.12024048096192384,0.1803607214428858,-0.06012024048096197
CTGI,ULXY,0.10402330765949568,0.24048096192384769,0.12024048096192387,0.12024048096192382
CTGI,BLBT,0.12892762865132223,0.08016032064128255,0.24048096192384774,-0.16032064128256518
CTGI,BENI,0.0942395330853988,0.1603206412825651,0.16032064128256515,-5.551115123125783e-17
CTGI,ITPA,0.13932803305455466,0.1002004008016032,0.16032064128256515,-0.060120240480961956
CTGI,HTRK,0.09834601054949368,0.1402805611222445,0.10020040080160322,0.04008016032064127
CTGI,NGTE,0.11497740451841779,0.06012024048096192,0.2204408817635271,-0.16032064128256518
CTGI,ILVX,0.10410378990913553,0.08016032064128255,0.14028056112224452,-0.06012024048096197
CTGI,FCSG,0.06727511247394387,0.06012024048096192,0.08016032064128258,-0.020040080160320654
CTGI,FARS,0.07858318477655267,0.12024048096192384,0.1803607214428858,-0.06012024048096197
CTGI,MHRM,0.05038695759917314,0.12024048096192384,0.060120240480961935,0.06012024048096191
CTGI,EAFC,0.07218743466399362,0.1002004008016032,0.020040080160320644,0.08016032064128255
ALUT,ACAC,0.10507380527800608,0.1402805611222445,0.10020040080160322,0.04008016032064127
ALUT,SRTX,0.054416238796215946,0.1402805611222445,0.14028056112224452,-2.7755575615628914e-17
ALUT,GARI,0.1463330221604266,0.22044088176352705,0.20040080160320645,0.020040080160320606
ALUT,RCRI,0.08070279935063708,0.1402805611222445,0.1803607214428858,-0.04008016032064132
ALUT,ACIX,0.17524611466165743,0.2004008016032064,0.2204408817635271,-0.020040080160320717
ALUT,CCNS,0.13398531044656864,0.12024048096192384,0.1803607214428858,-0.06012024048096197
ALUT,MTNS,0.07345844733208133,0.1402805611222445,0.14028056112224452,-2.7755575615628914e-17
ALUT,IHOZ,0.1081644480376196,0.1603206412825651,0.1803607214428858,-0.020040080160320717
ALUT,NAYO,0.03147787456470945,0.12024048096192384,0.10020040080160322,0.02004008016032062
ALUT,FWWG,0.1115171320256598,0.24048096192384769,0.10020040080160322,0.14028056112224446
ALUT,EELT,0.05027143843516838,0.1402805611222445,0.10020040080160322,0.04008016032064127
ALUT,HRND,0.074492317350955,0.1002004008016032,0.14028056112224452,-0.04008016032064132
ALUT,AETS,0.09096726161195805,0.2004008016032064,0.16032064128256515,0.04008016032064124
ALUT,ULXY,0.06352719609799326,0.18036072144288576,0.12024048096192387,0.06012024048096189
ALUT,BLBT,0.18847741927540393,0.280561122244489,0.1803607214428858,0.10020040080160317
ALUT,BENI,0.038729361882093846,0.12024048096192384,0.16032064128256515,-0.04008016032064131
ALUT,ITPA,0.14358392389150718,0.2004008016032064,0.10020040080160322,0.10020040080160317
ALUT,HTRK,0.1312460039226519,0.1603206412825651,0.1803607214428858,-0.020040080160320717
ALUT,NGTE,0.06516131373216831,0.18036072144288576,0.20040080160320645,-0.02004008016032069
ALUT,ILVX,0.14911546460249858,0.2004008016032064,0.10020040080160322,0.10020040080160317
ALUT,FCSG,0.10117830763307657,0.1002004008016032,0.10020040080160322,-2.7755575615628914e-17
ALUT,FARS,0.09053044180575952,0.1402805611222445,0.10020040080160322,0.04008016032064127
ALUT,MHRM,0.14149162691248363,0.2004008016032064,0.20040080160320645,-5.551115123125783e-17
ALUT,EAFC,0.21341586110865174,0.2605210420841683,0.14028056112224452,0.1202404809619238
ACAC,SRTX,0.2149117512132699,0.22044088176352705,0.3006012024048097,-0.08016032064128265
ACAC,GARI,0.16976394178409998,0.18036072144288576,0.3006012024048097,-0.12024048096192394
ACAC,RCRI,0.07619254573403836,0.1603206412825651,0.12024048096192387,0.040080160320641225
ACAC,ACIX,0.17240574516339366,0.1402805611222445,0.1803607214428858,-0.04008016032064132
ACAC,CCNS,0.09009799405354105,0.1402805611222445,0.12024048096192387,0.02004008016032062
ACAC,MTNS,0.1875103137748143,0.1603206412825651,0.20040080160320645,-0.04008016032064135
ACAC,IHOZ,0.17803478442829432,0.1603206412825651,0.14028056112224452,0.020040080160320578
ACAC,NAYO,0.048876870206276,0.1002004008016032,0.12024048096192387,-0.020040080160320675
ACAC,FWWG,0.09889251975877907,0.1402805611222445,0.12024048096192387,0.02004008016032062
ACAC,EELT,0.04684085778364774,0.06012024048096192,0.14028056112224452,-0.08016032064128259
ACAC,HRND,0.05140608152513404,0.08016032064128255,0.10020040080160322,-0.020040080160320675
ACAC,AETS,0.09334594261133344,0.12024048096192384,0.16032064128256515,-0.04008016032064131
ACAC,ULXY,0.14323425968402667,0.1402805611222445,0.10020040080160322,0.04008016032064127
ACAC,BLBT,0.15015935874572187,0.1402805611222445,0.1803607214428858,-0.04008016032064132
ACAC,BENI,0.22374543624401294,0.18036072144288576,0.2204408817635271,-0.04008016032064135
ACAC,ITPA,0.12388917654068118,0.1603206412825651,0.16032064128256515,-5.551115123125783e-17
ACAC,HTRK,0.23026298246043045,0.1002004008016032,0.2605210420841684,-0.16032064128256518
ACAC,NGTE,0.1260518066335895,0.06012024048096192,0.1803607214428858,-0.12024048096192388
ACAC,ILVX,0.2648107459899719,0.1603206412825651,0.24048096192384774,-0.08016032064128265
ACAC,FCSG,0.11492060426073028,0.1402805611222445,0.14028056112224452,-2.7755575615628914e-17
ACAC,FARS,0.11314240184235735,0.1402805611222445,0.2204408817635271,-0.08016032064128262
ACAC,MHRM,0.11532657004488064,0.22044088176352705,0.16032064128256515,0.0601202404809619
ACAC,EAFC,0.13824992365073233,0.1402805611222445,0.20040080160320645,-0.060120240480961956
SRTX,GARI,0.1310030664400415,0.18036072144288576,0.16032064128256515,0.020040080160320606
SRTX,RCRI,0.08723471038462466,0.22044088176352705,0.1803607214428858,0.04008016032064124
SRTX,ACIX,0.10274799649893646,0.2004008016032064,0.14028056112224452,0.06012024048096187
SRTX,CCNS,0.09088677406222846,0.12024048096192384,0.14028056112224452,-0.020040080160320675
SRTX,MTNS,0.13609307972632897,0.22044088176352705,0.16032064128256515,0.0601202404809619
SRTX,IHOZ,0.23646489766681958,0.3206412825651302,0.20040080160320645,0.12024048096192375
SRTX,NAYO,0.06719463022430402,0.12024048096192384,0.12024048096192387,-2.7755575615628914e-17
SRTX,FWWG,0.11540814200546375,0.24048096192384769,0.1803607214428858,0.06012024048096187
SRTX,EELT,0.08357310433426084,0.1002004008016032,0.16032064128256515,-0.060120240480961956
SRTX,HRND,0.06637638239201196,0.12024048096192384,0.10020040080160322,0.02004008016032062
SRTX,AETS,0.11834443353656209,0.1402805611222445,0.060120240480961935,0.08016032064128256
SRTX,ULXY,0.1676042848749708,0.12024048096192384,0.16032064128256515,-0.04008016032064131
SRTX,BLBT,0.14822773811545048,0.1603206412825651,0.1803607214428858,-0.020040080160320717
SRTX,BENI,0.20687296154110052,0.24048096192384769,0.3006012024048097,-0.06012024048096201
SRTX,ITPA,0.07485189088764825,0.2605210420841683,0.12024048096192387,0.14028056112224446
SRTX,HTRK,0.16970644256576023,0.1402805611222445,0.24048096192384774,-0.10020040080160325
SRTX,NGTE,0.1707196349324288,0.18036072144288576,0.2605210420841684,-0.08016032064128262
SRTX,ILVX,0.2453018486772742,0.18036072144288576,0.24048096192384774,-0.060120240480961984
SRTX,FCSG,0.14382982833136151,0.18036072144288576,0.14028056112224452,0.04008016032064124
SRTX,FARS,0.08809622496560277,0.18036072144288576,0.1803607214428858,-5.551115123125783e-17
SRTX,MHRM,0.05090209582382922,0.18036072144288576,0.16032064128256515,0.020040080160320606
SRTX,EAFC,0.12675659588841962,0.3006012024048096,0.060120240480961935,0.24048096192384766
GARI,RCRI,0.14730903268735515,0.18036072144288576,0.2204408817635271,-0.04008016032064135
GARI,ACIX,0.22548577807498937,0.2004008016032064,0.3006012024048097,-0.1002004008016033
GARI,CCNS,0.1233414226518094,0.1603206412825651,0.20040080160320645,-0.04008016032064135
GARI,MTNS,0.13643333529628457,0.2004008016032064,0.14028056112224452,0.06012024048096187
GARI,IHOZ,0.17890687251309714,0.22044088176352705,0.2204408817635271,-5.551115123125783e-17
GARI,NAYO,0.1305362618781737,0.2004008016032064,0.1803607214428858,0.020040080160320578
GARI,FWWG,0.15420462964477274,0.1603206412825651,0.20040080160320645,-0.04008016032064135
GARI,EELT,0.12325299702705453,0.2004008016032064,0.16032064128256515,0.04008016032064124
GARI,HRND,0.17002833139755855,0.24048096192384769,0.24048096192384774,-5.551115123125783e-17
GARI,AETS,0.13697075549005977,0.22044088176352705,0.24048096192384774,-0.02004008016032069
GARI,ULXY,0.08115155857436497,0.12024048096192384,0.08016032064128258,0.04008016032064127
GARI,BLBT,0.24016064904275766,0.280561122244489,0.1803607214428858,0.10020040080160317
GARI,BENI,0.1671255180629081,0.2004008016032064,0.1803607214428858,0.020040080160320578
GARI,ITPA,0.20432262929776185,0.2605210420841683,0.20040080160320645,0.06012024048096187
GARI,HTRK,0.18479622328986864,0.18036072144288576,0.2605210420841684,-0.08016032064128262
GARI,NGTE,0.13281448066739282,0.1603206412825651,0.16032064128256515,-5.551115123125783e-17
GARI,ILVX,0.20916868548935544,0.18036072144288576,0.24048096192384774,-0.060120240480961984
GARI,FCSG,0.17478611500143645,0.2605210420841683,0.3006012024048097,-0.04008016032064138
GARI,FARS,0.15140625441249508,0.24048096192384769,0.20040080160320645,0.04008016032064124
GARI,MHRM,0.18831824853049403,0.3607214428857715,0.24048096192384774,0.12024048096192377
GARI,EAFC,0.14947200674007383,0.1603206412825651,0.1803607214428858,-0.020040080160320717
RCRI,ACIX,0.10191088003705714,0.1603206412825651,0.12024048096192387,0.040080160320641225
RCRI,CCNS,0.11804334293275265,0.06012024048096192,0.14028056112224452,-0.08016032064128259
RCRI,MTNS,0.09879385264732446,0.1002004008016032,0.1803607214428858,-0.08016032064128262
RCRI,IHOZ,0.10862689233889465,0.1002004008016032,0.3206412825651303,-0.2204408817635271
RCRI,NAYO,0.1900749289744147,0.280561122244489,0.12024048096192387,0.16032064128256512
RCRI,FWWG,0.16159071532489683,0.2004008016032064,0.24048096192384774,-0.04008016032064135
RCRI,EELT,0.19067931316326153,0.280561122244489,0.24048096192384774,0.04008016032064124
RCRI,HRND,0.12949310249849405,0.18036072144288576,0.10020040080160322,0.08016032064128253
RCRI,AETS,0.053216362523377886,0.1402805611222445,0.10020040080160322,0.04008016032064127
RCRI,ULXY,0.05721483126896363,0.12024048096192384,0.12024048096192387,-2.7755575615628914e-17
RCRI,BLBT,0.15716148353045564,0.1603206412825651,0.14028056112224452,0.020040080160320578
RCRI,BENI,0.09840935269232086,0.12024048096192384,0.1803607214428858,-0.06012024048096197
RCRI,ITPA,0.09689130128127993,0.1002004008016032,0.060120240480961935,0.04008016032064126
RCRI,HTRK,0.10229079977421962,0.06012024048096192,0.24048096192384774,-0.1803607214428858
RCRI,NGTE,0.08685679333352686,0.12024048096192384,0.14028056112224452,-0.020040080160320675
RCRI,ILVX,0.11611174155539995,0.1402805611222445,0.16032064128256515,-0.02004008016032066
RCRI,FCSG,0.11385823856548438,0.1603206412825651,0.14028056112224452,0.020040080160320578
RCRI,FARS,0.11088888978403753,0.12024048096192384,0.12024048096192387,-2.7755575615628914e-17
RCRI,MHRM,0.11621196386850828,0.12024048096192384,0.1803607214428858,-0.06012024048096197
RCRI,EAFC,0.11909437738021111,0.1402805611222445,0.10020040080160322,0.04008016032064127
ACIX,CCNS,0.09527681082048588,0.1603206412825651,0.1803607214428858,-0.020040080160320717
ACIX,MTNS,0.11315089337240099,0.18036072144288576,0.1803607214428858,-5.551115123125783e-17
ACIX,IHOZ,0.12509256667371496,0.2004008016032064,0.2204408817635271,-0.020040080160320717
ACIX,NAYO,0.11757461691029884,0.18036072144288576,0.08016032064128258,0.10020040080160318
ACIX,FWWG,0.21926089372416915,0.24048096192384769,0.2204408817635271,0.020040080160320578
ACIX,EELT,0.10869679030531958,0.1603206412825651,0.16032064128256515,-5.551115123125783e-17
ACIX,HRND,0.15784305095771622,0.18036072144288576,0.24048096192384774,-0.060120240480961984
ACIX,AETS,0.1546294253299605,0.1402805611222445,0.16032064128256515,-0.02004008016032066
ACIX,ULXY,0.09230013911894276,0.06012024048096192,0.10020040080160322,-0.0400801603206413
ACIX,BLBT,0.22455386354786228,0.1603206412825651,0.16032064128256515,-5.551115123125783e-17
ACIX,BENI,0.10156105369800157,0.08016032064128255,0.16032064128256515,-0.0801603206412826
ACIX,ITPA,0.289018411478411,0.3206412825651302,0.20040080160320645,0.12024048096192375
ACIX,HTRK,0.13020986591982897,0.08016032064128255,0.20040080160320645,-0.1202404809619239
ACIX,NGTE,0.14978005583541074,0.1402805611222445,0.3206412825651303,-0.1803607214428858
ACIX,ILVX,0.18269261860841055,0.22044088176352705,0.16032064128256515,0.0601202404809619
ACIX,FCSG,0.1843507531386715,0.24048096192384769,0.2204408817635271,0.020040080160320578
ACIX,FARS,0.17429800779557095,0.2004008016032064,0.2204408817635271,-0.020040080160320717
ACIX,MHRM,0.18952935640010027,0.22044088176352705,0.1803607214428858,0.04008016032064124
ACIX,EAFC,0.18991234133537657,0.1603206412825651,0.14028056112224452,0.020040080160320578
CCNS,MTNS,0.07245431864014987,0.1002004008016032,0.12024048096192387,-0.020040080160320675
CCNS,IHOZ,0.08135702375318857,0.1002004008016032,0.16032064128256515,-0.060120240480961956
CCNS,NAYO,0.10218725500301563,0.1402805611222445,0.16032064128256515,-0.02004008016032066
CCNS,FWWG,0.1140235436613055,0.1402805611222445,0.16032064128256515,-0.02004008016032066
CCNS,EELT,0.1017127865472009,0.1402805611222445,0.1803607214428858,-0.04008016032064132
CCNS,HRND,0.03662340277134972,0.08016032064128255,0.08016032064128258,-2.7755575615628914e-17
CCNS,AETS,0.10058838215150197,0.1402805611222445,0.14028056112224452,-2.7755575615628914e-17
CCNS,ULXY,0.03853753756729985,0.12024048096192384,0.04008016032064129,0.08016032064128256
CCNS,BLBT,0.11115627488465615,0.1603206412825651,0.10020040080160322,0.06012024048096187
CCNS,BENI,0.09552599355713262,0.1603206412825651,0.10020040080160322,0.06012024048096187
CCNS,ITPA,0.09424947809250125,0.08016032064128255,0.12024048096192387,-0.04008016032064132
CCNS,HTRK,0.10798995492022447,0.12024048096192384,0.1803607214428858,-0.06012024048096197
CCNS,NGTE,0.060003863552218296,0.22044088176352705,0.12024048096192387,0.10020040080160318
CCNS,ILVX,0.11306919961266255,0.12024048096192384,0.16032064128256515,-0.04008016032064131
CCNS,FCSG,0.13885747663138198,0.1002004008016032,0.14028056112224452,-0.04008016032064132
CCNS,FARS,0.10469084550284419,0.12024048096192384,0.08016032064128258,0.04008016032064127
CCNS,MHRM,0.09431699272376802,0.18036072144288576,0.14028056112224452,0.04008016032064124
CCNS,EAFC,0.07493711643983865,0.1002004008016032,0.14028056112224452,-0.04008016032064132
MTNS,IHOZ,0.20479964043983406,0.2605210420841683,0.2605210420841684,-5.551115123125783e-17
MTNS,NAYO,0.05450806339642181,0.1603206412825651,0.08016032064128258,0.08016032064128252
MTNS,FWWG,0.13078597986540186,0.12024048096192384,0.1803607214428858,-0.06012024048096197
MTNS,EELT,0.03318630386220442,0.1002004008016032,0.10020040080160322,-2.7755575615628914e-17
MTNS,HRND,0.04060096519209054,0.12024048096192384,0.10020040080160322,0.02004008016032062
MTNS,AETS,0.10352155216925599,0.22044088176352705,0.060120240480961935,0.16032064128256512
MTNS,ULXY,0.16420030910912653,0.18036072144288576,0.20040080160320645,-0.02004008016032069
MTNS,BLBT,0.10822993459447125,0.1002004008016032,0.060120240480961935,0.04008016032064126
MTNS,BENI,0.25006943816318694,0.24048096192384769,0.2605210420841684,-0.02004008016032069
MTNS,ITPA,0.16298568282530237,0.22044088176352705,0.2204408817635271,-5.551115123125783e-17
MTNS,HTRK,0.2084588048773366,0.1402805611222445,0.20040080160320645,-0.060120240480961956
MTNS,NGTE,0.19481157224761908,0.3006012024048096,0.24048096192384774,0.060120240480961845
MTNS,ILVX,0.24489993161540607,0.22044088176352705,0.16032064128256515,0.0601202404809619
MTNS,FCSG,0.11801494765480457,0.2004008016032064,0.060120240480961935,0.14028056112224446
MTNS,FARS,0.0978847056192743,0.08016032064128255,0.16032064128256515,-0.0801603206412826
MTNS,MHRM,0.06566258271215365,0.22044088176352705,0.060120240480961935,0.16032064128256512
MTNS,EAFC,0.13337787336101115,0.2004008016032064,0.16032064128256515,0.04008016032064124
IHOZ,NAYO,0.04976217495231426,0.1002004008016032,0.10020040080160322,-2.7755575615628914e-17
IHOZ,FWWG,0.13533634896588834,0.22044088176352705,0.14028056112224452,0.08016032064128253
IHOZ,EELT,0.050559152679875444,0.040080160320641274,0.14028056112224452,-0.10020040080160325
IHOZ,HRND,0.14435072368142773,0.1603206412825651,0.1803607214428858,-0.020040080160320717
IHOZ,AETS,0.11549528164102733,0.1402805611222445,0.12024048096192387,0.02004008016032062
IHOZ,ULXY,0.12866697249921527,0.1402805611222445,0.24048096192384774,-0.10020040080160325
IHOZ,BLBT,0.14399426956743905,0.1402805611222445,0.14028056112224452,-2.7755575615628914e-17
IHOZ,BENI,0.2262730875115294,0.2605210420841683,0.28056112224448904,-0.020040080160320717
IHOZ,ITPA,0.09650492739563556,0.22044088176352705,0.10020040080160322,0.12024048096192383
IHOZ,HTRK,0.17002846617594192,0.12024048096192384,0.3206412825651303,-0.20040080160320645
IHOZ,NGTE,0.14095717924790488,0.1402805611222445,0.2605210420841684,-0.12024048096192388
IHOZ,ILVX,0.2952169399039042,0.42084168336673344,0.2204408817635271,0.20040080160320634
IHOZ,FCSG,0.12433702746859178,0.06012024048096192,0.2204408817635271,-0.16032064128256518
IHOZ,FARS,0.0998627772129727,0.12024048096192384,0.16032064128256515,-0.04008016032064131
IHOZ,MHRM,0.11622806193802877,0.18036072144288576,0.1803607214428858,-5.551115123125783e-17
IHOZ,EAFC,0.11972216419075761,0.18036072144288576,0.16032064128256515,0.020040080160320606
NAYO,FWWG,0.11753295890269805,0.18036072144288576,0.16032064128256515,0.020040080160320606
NAYO,EELT,0.24368513607788422,0.3607214428857715,0.28056112224448904,0.08016032064128248
NAYO,HRND,0.09525457567715066,0.12024048096192384,0.16032064128256515,-0.04008016032064131
NAYO,AETS,0.11259783903539877,0.2004008016032064,0.16032064128256515,0.04008016032064124
NAYO,ULXY,0.011645781522885127,0.1002004008016032,0.10020040080160322,-2.7755575615628914e-17
NAYO,BLBT,0.12163576077204774,0.1402805611222445,0.1803607214428858,-0.04008016032064132
NAYO,BENI,0.06638707007391167,0.1402805611222445,0.10020040080160322,0.04008016032064127
NAYO,ITPA,0.10471537246557869,0.18036072144288576,0.08016032064128258,0.10020040080160318
NAYO,HTRK,0.038272506070096024,0.08016032064128255,0.10020040080160322,-0.020040080160320675
NAYO,NGTE,0.11979026241440084,0.1603206412825651,0.16032064128256515,-5.551115123125783e-17
NAYO,ILVX,0.09124272641668879,0.1402805611222445,0.12024048096192387,0.02004008016032062
NAYO,FCSG,0.0729571592985167,0.12024048096192384,0.12024048096192387,-2.7755575615628914e-17
NAYO,FARS,0.06411241805919894,0.1002004008016032,0.12024048096192387,-0.020040080160320675
NAYO,MHRM,0.10217444724663001,0.18036072144288576,0.14028056112224452,0.04008016032064124
NAYO,EAFC,0.04264926037289577,0.12024048096192384,0.10020040080160322,0.02004008016032062
FWWG,EELT,0.15002555434382625,0.22044088176352705,0.14028056112224452,0.08016032064128253
FWWG,HRND,0.1309310131116137,0.12024048096192384,0.16032064128256515,-0.04008016032064131
FWWG,AETS,0.13422138158211044,0.1402805611222445,0.2204408817635271,-0.08016032064128262
FWWG,ULXY,0.13659192258698133,0.1002004008016032,0.20040080160320645,-0.10020040080160325
FWWG,BLBT,0.2510161538601026,0.24048096192384769,0.2204408817635271,0.020040080160320578
FWWG,BENI,0.15709904326108112,0.2004008016032064,0.2204408817635271,-0.020040080160320717
FWWG,ITPA,0.2386035257088167,0.2605210420841683,0.28056112224448904,-0.020040080160320717
FWWG,HTRK,0.08677275366693303,0.08016032064128255,0.16032064128256515,-0.0801603206412826
FWWG,NGTE,0.14489055951167168,0.1603206412825651,0.12024048096192387,0.040080160320641225
FWWG,ILVX,0.21960465545847538,0.2004008016032064,0.1803607214428858,0.020040080160320578
FWWG,FCSG,0.11521497683298791,0.08016032064128255,0.3006012024048097,-0.22044088176352716
FWWG,FARS,0.19516199794684005,0.22044088176352705,0.1803607214428858,0.04008016032064124
FWWG,MHRM,0.15058740222316214,0.18036072144288576,0.2204408817635271,-0.04008016032064135
FWWG,EAFC,0.16496164712132064,0.2004008016032064,0.12024048096192387,0.08016032064128252
EELT,HRND,0.09614835151241138,0.1603206412825651,0.12024048096192387,0.040080160320641225
EELT,AETS,0.0770481380056705,0.1603206412825651,0.1803607214428858,-0.020040080160320717
EELT,ULXY,0.05467986044366026,0.020040080160320637,0.16032064128256515,-0.14028056112224452
EELT,BLBT,0.20642668870755482,0.2605210420841683,0.20040080160320645,0.06012024048096187
EELT,BENI,0.13868328431002142,0.1002004008016032,0.24048096192384774,-0.14028056112224455
EELT,ITPA,0.11420614061099948,0.1603206412825651,0.12024048096192387,0.040080160320641225
EELT,HTRK,0.09848326689236188,0.2004008016032064,0.1803607214428858,0.020040080160320578
EELT,NGTE,0.09737625754527163,0.08016032064128255,0.20040080160320645,-0.1202404809619239
EELT,ILVX,0.10095734021272802,0.1002004008016032,0.2605210420841684,-0.16032064128256518
EELT,FCSG,0.08225319012867352,0.18036072144288576,0.16032064128256515,0.020040080160320606
EELT,FARS,0.07822132796780683,0.22044088176352705,0.08016032064128258,0.14028056112224446
EELT,MHRM,0.08062750564824196,0.1402805611222445,0.16032064128256515,-0.02004008016032066
EELT,EAFC,0.08534715548615524,0.1603206412825651,0.12024048096192387,0.040080160320641225
HRND,AETS,0.08689458116817368,0.18036072144288576,0.12024048096192387,0.06012024048096189
HRND,ULXY,0.02713165818400295,0.020040080160320637,0.12024048096192387,-0.10020040080160324
HRND,BLBT,0.12307333211513863,0.18036072144288576,0.20040080160320645,-0.02004008016032069
HRND,BENI,0.0587420814079482,0.18036072144288576,0.16032064128256515,0.020040080160320606
HRND,ITPA,0.10995194351259159,0.22044088176352705,0.16032064128256515,0.0601202404809619
HRND,HTRK,0.07252263546406873,0.1402805611222445,0.20040080160320645,-0.060120240480961956
HRND,NGTE,0.07145530426311639,0.1002004008016032,0.12024048096192387,-0.020040080160320675
HRND,ILVX,0.11780660956370549,0.2004008016032064,0.12024048096192387,0.08016032064128252
HRND,FCSG,0.1144906074362035,0.18036072144288576,0.1803607214428858,-5.551115123125783e-17
HRND,FARS,0.07707321396976825,0.1603206412825651,0.12024048096192387,0.040080160320641225
HRND,MHRM,0.1535817636528722,0.18036072144288576,0.16032064128256515,0.020040080160320606
HRND,EAFC,0.1354222841091105,0.2004008016032064,0.12024048096192387,0.08016032064128252
AETS,ULXY,0.08054890443647399,0.1603206412825651,0.12024048096192387,0.040080160320641225
AETS,BLBT,0.15434083601411153,0.22044088176352705,0.14028056112224452,0.08016032064128253
AETS,BENI,0.13825192905655398,0.18036072144288576,0.08016032064128258,0.10020040080160318
AETS,ITPA,0.18258290309028807,0.1002004008016032,0.24048096192384774,-0.14028056112224455
AETS,HTRK,0.10832374326634132,0.1603206412825651,0.14028056112224452,0.020040080160320578
AETS,NGTE,0.1284618542472064,0.24048096192384769,0.12024048096192387,0.12024048096192382
AETS,ILVX,0.12805086626541776,0.1402805611222445,0.08016032064128258,0.060120240480961915
AETS,FCSG,0.11855369328030192,0.1002004008016032,0.20040080160320645,-0.10020040080160325
AETS,FARS,0.14003557434040123,0.1402805611222445,0.08016032064128258,0.060120240480961915
AETS,MHRM,0.13645913023290543,0.2004008016032064,0.3006012024048097,-0.1002004008016033
AETS,EAFC,0.22015010968061197,0.22044088176352705,0.12024048096192387,0.10020040080160318
ULXY,BLBT,0.08483838776537783,0.1002004008016032,0.08016032064128258,0.02004008016032062
ULXY,BENI,0.19336532196500936,0.18036072144288576,0.24048096192384774,-0.060120240480961984
ULXY,ITPA,0.13903825264032135,0.1002004008016032,0.10020040080160322,-2.7755575615628914e-17
ULXY,HTRK,0.1579203784331097,0.18036072144288576,0.2204408817635271,-0.04008016032064135
ULXY,NGTE,0.15668347411203679,0.22044088176352705,0.14028056112224452,0.08016032064128253
ULXY,ILVX,0.20530217060627276,0.1002004008016032,0.2204408817635271,-0.12024048096192391
ULXY,FCSG,0.0660356858294903,0.06012024048096192,0.10020040080160322,-0.0400801603206413
ULXY,FARS,0.04711449853358657,0.08016032064128255,0.10020040080160322,-0.020040080160320675
ULXY,MHRM,0.03976223171564142,0.06012024048096192,0.14028056112224452,-0.08016032064128259
ULXY,EAFC,0.10904978841146722,0.06012024048096192,0.08016032064128258,-0.020040080160320654
BLBT,BENI,0.14453845327819106,0.1402805611222445,0.20040080160320645,-0.060120240480961956
BLBT,ITPA,0.2330937240110549,0.24048096192384769,0.1803607214428858,0.06012024048096187
BLBT,HTRK,0.13415827524874532,0.2605210420841683,0.1803607214428858,0.0801603206412825
BLBT,NGTE,0.1328638403456143,0.06012024048096192,0.2204408817635271,-0.16032064128256518
BLBT,ILVX,0.17510945855339394,0.1603206412825651,0.1803607214428858,-0.020040080160320717
BLBT,FCSG,0.15279924027375943,0.18036072144288576,0.16032064128256515,0.020040080160320606
BLBT,FARS,0.1910863398040692,0.18036072144288576,0.24048096192384774,-0.060120240480961984
BLBT,MHRM,0.1694362727363989,0.24048096192384769,0.12024048096192387,0.12024048096192382
BLBT,EAFC,0.1999066346049113,0.24048096192384769,0.12024048096192387,0.12024048096192382
BENI,ITPA,0.10835943236454773,0.18036072144288576,0.2204408817635271,-0.04008016032064135
BENI,HTRK,0.23530169720698577,0.22044088176352705,0.3006012024048097,-0.08016032064128265
BENI,NGTE,0.1922793666722296,0.1603206412825651,0.1803607214428858,-0.020040080160320717
BENI,ILVX,0.2835718828051032,0.2605210420841683,0.3206412825651303,-0.060120240480961984
BENI,FCSG,0.1382721841469117,0.040080160320641274,0.1803607214428858,-0.14028056112224455
BENI,FARS,0.10934953181259176,0.1402805611222445,0.14028056112224452,-2.7755575615628914e-17
BENI,MHRM,0.09749342914674504,0.18036072144288576,0.1803607214428858,-5.551115123125783e-17
BENI,EAFC,0.11750831332216251,0.22044088176352705,0.12024048096192387,0.10020040080160318
ITPA,HTRK,0.1524370865928721,0.2004008016032064,0.20040080160320645,-5.551115123125783e-17
ITPA,NGTE,0.13270386482329696,0.06012024048096192,0.1803607214428858,-0.12024048096192388
ITPA,ILVX,0.162896840078862,0.2004008016032064,0.20040080160320645,-5.551115123125783e-17
ITPA,FCSG,0.15615139599198713,0.18036072144288576,0.2204408817635271,-0.04008016032064135
ITPA,FARS,0.14384435669005927,0.280561122244489,0.1803607214428858,0.10020040080160317
ITPA,MHRM,0.19861615957057493,0.3006012024048096,0.20040080160320645,0.10020040080160314
ITPA,EAFC,0.19210799706625659,0.22044088176352705,0.14028056112224452,0.08016032064128253
HTRK,NGTE,0.18203262876671253,0.1002004008016032,0.20040080160320645,-0.10020040080160325
HTRK,ILVX,0.20562817628152977,0.1002004008016032,0.3006012024048097,-0.2004008016032065
HTRK,FCSG,0.06319713349816022,0.18036072144288576,0.14028056112224452,0.04008016032064124
HTRK,FARS,0.09399101945298169,0.1402805611222445,0.060120240480961935,0.08016032064128256
HTRK,MHRM,0.0964477240595425,0.08016032064128255,0.20040080160320645,-0.1202404809619239
HTRK,EAFC,0.14076218455303927,0.1402805611222445,0.12024048096192387,0.02004008016032062
NGTE,ILVX,0.2098663586883846,0.1402805611222445,0.2204408817635271,-0.08016032064128262
NGTE,FCSG,0.08141617136415472,0.12024048096192384,0.16032064128256515,-0.04008016032064131
NGTE,FARS,0.11904225352112675,0.12024048096192384,0.2204408817635271,-0.10020040080160326
NGTE,MHRM,0.06741093738684502,0.12024048096192384,0.12024048096192387,-2.7755575615628914e-17
NGTE,EAFC,0.13655222934535172,0.12024048096192384,0.16032064128256515,-0.04008016032064131
ILVX,FCSG,0.06647028997754545,0.12024048096192384,0.20040080160320645,-0.0801603206412826
ILVX,FARS,0.12534355998668897,0.1603206412825651,0.2204408817635271,-0.06012024048096201
ILVX,MHRM,0.14456066429411335,0.2004008016032064,0.20040080160320645,-5.551115123125783e-17
ILVX,EAFC,0.15740546992125354,0.2004008016032064,0.2204408817635271,-0.020040080160320717
FCSG,FARS,0.14192297013004193,0.2004008016032064,0.14028056112224452,0.06012024048096187
FCSG,MHRM,0.15801865041325353,0.22044088176352705,0.3006012024048097,-0.08016032064128265
FCSG,EAFC,0.13741287457000367,0.22044088176352705,0.16032064128256515,0.0601202404809619
FARS,MHRM,0.13767929361217718,0.2004008016032064,0.16032064128256515,0.04008016032064124
FARS,EAFC,0.12971093528997338,0.2004008016032064,0.16032064128256515,0.04008016032064124
MHRM,EAFC,0.2490632563389503,0.24048096192384769,0.20040080160320645,0.04008016032064124
