library,family,test,target,statistic,pvalue,note,q_bh,sig_raw,sig_bh,sig_bonf
statsmodels,unitroot,adf_return,MTNS,-22.40931775050067,0.0,,1.0373684210526317e-298,True,True,True
statsmodels,unitroot,adf_return,SRTX,-21.717646784287485,0.0,,1.0373684210526317e-298,True,True,True
statsmodels,unitroot,adf_return,ACIX,-21.085023108184487,0.0,,1.0373684210526317e-298,True,True,True
statsmodels,unitroot,adf_return,RCRI,-20.861648945780765,0.0,,1.0373684210526317e-298,True,True,True
statsmodels,unitroot,adf_return,CCNS,-22.53562540504201,0.0,,1.0373684210526317e-298,True,True,True
statsmodels,unitroot,adf_return,ILVX,-20.77737673423556,0.0,,1.0373684210526317e-298,True,True,True
statsmodels,unitroot,adf_return,FCSG,-21.42212956419276,0.0,,1.0373684210526317e-298,True,True,True
statsmodels,unitroot,adf_return,RRES,-21.66933076673919,0.0,,1.0373684210526317e-298,True,True,True
statsmodels,unitroot,adf_return,ITPA,-21.310031943662366,0.0,,1.0373684210526317e-298,True,True,True
statsmodels,unitroot,adf_return,FARS,-23.63164029216789,0.0,,1.0373684210526317e-298,True,True,True
statsmodels,unitroot,adf_return,HRET,-24.033103133153453,0.0,,1.0373684210526317e-298,True,True,True
statsmodels,unitroot,adf_return,CUBO,-23.825941144683423,0.0,,1.0373684210526317e-298,True,True,True
statsmodels,unitroot,adf_return,BLBT,-23.92707173460272,0.0,,1.0373684210526317e-298,True,True,True
statsmodels,unitroot,adf_return,AETS,-23.032616880414423,0.0,,1.0373684210526317e-298,True,True,True
statsmodels,unitroot,adf_return,EORC,-22.713844305437497,0.0,,1.0373684210526317e-298,True,True,True
statsmodels,unitroot,adf_return,SMAH,-22.124445593731732,0.0,,1.0373684210526317e-298,True,True,True
statsmodels,unitroot,adf_return,RTTH,-21.129611192717388,0.0,,1.0373684210526317e-298,True,True,True
statsmodels,unitroot,adf_return,CTGI,-21.94354543390312,0.0,,1.0373684210526317e-298,True,True,True
statsmodels,unitroot,adf_return,ALUT,-20.705448248699263,0.0,,1.0373684210526317e-298,True,True,True
statsmodels,unitroot,adf_return,NWIG,-22.814868424292925,0.0,,1.0373684210526317e-298,True,True,True
statsmodels,unitroot,adf_return,MMBT,-22.06343847440205,0.0,,1.0373684210526317e-298,True,True,True
statsmodels,unitroot,adf_return,NGTE,-23.49473721786809,0.0,,1.0373684210526317e-298,True,True,True
statsmodels,unitroot,adf_return,HTRK,-23.555794729618786,0.0,,1.0373684210526317e-298,True,True,True
statsmodels,unitroot,adf_return,MSDP,-22.427830075096637,0.0,,1.0373684210526317e-298,True,True,True
statsmodels,unitroot,adf_return,DUCT,-23.38122431837959,0.0,,1.0373684210526317e-298,True,True,True
statsmodels,unitroot,adf_return,HUXZ,-23.076489868602007,0.0,,1.0373684210526317e-298,True,True,True
statsmodels,unitroot,adf_return,AGVF,-23.517722273156892,0.0,,1.0373684210526317e-298,True,True,True
statsmodels,unitroot,adf_return,LSST,-22.030156502835187,0.0,,1.0373684210526317e-298,True,True,True
statsmodels,unitroot,adf_return,AENO,-21.641854929859004,0.0,,1.0373684210526317e-298,True,True,True
statsmodels,unitroot,adf_return,OTCS,-22.738092678506007,0.0,,1.0373684210526317e-298,True,True,True
scipy,cross,levene_var_51inst,ALL,70.34159999127615,0.0,,1.0373684210526317e-298,True,True,True
sklearn,crossdecomp,cca_canoncorr_1,lag->next,0.7247293214825757,0.0,,1.0373684210526317e-298,True,True,True
statsmodels,unitroot,adf_return,ANSO,-25.122993566722364,0.0,,1.0373684210526317e-298,True,True,True
statsmodels,unitroot,adf_return,MHRM,-23.596943255263024,0.0,,1.0373684210526317e-298,True,True,True
statsmodels,unitroot,adf_return,FWWG,-22.21286416845055,0.0,,1.0373684210526317e-298,True,True,True
statsmodels,unitroot,adf_return,BENI,-21.452215378424107,0.0,,1.0373684210526317e-298,True,True,True
statsmodels,unitroot,adf_return,HRND,-22.32232663400156,0.0,,1.0373684210526317e-298,True,True,True
statsmodels,unitroot,adf_return,IHOZ,-21.03795185125768,0.0,,1.0373684210526317e-298,True,True,True
scipy,trend,linregress_slope,NPCK,-0.020142166008664,2.449502314368534e-236,r2=0.885,2.4758815700617338e-234,True,True,True
scipy,trend,linregress_slope,GARI,-0.0155206067224268,5.47801634743227e-227,r2=0.875,5.398585110394502e-225,True,True,True
scipy,trend,linregress_slope,BLBT,-0.0319726451705806,2.9402321787070435e-197,r2=0.835,2.82692567035687e-195,True,True,True
scipy,trend,linregress_slope,FARS,-0.0554449281797127,8.241331926338364e-196,r2=0.833,7.735078679434723e-194,True,True,True
scipy,trend,linregress_slope,AGVF,-0.1287647928191712,1.7053919973199898e-176,r2=0.801,1.5634081984733489e-174,True,True,True
scipy,trend,linregress_slope,MSDP,-0.0315016807267229,6.3198042426833766e-170,r2=0.788,5.66197007378588e-168,True,True,True
scipy,trend,linregress_slope,MHRM,-0.0193221230484921,6.383553685161749e-163,r2=0.774,5.5919930282016925e-161,True,True,True
scipy,trend,linregress_slope,OTCS,0.0352567866271465,7.760119051236606e-159,r2=0.765,6.650084630429283e-157,True,True,True
scipy,trend,linregress_slope,EAFC,-0.0408870997083988,7.798083330009532e-157,r2=0.761,6.54043499721225e-155,True,True,True
scipy,trend,linregress_slope,FWWG,-0.0213991479965919,5.792310648288948e-149,r2=0.743,4.756935119907299e-147,True,True,True
scipy,trend,linregress_slope,AENO,-0.1357439943359773,4.548447972727404e-136,r2=0.710,3.6591799813247807e-134,True,True,True
scipy,dist_fit,ks_genhyperbolic,ALUT,0.531228905764399,5.774551815069323e-132,,4.552656651000655e-130,True,True,True
scipy,trend,linregress_slope,RRES,0.0561610660842643,7.459716384232083e-131,r2=0.696,5.765921958165269e-129,True,True,True
scipy,trend,linregress_slope,HUXZ,-0.0772473003492014,2.4295757629794804e-126,r2=0.683,1.8418053187817524e-124,True,True,True
scipy,dist_fit,ks_genhyperbolic,OTCS,0.5157670543864815,7.7308673358199e-124,,5.750014912792839e-122,True,True,True
scipy,trend,linregress_slope,SRTX,-0.2312327889311557,1.3847718310274375e-119,r2=0.663,1.0108834366500295e-117,True,True,True
scipy,trend,linregress_slope,CUBO,0.1160555165420661,8.622629339811324e-116,r2=0.651,6.1800736104611346e-114,True,True,True
scipy,trend,linregress_slope,ACAC,-0.0638309188436753,1.6019638807312726e-114,r2=0.646,1.1276681460433352e-112,True,True,True
scipy,trend,linregress_slope,NWIG,-0.1392546578186312,6.441635720081297e-110,r2=0.631,4.454899650624645e-108,True,True,True
scipy,trend,linregress_slope,FCSG,0.0264246826587306,3.1619301866265444e-104,r2=0.611,2.1490222061520412e-102,True,True,True
scipy,trend,linregress_slope,ANSO,0.0518234778539114,5.273872732096887e-103,r2=0.607,3.5236620864281236e-101,True,True,True
scipy,trend,linregress_slope,CCNS,-0.0165672168288673,1.9518999182372128e-101,r2=0.601,1.282398246281849e-99,True,True,True
scipy,trend,linregress_slope,AMRP,-0.018850038760155,8.043507159047794e-101,r2=0.599,5.197951675568263e-99,True,True,True
scipy,trend,linregress_slope,ILVX,0.0459358621434485,1.650124401256811e-96,r2=0.582,1.0491597402829596e-94,True,True,True
scipy,trend,linregress_slope,ALUT,-0.0116690842763371,7.555931608923857e-95,r2=0.576,4.727854349583785e-93,True,True,True
scipy,trend,linregress_slope,SPLZ,-0.0800771771087084,2.8545039963171e-89,r2=0.554,1.758196055231564e-87,True,True,True
scipy,trend,linregress_slope,SMAH,0.0631641860967443,6.300272226521941e-86,r2=0.540,3.820872787222999e-84,True,True,True
scipy,trend,linregress_slope,IHOZ,-0.0869818919275677,1.5423974290352326e-82,r2=0.525,9.212319189783162e-81,True,True,True
scipy,trend,linregress_slope,MMBT,0.2085011613646454,1.715825765854629e-82,r2=0.525,1.0095201744774549e-80,True,True,True
scipy,trend,linregress_slope,BENI,-0.0084995091980367,3.934479365449807e-74,r2=0.487,2.280840832147521e-72,True,True,True
scipy,trend,linregress_slope,DUCT,-0.0194389732758931,5.709132739145477e-73,r2=0.481,3.2616523561900684e-71,True,True,True
scipy,trend,linregress_slope,RTTH,-0.0242841193764775,5.830472319581836e-71,r2=0.471,3.2833888405416566e-69,True,True,True
scipy,dist_fit,ks_genhyperbolic,EAFC,0.3647294589178356,5.286941907441097e-60,,2.9353697181877193e-58,True,True,True
scipy,trend,linregress_slope,HRND,-0.0321590111960447,9.14787046244553e-54,r2=0.381,5.008459078188928e-52,True,True,True
scipy,trend,linregress_slope,RCRI,-0.0313291680366721,9.977161348595432e-52,r2=0.369,5.387667128241534e-50,True,True,True
scipy,corr_vsMKT,pearson,ILVX,0.6021343476608707,1.4945995289893178e-50,,7.961772085507961e-49,True,True,True
scipy,trend,linregress_slope,SRNA,-0.0938829731318925,2.005330117210859e-49,r2=0.355,1.0540015096060276e-47,True,True,True
scipy,corr_vsALGO,pearson,ILVX,0.5900418852769107,3.9521816234038356e-48,,2.049934205191832e-46,True,True,True
scipy,corr_vsMKT,spearman,ILVX,0.5870132554265155,1.540448533387521e-47,,7.886296257939751e-46,True,True,True
scipy,corr_vsALGO,spearman,ILVX,0.5726611365054122,8.028880428598386e-45,,4.057672647376262e-43,True,True,True
scipy,corr_vsMKT,kendall,ILVX,0.4178718883550232,3.0214910415925e-44,,1.507685783032612e-42,True,True,True
scipy,trend,linregress_slope,NAYO,-0.0146092568370273,1.3631931257084816e-43,r2=0.320,6.717134126928543e-42,True,True,True
scipy,trend,linregress_slope,ITPA,0.0091396090384361,8.51547883457751e-43,r2=0.315,4.1441996994943885e-41,True,True,True
scipy,corr_vsALGO,kendall,ILVX,0.4068426835012108,4.952381678563575e-42,,2.38076689962166e-40,True,True,True
scipy,trend,linregress_slope,CTGI,0.064003414253657,1.3509579479912291e-39,r2=0.294,6.416236422869187e-38,True,True,True
scipy,dist_fit,ks_genhyperbolic,MHRM,0.2965931863727455,2.0925046691071767e-39,,9.819825482881536e-38,True,True,True
scipy,corr_vsMKT,pearson,BENI,0.5413789667989523,2.425334555495678e-39,,1.1247845667957604e-37,True,True,True
scipy,corr_vsMKT,spearman,DUCT,0.5385739810046141,7.054699265908144e-39,,3.2336772681639425e-37,True,True,True
scipy,corr_vsMKT,pearson,DUCT,0.535670823218857,2.107897119529278e-38,,9.550954534694729e-37,True,True,True
scipy,corr_vsMKT,spearman,BLBT,0.5352069283644381,2.5083141744606084e-38,,1.1236107358776954e-36,True,True,True
scipy,corr_vsMKT,pearson,GARI,0.5343113244159119,3.50651317291799e-38,,1.553109542431766e-36,True,True,True
scipy,corr_vsMKT,spearman,BENI,0.5339718177413939,3.9802983378849596e-38,,1.7433706719936123e-36,True,True,True
scipy,corr_vsMKT,pearson,CUBO,0.5301480812767325,1.64256517231947e-37,,7.1153757244872e-36,True,True,True
scipy,trend,linregress_slope,MTNS,-0.0051031821727286,2.010781782255427e-37,r2=0.280,8.615762810490101e-36,True,True,True
scipy,corr_vsALGO,spearman,BLBT,0.529534669664283,2.0584985354590915e-37,,8.725377663204021e-36,True,True,True
scipy,corr_vsMKT,pearson,BLBT,0.528462864687025,3.050373030518288e-37,,1.2792096262024566e-35,True,True,True
scipy,corr_vsALGO,spearman,DUCT,0.5264357919048805,6.393276970771058e-37,,2.6528734546083697e-35,True,True,True
scipy,corr_vsALGO,pearson,BENI,0.5260925187764955,7.243213884976127e-37,,2.974244701518322e-35,True,True,True
scipy,corr_vsMKT,pearson,SRNA,0.5238691219158703,1.6201016673346603e-36,,6.583959559415702e-35,True,True,True
scipy,corr_vsALGO,pearson,CUBO,0.5231704318959406,2.0838798901112308e-36,,8.382300537569869e-35,True,True,True
scipy,corr_vsALGO,pearson,BLBT,0.522108121249767,3.052223205383981e-36,,1.215339785416531e-34,True,True,True
scipy,corr_vsALGO,pearson,DUCT,0.5217759714972396,3.4381032029627706e-36,,1.3418814679286378e-34,True,True,True
scipy,corr_vsALGO,spearman,BENI,0.5217902984688779,3.4205027341335796e-36,,1.3418814679286378e-34,True,True,True
scipy,corr_vsMKT,spearman,CUBO,0.5213960451022526,3.939023225237319e-36,,1.5223166229299522e-34,True,True,True
scipy,corr_vsMKT,kendall,DUCT,0.374456108773099,7.470892874893563e-36,,2.8592485158087793e-34,True,True,True
scipy,corr_vsALGO,pearson,GARI,0.5194088736152043,8.000834419591059e-36,,3.032623969425765e-34,True,True,True
scipy,corr_vsMKT,kendall,BENI,0.3732954529571367,1.2030078293264082e-35,,4.5164351078140015e-34,True,True,True
scipy,corr_vsMKT,spearman,GARI,0.517559844272629,1.5405313930500534e-35,,5.729032784342746e-34,True,True,True
scipy,corr_vsMKT,kendall,BLBT,0.3715069861362371,2.472169937010072e-35,,9.107751300648321e-34,True,True,True
scipy,corr_vsMKT,spearman,SRNA,0.5160722408672768,2.6021031961342896e-35,,9.497676665890157e-34,True,True,True
scipy,corr_vsALGO,spearman,CUBO,0.5139711243181447,5.431999368788255e-35,,1.9644900469507617e-33,True,True,True
scipy,corr_vsALGO,pearson,SRNA,0.5124914435424035,9.093398799066568e-35,,3.258743460538219e-33,True,True,True
scipy,corr_vsALGO,kendall,BLBT,0.3683484042072432,9.188936549096208e-35,,3.263314223111464e-33,True,True,True
scipy,trend,linregress_slope,DIHO,-0.004071226524906,1.8250311682079643e-34,r2=0.260,6.423457915246245e-33,True,True,True
scipy,corr_vsMKT,pearson,FWWG,0.5096504873087403,2.428239507183968e-34,,8.470902776388674e-33,True,True,True
scipy,corr_vsALGO,kendall,DUCT,0.3651462090638786,3.55699447955613e-34,,1.2299712489833566e-32,True,True,True
scipy,corr_vsMKT,spearman,ITPA,0.5082841830833152,3.881645971946882e-34,,1.3305607322969226e-32,True,True,True
scipy,corr_vsALGO,kendall,BENI,0.362311788780338,1.11984477478962e-33,,3.8055414674316225e-32,True,True,True
scipy,corr_vsMKT,kendall,CUBO,0.3620494000048289,1.208215505457498e-33,,4.070756856849109e-32,True,True,True
scipy,corr_vsALGO,spearman,ITPA,0.5044000182168453,1.4560123470747845e-33,,4.8640683662447467e-32,True,True,True
scipy,corr_vsMKT,pearson,IHOZ,0.5036508309964217,1.8752650912579284e-33,,6.212012596419121e-32,True,True,True
scipy,corr_vsALGO,spearman,GARI,0.5034842221279614,1.9836516825457534e-33,,6.516295777162801e-32,True,True,True
scipy,corr_vsMKT,pearson,MSDP,0.5005762429106798,5.2629954818827065e-33,,1.714605635502614e-31,True,True,True
scipy,corr_vsALGO,spearman,SRNA,0.5002756839245438,5.818359417863556e-33,,1.8799977725588637e-31,True,True,True
scipy,corr_vsMKT,spearman,FWWG,0.5002197649370479,5.927908834028925e-33,,1.899822489735124e-31,True,True,True
scipy,corr_vsALGO,pearson,FWWG,0.5001650988928039,6.036977079444799e-33,,1.9191744876751129e-31,True,True,True
scipy,corr_vsALGO,kendall,CUBO,0.3577479185287601,6.880200851737034e-33,,2.169740140603791e-31,True,True,True
scipy,corr_vsMKT,kendall,SRNA,0.3574619117753579,7.704093739628845e-33,,2.4102807556838817e-31,True,True,True
scipy,corr_vsMKT,pearson,ACIX,0.4991954495369153,8.337377955459643e-33,,2.5878695984584186e-31,True,True,True
scipy,corr_vsMKT,spearman,MSDP,0.4980708365645193,1.2108372107878162e-32,,3.729000222598103e-31,True,True,True
scipy,corr_vsMKT,kendall,GARI,0.3555521574074899,1.658301377588031e-32,,5.0674604887224955e-31,True,True,True
scipy,corr_vsMKT,pearson,ITPA,0.4969985667203463,1.725997425895443e-32,,5.233755271446028e-31,True,True,True
scipy,corr_vsMKT,pearson,HTRK,0.4950145837713915,3.314849879354837e-32,,9.974914675127303e-31,True,True,True
scipy,corr_vsMKT,pearson,EAFC,0.4942626969287105,4.240249999846907e-32,,1.2662928408633719e-30,True,True,True
scipy,corr_vsALGO,spearman,FWWG,0.4939810187977396,4.64923314419699e-32,,1.3779907559717696e-30,True,True,True
scipy,corr_vsALGO,pearson,ACIX,0.4934016079532982,5.617247733523331e-32,,1.652476907876789e-30,True,True,True
scipy,corr_vsMKT,pearson,AENO,0.4933069090980262,5.793406189786601e-32,,1.6916746074176875e-30,True,True,True
scipy,corr_vsMKT,pearson,SRTX,0.4917454049063758,9.626252446454342e-32,,2.7901975841119867e-30,True,True,True
scipy,corr_vsMKT,kendall,ITPA,0.350674548502032,1.1682243804801274e-31,,3.3614164290895346e-30,True,True,True
scipy,corr_vsALGO,pearson,ITPA,0.4904733313015462,1.4530085223463655e-31,,4.150550431224183e-30,True,True,True
scipy,corr_vsMKT,pearson,MTNS,0.4895098379718892,1.982461184288662e-31,,5.622202869399932e-30,True,True,True
scipy,corr_vsALGO,kendall,ITPA,0.3483041638672908,2.965789430506875e-31,,8.350815667898645e-30,True,True,True
scipy,corr_vsALGO,kendall,SRNA,0.3470436501003405,4.75379365365782e-31,,1.3290393321077395e-29,True,True,True
scipy,corr_vsALGO,pearson,HTRK,0.4852696819976692,7.690734184621184e-31,,2.134991137730754e-29,True,True,True
scipy,corr_vsALGO,pearson,SRTX,0.4849511766903378,8.508679406957064e-31,,2.345539456099633e-29,True,True,True
scipy,corr_vsALGO,kendall,GARI,0.3452946739398972,9.403274004648086e-31,,2.574146258772414e-29,True,True,True
scipy,corr_vsALGO,pearson,IHOZ,0.4839689769659324,1.1612689909597876e-30,,3.1570499050782643e-29,True,True,True
scipy,corr_vsMKT,kendall,FWWG,0.3436810845787926,1.7583064592632532e-30,,4.7474274400107837e-29,True,True,True
scipy,corr_vsMKT,pearson,SPLZ,0.4821183793803416,2.080842875402833e-30,,5.580056200570047e-29,True,True,True
statsmodels,unitroot,adf_return,ACAC,-18.437662929303816,2.1635781938238595e-30,,5.76271975679301e-29,True,True,True
statsmodels,unitroot,adf_return,ULXY,-17.846648374832768,3.0910648587751983e-30,,8.17783736462539e-29,True,True,True
scipy,corr_vsALGO,pearson,MSDP,0.48002050490396,4.0135654650075775e-30,,1.0547650042039915e-28,True,True,True
scipy,corr_vsMKT,kendall,MSDP,0.3414683248094795,4.15806753886988e-30,,1.0855034594851038e-28,True,True,True
scipy,corr_vsMKT,pearson,ACAC,0.4796590953960605,4.49241384659172e-30,,1.1650720646884578e-28,True,True,True
scipy,corr_vsALGO,spearman,MSDP,0.4792458694177159,5.109469453420458e-30,,1.3164397768224474e-28,True,True,True
scipy,corr_vsMKT,spearman,IHOZ,0.4786167032860902,6.213488441524749e-30,,1.5904916517201664e-28,True,True,True
scipy,corr_vsMKT,pearson,NGTE,0.4782179066368621,7.032277568538409e-30,,1.7884669790437683e-28,True,True,True
scipy,corr_vsALGO,pearson,NGTE,0.4781105609448505,7.270342504856819e-30,,1.8371596252657425e-28,True,True,True
scipy,corr_vsALGO,pearson,AENO,0.4780882214714793,7.320879027990778e-30,,1.838146823461124e-28,True,True,True
scipy,corr_vsMKT,spearman,ACIX,0.4776883666427357,8.286525959821405e-30,,2.0674357806086064e-28,True,True,True
statsmodels,unitroot,adf_return,ALGO,-16.834672682524346,1.1506545200780736e-29,,2.8527547912879033e-28,True,True,True
scipy,corr_vsALGO,pearson,MTNS,0.4763839022023036,1.240008590141138e-29,,3.0550711639602286e-28,True,True,True
statsmodels,unitroot,adf_return,AMRP,-16.774684849089713,1.2785329218597705e-29,,3.1304203589883327e-28,True,True,True
scipy,corr_vsMKT,spearman,EAFC,0.4761450013980328,1.3347577707555326e-29,,3.2479105755051295e-28,True,True,True
statsmodels,unitroot,adf_return,ELLT,-16.687614400227243,1.4979003395300787e-29,,3.622529532777651e-28,True,True,True
scipy,corr_vsALGO,kendall,FWWG,0.3378016734475403,1.671449193271435e-29,,4.017593121875608e-28,True,True,True
scipy,corr_vsMKT,pearson,HUXZ,0.4752976349297276,1.7322987997002217e-29,,4.138619314192894e-28,True,True,True
scipy,corr_vsALGO,spearman,ACIX,0.4747978060178449,2.019570508323557e-29,,4.795871652898471e-28,True,True,True
scipy,corr_vsALGO,spearman,NGTE,0.4737496769140313,2.783797211637371e-29,,6.57109497501468e-28,True,True,True
scipy,corr_vsMKT,spearman,NGTE,0.4730363974463723,3.4610942472827675e-29,,8.121210430231352e-28,True,True,True
scipy,corr_vsMKT,spearman,AENO,0.471950165391023,4.8174106142965737e-29,,1.1236824048258635e-27,True,True,True
scipy,corr_vsMKT,spearman,ACAC,0.4696939903904193,9.537677040515929e-29,,2.21161899374787e-27,True,True,True
scipy,corr_vsMKT,kendall,IHOZ,0.3329309220851341,1.0408012490349775e-28,,2.3993207740911586e-27,True,True,True
scipy,corr_vsALGO,kendall,NGTE,0.3326143470075292,1.173934721597777e-28,,2.690494577057231e-27,True,True,True
scipy,corr_vsALGO,pearson,RRES,0.4687420429631209,1.2703951915990202e-28,,2.8947386388921026e-27,True,True,True
scipy,corr_vsMKT,kendall,NGTE,0.3320228087640212,1.4619863294203823e-28,,3.312155235962728e-27,True,True,True
scipy,corr_vsALGO,pearson,RCRI,0.4679072326598472,1.6322800534500706e-28,,3.676827411828673e-27,True,True,True
scipy,corr_vsMKT,pearson,RCRI,0.4674291035744066,1.883674740931008e-28,,4.2190033117897916e-27,True,True,True
scipy,corr_vsALGO,pearson,HUXZ,0.4672333169068518,1.997340868458171e-28,,4.448315086701757e-27,True,True,True
scipy,corr_vsMKT,spearman,SRTX,0.4670918704879638,2.08365433494329e-28,,4.614474937273286e-27,True,True,True
scipy,corr_vsALGO,pearson,SPLZ,0.4665083615576368,2.4804545568819347e-28,,5.462542940351166e-27,True,True,True
scipy,corr_vsMKT,kendall,EAFC,0.3298214834536508,3.329674170745004e-28,,7.29198643393156e-27,True,True,True
scipy,corr_vsALGO,pearson,ACAC,0.4653711149436067,3.480662153985835e-28,,7.580536028183515e-27,True,True,True
scipy,corr_vsMKT,spearman,HTRK,0.465311546871224,3.542853990412984e-28,,7.673588148465925e-27,True,True,True
scipy,corr_vsMKT,kendall,ACIX,0.3291075074698014,4.3790103845669595e-28,,9.43281909069014e-27,True,True,True
scipy,corr_vsMKT,spearman,SPLZ,0.464349035420238,4.714359698985701e-28,,1.01000032246748e-26,True,True,True
scipy,corr_vsALGO,kendall,MSDP,0.327732413087187,7.277640330373724e-28,,1.5507274693153092e-26,True,True,True
scipy,corr_vsALGO,pearson,EAFC,0.4622934208411892,8.651265702998567e-28,,1.8335101828613094e-26,True,True,True
scipy,corr_vsALGO,pearson,HETT,0.4620519553983396,9.288236173908079e-28,,1.9579800533446872e-26,True,True,True
scipy,corr_vsALGO,kendall,ACIX,0.3269140233975972,9.843514715879076e-28,,2.0639965430848573e-26,True,True,True
scipy,corr_vsMKT,spearman,MTNS,0.461787036898913,1.0040499675690071e-27,,2.0941613609296435e-26,True,True,True
scipy,corr_vsALGO,spearman,SRTX,0.4598023478090997,1.7955669727582522e-27,,3.725328950848964e-26,True,True,True
scipy,corr_vsMKT,kendall,AENO,0.3247378290717982,2.1504874977336663e-27,,4.438335976997965e-26,True,True,True
scipy,corr_vsMKT,pearson,HETT,0.4591266350182218,2.186620775075483e-27,,4.4894057788268516e-26,True,True,True
scipy,corr_vsMKT,kendall,HTRK,0.32463200142418,2.312177878106069e-27,,4.722593365540997e-26,True,True,True
scipy,corr_vsMKT,kendall,SRTX,0.3242549355739591,2.5647532917648587e-27,,5.211472925843852e-26,True,True,True
scipy,corr_vsALGO,spearman,IHOZ,0.4572776837798687,3.740674669980974e-27,,7.523336504625e-26,True,True,True
scipy,corr_vsALGO,spearman,HTRK,0.4572781662620772,3.7401522140752655e-27,,7.523336504625e-26,True,True,True
scipy,corr_vsMKT,pearson,NPCK,0.4567161500660206,4.4003288181978836e-27,,8.805124975297492e-26,True,True,True
scipy,corr_vsMKT,kendall,ACAC,0.322291168682747,5.236331488637511e-27,,1.0425059963741954e-25,True,True,True
scipy,corr_vsALGO,spearman,AENO,0.4555503735712771,6.1589002432060705e-27,,1.2150192815995486e-25,True,True,True
scipy,corr_vsALGO,pearson,EELT,0.4555472268711157,6.164481388125564e-27,,1.2150192815995486e-25,True,True,True
scipy,corr_vsMKT,kendall,MTNS,0.3205447602922478,9.956420671160962e-27,,1.9526472778963441e-25,True,True,True
scipy,corr_vsALGO,spearman,ACAC,0.4529214045364392,1.308381989600177e-26,,2.5532880212890584e-25,True,True,True
scipy,corr_vsALGO,pearson,SMAH,0.452879891397816,1.323972559505191e-26,,2.570985137718947e-25,True,True,True
statsmodels,unitroot,adf_return,DIHO,-14.264423835711533,1.4085589218495794e-26,,2.7218329754563935e-25,True,True,True
scipy,corr_vsMKT,pearson,SMAH,0.452592743022695,1.4369574411477727e-26,,2.763164016099766e-25,True,True,True
scipy,corr_vsALGO,kendall,HTRK,0.3190245914125327,1.7593685031488678e-26,,3.366713902627591e-25,True,True,True
statsmodels,unitroot,adf_return,HETT,-14.19243429888621,1.8468465567539544e-26,,3.517038225470574e-25,True,True,True
statsmodels,unitroot,adf_return,NPCK,-14.133554921126354,2.3110985380398024e-26,,4.379976171611972e-25,True,True,True
scipy,corr_vsALGO,kendall,SRTX,0.3179731105789483,2.481483851770113e-26,,4.680387245778845e-25,True,True,True
scipy,corr_vsMKT,spearman,HUXZ,0.4504973320134244,2.605867816082912e-26,,4.891586157618495e-25,True,True,True
scipy,corr_vsMKT,kendall,SPLZ,0.3177841627029158,2.65129408706861e-26,,4.953270754134816e-25,True,True,True
scipy,corr_vsALGO,spearman,SPLZ,0.4496452615732944,3.3155837903642406e-26,,6.165109104535772e-25,True,True,True
scipy,corr_vsALGO,kendall,IHOZ,0.3168141521927134,3.752990022410139e-26,,6.945674492178764e-25,True,True,True
scipy,corr_vsALGO,spearman,RRES,0.4488757450596722,4.1188832900971096e-26,,7.587213985777013e-25,True,True,True
scipy,corr_vsMKT,pearson,LSST,0.447790149832025,5.588460950311447e-26,,1.0246378170291966e-24,True,True,True
scipy,corr_vsALGO,spearman,MTNS,0.4470071856599176,6.959359450542725e-26,,1.2700830997240473e-24,True,True,True
scipy,corr_vsMKT,pearson,ELLT,0.446532225788354,7.947778519213798e-26,,1.443785388144737e-24,True,True,True
scipy,corr_vsALGO,spearman,EAFC,0.4462716930372073,8.547613926827268e-26,,1.5456281697042703e-24,True,True,True
scipy,corr_vsMKT,pearson,RRES,0.4460123334663454,9.189135989464356e-26,,1.6540444781035842e-24,True,True,True
scipy,corr_vsALGO,kendall,AENO,0.3139167562271261,1.0488689640202515e-25,,1.8793824800762873e-24,True,True,True
scipy,corr_vsALGO,pearson,ELLT,0.4450675219410183,1.1954764075601005e-25,,2.1323837097746227e-24,True,True,True
scipy,corr_vsMKT,spearman,SMAH,0.4449376825941037,1.2394127516463816e-25,,2.200795075220737e-24,True,True,True
scipy,corr_vsMKT,pearson,AGVF,0.443852925018821,1.6745993327661502e-25,,2.9469957900732875e-24,True,True,True
scipy,corr_vsALGO,spearman,SMAH,0.4438575892853283,1.6724377188179343e-25,,2.9469957900732875e-24,True,True,True
scipy,corr_vsMKT,spearman,RCRI,0.4437584566723808,1.7189788303679801e-25,,3.0116509108047013e-24,True,True,True
scipy,corr_vsALGO,spearman,HUXZ,0.4423541485239559,2.5334755787716726e-25,,4.419009173238024e-24,True,True,True
scipy,corr_vsALGO,spearman,RCRI,0.4414784693704026,3.22372305914755e-25,,5.598201012845658e-24,True,True,True
scipy,corr_vsALGO,kendall,ACAC,0.3103754944914084,3.637310150136206e-25,,6.2887178122091776e-24,True,True,True
scipy,corr_vsALGO,kendall,RRES,0.3098288878916613,4.414780555953697e-25,,7.599591681908068e-24,True,True,True
scipy,corr_vsMKT,pearson,MHRM,0.4402840703965778,4.47296627630672e-25,,7.666275244000474e-24,True,True,True
scipy,corr_vsALGO,kendall,MTNS,0.3095454667348706,4.910451310772141e-25,,8.379653275785187e-24,True,True,True
scipy,corr_vsALGO,pearson,NPCK,0.4386983047424131,6.895587992702016e-25,,1.1716555115185927e-23,True,True,True
scipy,corr_vsALGO,kendall,EAFC,0.30847240735169,7.085443115453368e-25,,1.198747500477132e-23,True,True,True
scipy,corr_vsMKT,kendall,HUXZ,0.3082711607954865,7.556067299108427e-25,,1.2729067219267273e-23,True,True,True
scipy,corr_vsMKT,spearman,NPCK,0.4382445153283528,7.801558264853263e-25,,1.30866990127879e-23,True,True,True
scipy,corr_vsMKT,kendall,RCRI,0.3075468205487279,9.711600195160767e-25,,1.622166439378125e-23,True,True,True
scipy,trend,linregress_slope,EELT,0.0460544202176808,1.1049829250419899e-24,r2=0.191,1.8379083082343986e-23,True,True,True
scipy,corr_vsMKT,pearson,DIHO,0.4368005911784525,1.1540588434134558e-24,,1.9114705717377492e-23,True,True,True
scipy,corr_vsMKT,kendall,SMAH,0.3058405968563633,1.7500060308006664e-24,,2.886411620676246e-23,True,True,True
scipy,corr_vsALGO,kendall,SPLZ,0.3056108877924427,1.89631024821394e-24,,3.114689582691397e-23,True,True,True
scipy,corr_vsALGO,kendall,RCRI,0.3054821146384166,1.9821662606524712e-24,,3.242198920951055e-23,True,True,True
scipy,corr_vsALGO,kendall,SMAH,0.3052889549073774,2.118220628482805e-24,,3.450423850198024e-23,True,True,True
statsmodels,hetero,goldfeld_quandt,ALGO,3.776678495214068,2.8579373480344793e-24,,4.6362094757003775e-23,True,True,True
scipy,corr_vsALGO,pearson,LSST,0.433210223990034,3.0306377128473696e-24,,4.89621879673948e-23,True,True,True
scipy,corr_vsALGO,kendall,HUXZ,0.303115907933187,4.4574633867612685e-24,,7.171967620658335e-23,True,True,True
scipy,corr_vsALGO,pearson,NAYO,0.431501866823702,4.778540319933927e-24,,7.657319488284367e-23,True,True,True
scipy,corr_vsMKT,spearman,ELLT,0.4296138300697781,7.880459502703804e-24,,1.2576830509983157e-22,True,True,True
scipy,corr_vsALGO,spearman,ELLT,0.429405647864951,8.325752601386446e-24,,1.3233918046236036e-22,True,True,True
scipy,corr_vsALGO,pearson,AGVF,0.4292280279318911,8.725249156659265e-24,,1.3813225773313584e-22,True,True,True
scipy,corr_vsALGO,pearson,DIHO,0.4290268597651798,9.200599587776e-24,,1.4507505430005198e-22,True,True,True
scipy,corr_vsALGO,spearman,HETT,0.4289339988765964,9.428564707868838e-24,,1.4807729911720703e-22,True,True,True
scipy,corr_vsMKT,kendall,NPCK,0.3008871762385897,9.766181363672412e-24,,1.5277097990316132e-22,True,True,True
scipy,corr_vsALGO,spearman,MDGI,0.4284513536423569,1.0706297194530329e-23,,1.6681511280963858e-22,True,True,True
scipy,corr_vsMKT,pearson,AMRP,0.4281694643452573,1.153012863168388e-23,,1.789439648271569e-22,True,True,True
scipy,corr_vsMKT,spearman,RRES,0.4280022866944921,1.2047956348918273e-23,,1.8624723108798368e-22,True,True,True
scipy,corr_vsMKT,spearman,HETT,0.4279481785690126,1.222042257332768e-23,,1.8817541321897544e-22,True,True,True
scipy,corr_vsALGO,spearman,CTGI,0.4277082770561168,1.3014922468800125e-23,,1.9962966681715992e-22,True,True,True
statsmodels,unitroot,adf_return,EAFC,-12.652106777382626,1.3612825484831534e-23,,2.0799131031475159e-22,True,True,True
scipy,corr_vsALGO,pearson,MDGI,0.4263690556140507,1.84819579083738e-23,,2.812968265436661e-22,True,True,True
statsmodels,unitroot,adf_return,GARI,-12.574582514366073,1.9701836195750053e-23,,2.9871014724479507e-22,True,True,True
scipy,corr_vsMKT,pearson,EORC,0.425997246519772,2.0366308706068048e-23,,3.076014901123381e-22,True,True,True
scipy,corr_vsMKT,spearman,LSST,0.4251590995281914,2.5337811816884086e-23,,3.8122768771815677e-22,True,True,True
scipy,corr_vsALGO,pearson,CTGI,0.4222937015435697,5.321814092999547e-23,,7.976650629127079e-22,True,True,True
scipy,corr_vsMKT,pearson,AETS,0.4222385348136248,5.398019246528399e-23,,8.060224193111723e-22,True,True,True
scipy,corr_vsMKT,pearson,EELT,0.421727733225413,6.156779397308994e-23,,9.158499767619644e-22,True,True,True
scipy,corr_vsALGO,kendall,HETT,0.2951918743158843,6.436578192432596e-23,,9.538718509236578e-22,True,True,True
scipy,corr_vsMKT,spearman,AETS,0.4211656718937395,7.11364265744819e-23,,1.0502613990884182e-21,True,True,True
scipy,corr_vsMKT,kendall,RRES,0.2948469789294352,7.220808927914733e-23,,1.0621055520089507e-21,True,True,True
scipy,trend,linregress_slope,ACIX,0.0061099933999736,7.734929087583175e-23,r2=0.177,1.1334977867380252e-21,True,True,True
scipy,corr_vsMKT,pearson,FCSG,0.4204129018777894,8.628456540689094e-23,,1.2597546549406077e-21,True,True,True
scipy,corr_vsMKT,kendall,HETT,0.2942305603053861,8.845262376652291e-23,,1.2866429626849939e-21,True,True,True
scipy,corr_vsMKT,kendall,ELLT,0.2941867671085142,8.96410877640525e-23,,1.294377904636978e-21,True,True,True
scipy,corr_vsALGO,kendall,MDGI,0.2941983670168795,8.940121410599462e-23,,1.294377904636978e-21,True,True,True
scipy,corr_vsMKT,spearman,MDGI,0.4200760074365599,9.405609171569877e-23,,1.3482513219755802e-21,True,True,True
scipy,corr_vsALGO,pearson,MHRM,0.4200818501238156,9.391559954145156e-23,,1.3482513219755802e-21,True,True,True
scipy,corr_vsALGO,spearman,NPCK,0.4198922531505676,9.858203432369032e-23,,1.4080086206666206e-21,True,True,True
scipy,corr_vsALGO,kendall,ELLT,0.2938764341318143,9.94587633408068e-23,,1.4154023288428175e-21,True,True,True
scipy,corr_vsALGO,pearson,EORC,0.4195474032703397,1.076635563006674e-22,,1.526653737184284e-21,True,True,True
scipy,corr_vsALGO,spearman,EELT,0.4190593257671167,1.219436940576924e-22,,1.7229463870086862e-21,True,True,True
scipy,corr_vsALGO,kendall,CTGI,0.2928301522553522,1.4053150884055475e-22,,1.9784828851766674e-21,True,True,True
scipy,corr_vsMKT,spearman,DIHO,0.4177449493280938,1.7036657947233036e-22,,2.3899824066901295e-21,True,True,True
scipy,corr_vsMKT,spearman,AGVF,0.4168639930463336,2.1299203278358347e-22,,2.9773567135917947e-21,True,True,True
scipy,corr_vsMKT,pearson,MDGI,0.4165484622352866,2.306898655640475e-22,,3.2133549471854252e-21,True,True,True
scipy,corr_vsMKT,kendall,AETS,0.2905169119243569,3.0094887423227623e-22,,4.177255148674764e-21,True,True,True
scipy,corr_vsALGO,spearman,NAYO,0.4150337701942478,3.380079625795225e-22,,4.675183819257817e-21,True,True,True
scipy,dist_fit,ks_genhyperbolic,HRND,0.2224448897795591,3.6018825760511764e-22,,4.964552837340468e-21,True,True,True
scipy,corr_vsMKT,spearman,EORC,0.4147007668059769,3.6752468098405744e-22,,5.048021924875103e-21,True,True,True
scipy,corr_vsMKT,kendall,LSST,0.2894475273764789,4.258224345109709e-22,,5.828444572368915e-21,True,True,True
scipy,corr_vsALGO,pearson,FCSG,0.4132791355881126,5.248716574064053e-22,,7.15932205361955e-21,True,True,True
scipy,corr_vsALGO,spearman,EORC,0.4117819082563988,7.625207793971175e-22,,1.0329405197193943e-20,True,True,True
scipy,corr_vsALGO,kendall,NPCK,0.2877441949196912,7.606351340570371e-22,,1.0329405197193943e-20,True,True,True
scipy,corr_vsALGO,kendall,EELT,0.2874630781829777,8.124646773615405e-22,,1.0968273144380797e-20,True,True,True
scipy,corr_vsMKT,kendall,MDGI,0.2872331007396318,8.739741054110144e-22,,1.1758381991570714e-20,True,True,True
statsmodels,unitroot,adf_return,MDGI,-11.799356074153192,9.411291146584818e-22,,1.261881282307393e-20,True,True,True
scipy,corr_vsMKT,kendall,AGVF,0.2859775776452503,1.3109809088298466e-21,,1.7518260144431375e-20,True,True,True
scipy,corr_vsMKT,kendall,DIHO,0.2850115694019645,1.843393818802723e-21,,2.4549521735541673e-20,True,True,True
scipy,corr_vsMKT,spearman,CTGI,0.4079592437887823,1.9619184172377013e-21,,2.6040008083336764e-20,True,True,True
scipy,corr_vsALGO,pearson,MMBT,0.4078999467601876,1.990700580994449e-21,,2.633336137677892e-20,True,True,True
scipy,corr_vsMKT,pearson,ANSO,0.4073361748891965,2.2860107729474644e-21,,3.0138643702203696e-20,True,True,True
scipy,corr_vsALGO,spearman,DIHO,0.4072938244814695,2.309863296480182e-21,,3.035160371574959e-20,True,True,True
scipy,corr_vsMKT,spearman,AMRP,0.4069009475558844,2.543170675251005e-21,,3.330624186657629e-20,True,True,True
scipy,corr_vsALGO,kendall,NAYO,0.2836550650309926,2.765844074234569e-21,,3.610250775043931e-20,True,True,True
scipy,corr_vsMKT,kendall,EORC,0.2832043589919012,3.194153153112924e-21,,4.1555616269211707e-20,True,True,True
scipy,corr_vsMKT,pearson,NAYO,0.405722396877035,3.391584086374689e-21,,4.3979027856871795e-20,True,True,True
scipy,corr_vsALGO,spearman,AGVF,0.4054028447645039,3.666204823981504e-21,,4.73841948070003e-20,True,True,True
scipy,corr_vsALGO,spearman,LSST,0.4053014951953912,3.7577997671331955e-21,,4.8409302882480577e-20,True,True,True
scipy,corr_vsMKT,spearman,FCSG,0.4046151097375473,4.440346730799906e-21,,5.701578766388674e-20,True,True,True
scipy,corr_vsALGO,pearson,AMRP,0.4042148417346177,4.8933710383919204e-21,,6.2628794264094e-20,True,True,True
scipy,corr_vsALGO,kendall,EORC,0.2817993046165732,5.001766965696567e-21,,6.38089494458766e-20,True,True,True
scipy,corr_vsMKT,kendall,AMRP,0.2808954854235747,6.6737778742623554e-21,,8.486462058174905e-20,True,True,True
scipy,corr_vsALGO,spearman,AETS,0.4017814430480692,8.808065236388722e-21,,1.1164435100271493e-19,True,True,True
scipy,corr_vsALGO,pearson,ANSO,0.4017505442381926,8.873775032850088e-21,,1.121167345496636e-19,True,True,True
scipy,corr_vsMKT,pearson,CTGI,0.4010132250131788,1.0593352423655024e-20,,1.334153203004732e-19,True,True,True
scipy,corr_vsMKT,kendall,CTGI,0.2780903171805458,1.609074402518865e-20,,2.0200545524615816e-19,True,True,True
scipy,corr_vsMKT,spearman,MHRM,0.3989628398432462,1.7295894648653287e-20,,2.1644576731743257e-19,True,True,True
scipy,corr_vsMKT,kendall,FCSG,0.2777683881819864,1.7798823436050142e-20,,2.220346898256635e-19,True,True,True
scipy,corr_vsALGO,spearman,FCSG,0.3987824708484428,1.805516809109656e-20,,2.245219956312386e-19,True,True,True
scipy,corr_vsALGO,kendall,AETS,0.2775864012078323,1.8907687049809787e-20,,2.3438396965518925e-19,True,True,True
scipy,corr_vsALGO,kendall,DIHO,0.2776322028312881,1.9131417433418464e-20,,2.364139420769141e-19,True,True,True
scipy,corr_vsALGO,kendall,AGVF,0.2773290838394604,2.044330556151063e-20,,2.518359703858591e-19,True,True,True
scipy,corr_vsALGO,pearson,AETS,0.3972397633808917,2.604490073231164e-20,,3.1984111740427566e-19,True,True,True
scipy,corr_vsMKT,pearson,NWIG,0.3962393359038834,3.299633813272546e-20,,4.039489593764092e-19,True,True,True
scipy,corr_vsALGO,pearson,ULXY,0.3954970984685175,3.930675814167513e-20,,4.797128191779671e-19,True,True,True
scipy,corr_vsMKT,kendall,MHRM,0.2746652621588153,4.7189024842487e-20,,5.741331355835919e-19,True,True,True
scipy,corr_vsMKT,pearson,ULXY,0.3943431719746496,5.155168720095756e-20,,6.252823106036145e-19,True,True,True
scipy,corr_vsALGO,kendall,LSST,0.2742476800706936,5.332292646871882e-20,,6.447821353978208e-19,True,True,True
scipy,corr_vsALGO,kendall,FCSG,0.2735624690841969,6.587232396499564e-20,,7.940938870642594e-19,True,True,True
scipy,corr_vsMKT,spearman,ANSO,0.392875292754183,7.267656523453801e-20,,8.734482321785026e-19,True,True,True
scipy,corr_vsMKT,spearman,NWIG,0.3927932974382499,7.408050868087231e-20,,8.876150918540992e-19,True,True,True
statsmodels,unitroot,adf_return,EELT,-10.923178725732168,1.0257122158454879e-19,,1.2252598651099737e-18,True,True,True
statsmodels,unitroot,adf_return,SPLZ,-10.911421567060724,1.0944928894503117e-19,,1.3034715922094045e-18,True,True,True
scipy,corr_vsMKT,spearman,NAYO,0.3895032474587729,1.5893202062143878e-19,,1.8870783894268424e-18,True,True,True
scipy,corr_vsALGO,spearman,MMBT,0.3879335913208209,2.280665059033969e-19,,2.699814313126699e-18,True,True,True
scipy,corr_vsMKT,spearman,EELT,0.3878825213772732,2.3075472192734343e-19,,2.7234584246634365e-18,True,True,True
scipy,corr_vsALGO,spearman,ULXY,0.3878530446776023,2.323204959034893e-19,,2.733753417467328e-18,True,True,True
statsmodels,unitroot,adf_return,SRNA,-10.773802016766226,2.3475674196826173e-19,,2.7541996334490708e-18,True,True,True
scipy,corr_vsMKT,spearman,ULXY,0.3876134920443296,2.454395262273894e-19,,2.8709869803809174e-18,True,True,True
scipy,corr_vsMKT,kendall,NWIG,0.2681266146751334,3.4646241917622097e-19,,4.0406948413984116e-18,True,True,True
scipy,corr_vsMKT,kendall,ANSO,0.2680944217752774,3.4985357576325553e-19,,4.068208836751485e-18,True,True,True
scipy,corr_vsALGO,spearman,ANSO,0.3839639166490992,5.636254446334872e-19,,6.5347397139564906e-18,True,True,True
scipy,corr_vsALGO,spearman,AMRP,0.3833680755294499,6.449224602105407e-19,,7.455379290762322e-18,True,True,True
scipy,corr_vsMKT,kendall,EELT,0.2651256936613271,8.550399103672895e-19,,9.855460019496653e-18,True,True,True
scipy,corr_vsMKT,kendall,NAYO,0.2650682891888193,8.695793114852535e-19,,9.993824040451514e-18,True,True,True
scipy,corr_vsALGO,pearson,NWIG,0.3813831884655358,1.0082720597562837e-18,,1.1554094359183926e-17,True,True,True
scipy,corr_vsALGO,kendall,ULXY,0.2644034785040905,1.061699927480644e-18,,1.2131075693126662e-17,True,True,True
scipy,corr_vsALGO,kendall,MMBT,0.2642908019943177,1.0980051098215917e-18,,1.2509642031551199e-17,True,True,True
scipy,corr_vsALGO,spearman,NWIG,0.3804584958310369,1.2403276785626105e-18,,1.4090408382979282e-17,True,True,True
scipy,corr_vsALGO,spearman,MHRM,0.3803575426249397,1.2686455750643948e-18,,1.4370692117539783e-17,True,True,True
scipy,corr_vsMKT,kendall,ULXY,0.2637483802947259,1.2894619579674645e-18,,1.4564639078245688e-17,True,True,True
scipy,corr_vsALGO,kendall,AMRP,0.2634895851466947,1.3987813127844598e-18,,1.5754274099989546e-17,True,True,True
scipy,corr_vsALGO,kendall,ANSO,0.2625040744822056,1.8678745615048836e-18,,2.097766815228562e-17,True,True,True
scipy,corr_vsALGO,kendall,MHRM,0.2618141143741097,2.3086891004179845e-18,,2.5854694414340043e-17,True,True,True
scipy,corr_vsMKT,pearson,HRET,0.3763356956879052,3.0984626969037464e-18,,3.460096303454552e-17,True,True,True
scipy,corr_vsALGO,kendall,NWIG,0.2588179429482085,5.527912910763486e-18,,6.155658953172221e-17,True,True,True
scipy,corr_vsALGO,pearson,HRET,0.3712829362670664,9.34892594787944e-18,,1.0381258052546691e-16,True,True,True
scipy,corr_vsALGO,pearson,RTTH,0.370974213642447,9.995258393741261e-18,,1.1067783311271925e-16,True,True,True
scipy,corr_vsMKT,spearman,FARS,0.3655359481743234,3.2071263333993065e-17,,3.541314287467806e-16,True,True,True
scipy,corr_vsMKT,pearson,RTTH,0.3652313277415903,3.421319525765358e-17,,3.7672741817226374e-16,True,True,True
scipy,corr_vsMKT,kendall,FARS,0.2480150985327987,1.2186504042792746e-16,,1.338139246147326e-15,True,True,True
scipy,corr_vsALGO,pearson,OTCS,0.3569520616379049,1.9315958920986663e-16,,2.1150975018480396e-15,True,True,True
scipy,corr_vsMKT,pearson,ALUT,0.353275274687704,4.0998835023402957e-16,,4.476936500339459e-15,True,True,True
scipy,corr_vsALGO,spearman,RTTH,0.3524112746470389,4.88609205559265e-16,,5.320711293686803e-15,True,True,True
scipy,corr_vsMKT,pearson,FARS,0.3507860800410122,6.786457848257841e-16,,7.369756704637028e-15,True,True,True
statsmodels,unitroot,adf_return,NAYO,-9.382375204842935,6.901975041685247e-16,,7.474611432506386e-15,True,True,True
scipy,corr_vsALGO,kendall,RTTH,0.240782622000732,9.007075134160837e-16,,9.727641144893705e-15,True,True,True
scipy,corr_vsMKT,spearman,HRET,0.3482766098045878,1.1228994556868514e-15,,1.2094179383381334e-14,True,True,True
scipy,corr_vsMKT,pearson,HRND,0.3475330049914102,1.3024755291178812e-15,,1.3990077754176262e-14,True,True,True
scipy,corr_vsALGO,spearman,FARS,0.3473800549750178,1.3427664834607085e-15,,1.4383656189679657e-14,True,True,True
scipy,corr_vsMKT,pearson,MMBT,0.3463405959735164,1.65092382651573e-15,,1.7636698439363167e-14,True,True,True
scipy,corr_vsMKT,spearman,RTTH,0.34462134738444,2.3195370543708155e-15,,2.4712473157647988e-14,True,True,True
scipy,corr_vsALGO,spearman,HRET,0.3438620788398588,2.693573109430348e-15,,2.86201218258071e-14,True,True,True
scipy,corr_vsALGO,spearman,OTCS,0.3425602666539794,3.47727483226921e-15,,3.6847896206465664e-14,True,True,True
scipy,corr_vsMKT,kendall,HRET,0.2353954310062077,3.844396414242764e-15,,4.062898301593828e-14,True,True,True
scipy,corr_vsMKT,kendall,RTTH,0.2351378867709711,4.117442701483274e-15,,4.339828644183708e-14,True,True,True
scipy,corr_vsMKT,pearson,OTCS,0.3414050976449592,4.357337066349205e-15,,4.5804327241462846e-14,True,True,True
scipy,corr_vsALGO,kendall,FARS,0.2340059074997921,5.5660969420773145e-15,,5.83551971959276e-14,True,True,True
scipy,corr_vsMKT,pearson,CCNS,0.3400243754546913,5.699021241080676e-15,,5.959029637225471e-14,True,True,True
scipy,corr_vsMKT,spearman,CCNS,0.3376817851179861,8.959141054894221e-15,,9.343104242961118e-14,True,True,True
scipy,corr_vsALGO,pearson,HRND,0.3365035472545801,1.1231891772678612e-14,,1.1682352867519549e-13,True,True,True
scipy,corr_vsALGO,kendall,HRET,0.2312855636739992,1.1399948490567706e-14,,1.1825946565741553e-13,True,True,True
scipy,corr_vsALGO,pearson,ALUT,0.3363313311931057,1.1608312753768444e-14,,1.2010490518465934e-13,True,True,True
scipy,corr_vsALGO,kendall,OTCS,0.231133897933764,1.1890488458108188e-14,,1.2270237042372376e-13,True,True,True
scipy,corr_vsALGO,pearson,FARS,0.3337794622359576,1.8873665676022764e-14,,1.9425584881170166e-13,True,True,True
scipy,corr_vsMKT,spearman,HRND,0.3316431086960372,2.8253241293837153e-14,,2.9003718015704706e-13,True,True,True
scipy,corr_vsMKT,kendall,CCNS,0.2274583984235367,3.092215373982639e-14,,3.166107273828458e-13,True,True,True
scipy,corr_vsMKT,spearman,MMBT,0.3310678223917714,3.147869482163956e-14,,3.214741320904227e-13,True,True,True
scipy,trend,linregress_slope,ALGO,-0.0147390819963279,4.7287317180265486e-14,r2=0.108,4.816708122082857e-13,True,True,True
scipy,corr_vsMKT,spearman,OTCS,0.3286895454157038,4.9097346955904315e-14,,4.98818921907667e-13,True,True,True
scipy,corr_vsMKT,kendall,MMBT,0.2254549259160891,5.1517561521086856e-14,,5.220622815324535e-13,True,True,True
scipy,corr_vsALGO,pearson,CCNS,0.328241139735524,5.336616474713904e-14,,5.394087729056978e-13,True,True,True
scipy,corr_vsALGO,spearman,CCNS,0.3281750840278813,5.4025006992951857e-14,,5.446715538777908e-13,True,True,True
scipy,corr_vsMKT,kendall,HRND,0.2231782111492785,9.214568385034575e-14,,9.266282799440382e-13,True,True,True
scipy,corr_vsMKT,spearman,ALUT,0.3217210928868837,1.766189810102445e-13,,1.7715827560874907e-12,True,True,True
scipy,corr_vsMKT,kendall,OTCS,0.220321862979511,1.8907902741019741e-13,,1.890700054944143e-12,True,True,True
scipy,corr_vsALGO,kendall,CCNS,0.2203217942824581,1.894537092092685e-13,,1.890700054944143e-12,True,True,True
scipy,corr_vsMKT,kendall,ALUT,0.2188963831593973,2.696748642757664e-13,,2.6844906943814932e-12,True,True,True
scipy,corr_vsALGO,spearman,HRND,0.3183257995465672,3.256646189477181e-13,,3.2336774002314984e-12,True,True,True
scipy,corr_vsALGO,kendall,HRND,0.215446156655796,6.317540570516045e-13,,6.257222343963379e-12,True,True,True
scipy,trend,linregress_slope,ELLT,0.0335661046644186,1.689159226908938e-12,r2=0.095,1.6688385144047705e-11,True,True,True
scipy,corr_vsALGO,spearman,ALUT,0.3049458794462708,3.369564658951815e-12,,3.320705971397014e-11,True,True,True
scipy,corr_vsALGO,kendall,ALUT,0.2071238566714082,4.659642528083438e-12,,4.5806261460610756e-11,True,True,True
arch,coint,phillips_ouliaris,AENO-NWIG,-7.053391091156613,5.210055612030074e-09,,5.1089649807518794e-08,True,True,True
arch,coint,engle_granger,AENO-NWIG,-7.026772274533848,5.393796677858998e-09,,5.2760165022630696e-08,True,True,True
scipy,trend,linregress_slope,EORC,-0.0143497793191172,1.3432357107440387e-08,r2=0.063,1.3106522702358915e-07,True,True,True
scipy,trend,linregress_slope,AETS,-0.0095657528230112,2.323036733466745e-07,r2=0.052,2.2610890872409654e-06,True,True,True
scipy,trend,linregress_slope,NGTE,-0.0193544401377605,2.743345806200038e-06,r2=0.043,2.6636130955764902e-05,True,True,True
arch,coint,phillips_ouliaris,HUXZ-ACAC,-5.849217095728577,3.2625284204206843e-06,,3.159923104004506e-05,True,True,True
arch,coint,phillips_ouliaris,SMAH-ILVX,-5.80291866631425,4.1011249914920365e-06,,3.9624104697209824e-05,True,True,True
arch,coint,phillips_ouliaris,EORC-NGTE,-5.75851710995205,5.099609121760928e-06,,4.915075588748552e-05,True,True,True
arch,coint,engle_granger,EORC-NGTE,-5.746988535606124,5.17605935404408e-06,,4.976591700888235e-05,True,True,True
arch,coint,engle_granger,SMAH-ILVX,-5.6377325007996815,8.821786241265806e-06,,8.461187679579029e-05,True,True,True
arch,coint,engle_granger,HUXZ-ACAC,-5.6074669520873055,1.0208850697757212e-05,,9.767788701591973e-05,True,True,True
scipy,trend,linregress_slope,LSST,-0.0162397028788115,1.1805675741715787e-05,r2=0.038,0.00011268274521511777,True,True,True
scipy,trend,linregress_slope,MDGI,0.0479634291337165,2.848150949041681e-05,r2=0.035,0.00027119350340875135,True,True,False
arch,unitroot,KPSS,HUXZ,2.850028727019725,0.0001,,0.0008779510022271715,True,True,False
arch,unitroot,KPSS,SMAH,2.628491799976761,0.0001,,0.0008779510022271715,True,True,False
arch,unitroot,KPSS,DUCT,2.4182688301165896,0.0001,,0.0008779510022271715,True,True,False
arch,unitroot,KPSS,AENO,3.15958228253342,0.0001,,0.0008779510022271715,True,True,False
arch,unitroot,KPSS,AMRP,2.781660330263464,0.0001,,0.0008779510022271715,True,True,False
arch,unitroot,KPSS,MSDP,3.119877078481613,0.0001,,0.0008779510022271715,True,True,False
arch,unitroot,KPSS,MHRM,3.2420341371866908,0.0001,,0.0008779510022271715,True,True,False
arch,unitroot,KPSS,FWWG,3.1182043115835336,0.0001,,0.0008779510022271715,True,True,False
arch,unitroot,KPSS,IHOZ,2.3796838210353712,0.0001,,0.0008779510022271715,True,True,False
arch,unitroot,KPSS,CCNS,2.415787338350241,0.0001,,0.0008779510022271715,True,True,False
arch,unitroot,KPSS,BENI,2.18614408561386,0.0001,,0.0008779510022271715,True,True,False
arch,unitroot,KPSS,ITPA,1.862153467477104,0.0001,,0.0008779510022271715,True,True,False
arch,unitroot,KPSS,HRND,2.114199076859057,0.0001,,0.0008779510022271715,True,True,False
arch,unitroot,KPSS,BLBT,3.3446656689855283,0.0001,,0.0008779510022271715,True,True,False
arch,unitroot,KPSS,EAFC,3.182626238270946,0.0001,,0.0008779510022271715,True,True,False
arch,unitroot,KPSS,FARS,3.4566116611265016,0.0001,,0.0008779510022271715,True,True,False
arch,unitroot,KPSS,FCSG,2.768648719385719,0.0001,,0.0008779510022271715,True,True,False
arch,unitroot,KPSS,ILVX,2.7726251269005835,0.0001,,0.0008779510022271715,True,True,False
arch,unitroot,KPSS,NPCK,3.5538522901248037,0.0001,,0.0008779510022271715,True,True,False
arch,unitroot,KPSS,CUBO,2.9257112987480696,0.0001,,0.0008779510022271715,True,True,False
arch,unitroot,KPSS,ANSO,2.798130361487376,0.0001,,0.0008779510022271715,True,True,False
arch,unitroot,KPSS,OTCS,3.2890486843373874,0.0001,,0.0008779510022271715,True,True,False
arch,unitroot,KPSS,CTGI,1.6576688132549524,0.0001,,0.0008779510022271715,True,True,False
arch,unitroot,KPSS,RRES,2.902021510443656,0.0001,,0.0008779510022271715,True,True,False
arch,unitroot,KPSS,AGVF,3.2298769659176765,0.0001,,0.0008779510022271715,True,True,False
arch,unitroot,KPSS,ALUT,2.292280327653034,0.0001,,0.0008779510022271715,True,True,False
arch,unitroot,KPSS,GARI,3.671663269240196,0.0001,,0.0008779510022271715,True,True,False
arch,unitroot,KPSS,SRTX,2.729041865683032,0.0001,,0.0008779510022271715,True,True,False
arch,unitroot,KPSS,ACAC,2.6898850568310944,0.0001,,0.0008779510022271715,True,True,False
arch,unitroot,KPSS,RCRI,1.8063451612923085,0.0001,,0.0008779510022271715,True,True,False
arch,unitroot,KPSS,SPLZ,2.1198086598344594,0.0001,,0.0008779510022271715,True,True,False
arch,unitroot,KPSS,NWIG,2.920932175325547,0.0001,,0.0008779510022271715,True,True,False
arch,unitroot,KPSS,RTTH,2.008004755744831,0.0001,,0.0008779510022271715,True,True,False
arch,unitroot,KPSS,MMBT,2.338572173377512,0.0001,,0.0008779510022271715,True,True,False
arch,unitroot,KPSS,SRNA,1.7874114134055488,0.0001,,0.0008779510022271715,True,True,False
arch,coint,engle_granger,HETT-ULXY,-4.989898770863843,0.0001699094823119,,0.001488407065052244,True,True,False
arch,unitroot,KPSS,NAYO,1.4826930431202876,0.0001882670856882,,0.0016455628642636018,True,True,False
arch,coint,phillips_ouliaris,CTGI-EELT,-4.952394287121708,0.0002027857421015,,0.001768542910097595,True,True,False
scipy,dist_fit,ks_laplace,GARI,0.0954122758929916,0.0002095961998497,,0.0018239033549834823,True,True,False
arch,coint,phillips_ouliaris,HETT-ULXY,-4.931030545297508,0.0002218951687268,,0.0019266756720727877,True,True,False
arch,coint,engle_granger,CTGI-EELT,-4.911848423517808,0.0002366648383499,,0.0020504017423633096,True,True,False
arch,unitroot,KPSS,ACIX,1.3449528105781858,0.0003856429433737,,0.0033337817604805384,True,True,False
scipy,dist_fit,ks_cauchy,EELT,0.0912479507509446,0.0004577932213,,0.003948842184605251,True,True,False
arch,unitroot,KPSS,EELT,1.301894824910177,0.0004832669223816,,0.004159472069930715,True,True,False
scipy,dist_fit,ks_cauchy,ITPA,0.0904695169670449,0.0005277225014351,,0.004532205012324977,True,True,False
arch,unitroot,KPSS,MTNS,1.267928186043906,0.0005790347469296,,0.0049620760269488765,True,True,False
arch,unitroot,KPSS,ELLT,1.2479712860769916,0.000644236944562,,0.0055088547407015276,True,True,False
arch,coint,engle_granger,ACIX-ITPA,-4.664854827894692,0.0006503074739736,,0.005548727407800717,True,True,False
statsmodels,granger,granger_algo_to,CUBO,,0.0007544129280238,,0.006423100998422937,True,True,False
statsmodels,spec,rainbow,SPLZ,1.4895964925027907,0.0008859956457371,,0.0075271440420164835,True,True,False
scipy,dist_fit,ks_cauchy,EAFC,0.0871963733890858,0.0009466409020106,,0.008025071904786636,True,True,False
arch,coint,phillips_ouliaris,ACIX-ITPA,-4.5539536158658365,0.0010140077925873,,0.008546779167890785,True,True,False
scipy,dist_fit,ks_cauchy,HRET,0.0867870911575016,0.0010168542439728,,0.008546779167890785,True,True,False
scipy,dist_fit,ks_cauchy,NGTE,0.0867909429625047,0.0010161713660689,,0.008546779167890785,True,True,False
scipy,dist_fit,ks_cauchy,AETS,0.0868166849004253,0.0010116186174505,,0.008546779167890785,True,True,False
arch,unitroot,KPSS,DIHO,1.1603609886936503,0.0010362139836561,,0.008690969199090098,True,True,False
scipy,dist_fit,ks_cauchy,DUCT,0.0866541712162783,0.0010406835357833,,0.008709924624326473,True,True,False
statsmodels,granger,granger_algo_to,HRND,,0.0011267290787014,,0.009410097517459574,True,True,False
scipy,dist_fit,ks_cauchy,ILVX,0.085946776880217,0.0011765146293675,,0.009805117693375656,True,True,False
scipy,dist_fit,ks_cauchy,SRTX,0.0858501244284942,0.0011963076367809,,0.009949039460317105,True,True,False
scipy,dist_fit,ks_cauchy,BLBT,0.0853891225327859,0.001295058428296,,0.010747621735458594,True,True,False
scipy,dist_fit,ks_cauchy,ACAC,0.085217589717733,0.0013337025524663,,0.011045074499626375,True,True,False
scipy,dist_fit,ks_cauchy,FWWG,0.085030846679368,0.0013769927200761,,0.011379675686666637,True,True,False
scipy,dist_fit,ks_cauchy,MDGI,0.08470276000246,0.0014562316676334,,0.012009341493328166,True,True,False
scipy,dist_fit,ks_cauchy,CCNS,0.0843482634406081,0.0015466050524828,,0.012728010682436739,True,True,False
scipy,dist_fit,ks_cauchy,CTGI,0.0840217900933634,0.0016344214045715,,0.013422685785043445,True,True,False
scipy,dist_fit,ks_cauchy,EORC,0.083913718230721,0.0016644972575802,,0.01361773320935012,True,True,False
scipy,dist_fit,ks_cauchy,NAYO,0.0839116403808695,0.0016650805192559,,0.01361773320935012,True,True,False
scipy,dist_fit,ks_cauchy,AMRP,0.0838631525679284,0.0016787453030644,,0.01370106415047591,True,True,False
scipy,dist_fit,ks_cauchy,ELLT,0.0836763563375235,0.0017323677323032,,0.014109490910618212,True,True,False
arch,unitroot,DFGLS,NAYO,-3.121826588800619,0.0018973593768859,,0.015421045521522568,True,True,False
arch,unitroot,KPSS,ALGO,1.049553104359394,0.0019012247903247,,0.015421045521522568,True,True,False
arch,unitroot,KPSS,EORC,1.0383083179472463,0.0019890061050175,,0.01609992210673303,True,True,False
statsmodels,granger,granger_algo_to,ULXY,,0.0021587747543845,,0.017438299347917418,True,True,False
scipy,dist_fit,ks_cauchy,RTTH,0.0823034951670905,0.0021780275092695,,0.017557841393743088,True,True,False
scipy,dist_fit,ks_cauchy,LSST,0.0821059168736716,0.0022502792125836,,0.01810326664490725,True,True,False
scipy,dist_fit,ks_cauchy,NPCK,0.0819858555555261,0.0022952616153021,,0.01841607756747303,True,True,False
scipy,dist_fit,ks_laplace,MDGI,0.0819772808361815,0.0022985058760012,,0.01841607756747303,True,True,False
scipy,dist_fit,ks_cauchy,SMAH,0.0817857334523827,0.0023720941166268,,0.01896712983314979,True,True,False
scipy,dist_fit,ks_cauchy,MHRM,0.0816228330979336,0.0024363860691558,,0.019441768997190616,True,True,False
scipy,dist_fit,ks_cauchy,MSDP,0.0815834994649094,0.002452149659703,,0.019528028199089345,True,True,False
scipy,dist_fit,ks_cauchy,SRNA,0.0815435496773447,0.002468256719333,,0.019616669329860257,True,True,False
scipy,dist_fit,ks_cauchy,FCSG,0.081467632853646,0.0024991350673445,,0.0197823101113896,True,True,False
scipy,dist_fit,ks_cauchy,RCRI,0.0814718783131965,0.0024973988847698,,0.0197823101113896,True,True,False
scipy,dist_fit,ks_cauchy,GARI,0.0813111406379688,0.0025639169935155,,0.020254430437751707,True,True,False
scipy,dist_fit,ks_cauchy,RRES,0.0811162433385975,0.0026467676954202,,0.020867116510692858,True,True,False
scipy,dist_fit,ks_laplace,NAYO,0.0810414112001965,0.0026792310139076,,0.021080895522602314,True,True,False
scipy,dist_fit,ks_cauchy,SPLZ,0.0806961363459473,0.0028338364852695,,0.022252955029745756,True,True,False
scipy,dist_fit,ks_cauchy,OTCS,0.0806817958434807,0.0028404325695095,,0.022260407930430316,True,True,False
scipy,dist_fit,ks_laplace,FCSG,0.0804858546105593,0.0029319897414147,,0.022932348334636404,True,True,False
scipy,dist_fit,ks_cauchy,HRND,0.0804615527735571,0.0029435331757465,,0.022977045106520207,True,True,False
arch,unitroot,KPSS,NGTE,0.9599422230835796,0.0030351851688715,,0.023645652046821054,True,True,False
statsmodels,model,ar1_coef,ANSO,-0.1202347479173884,0.0034182167051045,,0.02657714053554623,True,True,False
scipy,dist_fit,ks_cauchy,ALGO,0.0795134904265842,0.003427990046478,,0.02660066291971708,True,True,False
scipy,dist_fit,ks_cauchy,DIHO,0.0794524637209012,0.0034615614157651,,0.026808399019540324,True,True,False
arch,unitroot,KPSS,MDGI,0.9354994465991134,0.0034981165416834,,0.027038383151599926,True,True,False
scipy,dist_fit,ks_cauchy,HTRK,0.077911778934861,0.004416189157588,,0.034067744929964575,True,True,False
scipy,dist_fit,ks_cauchy,MTNS,0.0773530839205679,0.0048182850906292,,0.03709703091261778,True,True,False
statsmodels,hetero,arch_lm,ACAC,16.76818317677603,0.0049610887061132,,0.03812205005750143,True,True,False
statsmodels,unitroot,zivot_andrews_price,EAFC,-5.446840290931966,0.0050701252015634,break_at=110,0.03875159280082565,True,True,False
scipy,dist_fit,ks_cauchy,ANSO,0.0770215256483065,0.0050725068201994,,0.03875159280082565,True,True,False
arch,unitroot,ZivotAndrews,EAFC,-5.446840290931966,0.0050701252015634,,0.03875159280082565,True,True,False
scipy,dist_fit,ks_cauchy,ACIX,0.0769038147947036,0.0051656771898815,,0.03938703961801329,True,True,False
scipy,dist_fit,ks_cauchy,AENO,0.0767817247823272,0.0052639671980394,,0.04005899361905659,True,True,False
scipy,dist_fit,ks_laplace,ILVX,0.076746010506998,0.0052930413876788,,0.04020263805439273,True,True,False
scipy,dist_fit,ks_cauchy,ALUT,0.0764879740515415,0.0055075098174923,,0.041751160962605095,True,True,False
scipy,dist_fit,ks_laplace,NGTE,0.0760054672331325,0.0059300084357024,,0.04486774136955636,True,True,False
scipy,dist_fit,ks_cauchy,HETT,0.0753254877574678,0.006575784984431,,0.049658514192772035,True,True,False
scipy,dist_fit,ks_cauchy,FARS,0.0753055888509881,0.006595614305616,,0.04971302407789345,True,True,False
scipy,dist_fit,ks_cauchy,IHOZ,0.0751943969778599,0.0067074247474765,,0.05045929075296253,True,False,False
statsmodels,autocorr,ljungbox_lag2,ACAC,9.948429442932474,0.0069139461817473,,0.0519138587589483,True,False,False
scipy,normality,kurtosistest,EAFC,-2.698630350638691,0.0069625464980945,,0.052179388394464864,True,False,False
scipy,regime_2samp,ks_2samp,EORC,0.1476305220883534,0.0070714092079108,,0.05289467760452443,True,False,False
statsmodels,autocorr,ljungbox_lag1,ANSO,7.247740819423891,0.0070990271576794,,0.05300069139312916,True,False,False
scipy,dist_fit,ks_cauchy,HUXZ,0.0747642562549183,0.0071564235936482,,0.05332820757308357,True,False,False
statsmodels,autocorr,boxpierce_lag2,ACAC,9.871292361350068,0.0071858161098518,,0.0534462020849732,True,False,False
scipy,dist_fit,ks_cauchy,BENI,0.0747106836823293,0.0072142219176581,,0.05355642711752963,True,False,False
statsmodels,autocorr,boxpierce_lag1,ANSO,7.204341173798598,0.0072727442461739,,0.05388939439552164,True,False,False
statsmodels,unitroot,zivot_andrews_price,NPCK,-5.350422315193213,0.0073497747791293,break_at=117,0.05425620258301068,True,False,False
arch,unitroot,ZivotAndrews,NPCK,-5.350422315193213,0.0073497747791293,,0.05425620258301068,True,False,False
statsmodels,granger,granger_algo_to,GARI,,0.0073912014724618,,0.054460030288681155,True,False,False
scipy,dist_fit,ks_cauchy,CUBO,0.0745189114038852,0.0074246228799413,,0.054604222747627995,True,False,False
scipy,dist_fit,ks_laplace,NPCK,0.0740109335651723,0.0080092159460971,,0.05879390923559547,True,False,False
scipy,dist_fit,ks_cauchy,NWIG,0.0735434486971533,0.0085838624283299,,0.06289514069233544,True,False,False
arch,unitroot,KPSS,HTRK,0.7700430610716198,0.0086111763645462,,0.06297821378300765,True,False,False
scipy,dist_fit,ks_laplace,ACAC,0.0733303944907213,0.0088579681021161,,0.06454364188270179,True,False,False
scipy,dist_fit,ks_laplace,SRNA,0.0733409600041969,0.0088441900124128,,0.06454364188270179,True,False,False
arch,unitroot,PP,MTNS,-3.4655641690811523,0.0089167952247826,,0.06485241102600187,True,False,False
statsmodels,unitroot,kpss_price,ALGO,1.049553104359394,0.01,,0.06614093959731544,True,False,False
statsmodels,unitroot,kpss_price,SRNA,1.787411413405572,0.01,,0.06614093959731544,True,False,False
arch,unitroot,ADF,MTNS,-3.450641523982071,0.0093489855767803,,0.06614093959731544,True,False,False
statsmodels,unitroot,kpss_price,SMAH,2.6284917999767563,0.01,,0.06614093959731544,True,False,False
statsmodels,unitroot,kpss_price,OTCS,3.289048684337375,0.01,,0.06614093959731544,True,False,False
statsmodels,unitroot,kpss_price,AMRP,2.781660330263471,0.01,,0.06614093959731544,True,False,False
statsmodels,unitroot,kpss_price,ELLT,1.2479712860769898,0.01,,0.06614093959731544,True,False,False
scipy,dist_fit,ks_cauchy,ULXY,0.0730126715478353,0.0092815069117798,,0.06614093959731544,True,False,False
statsmodels,unitroot,kpss_price,AENO,3.1595822825334325,0.01,,0.06614093959731544,True,False,False
statsmodels,unitroot,kpss_price,CUBO,2.9257112987480403,0.01,,0.06614093959731544,True,False,False
statsmodels,unitroot,kpss_price,DUCT,2.4182688301166126,0.01,,0.06614093959731544,True,False,False
statsmodels,unitroot,kpss_price,GARI,3.671663269240197,0.01,,0.06614093959731544,True,False,False
statsmodels,unitroot,kpss_price,RCRI,1.8063451612923216,0.01,,0.06614093959731544,True,False,False
statsmodels,unitroot,range_unitroot_price,NAYO,0.9838699100999074,0.01,,0.06614093959731544,True,False,False
statsmodels,unitroot,kpss_price,ACAC,2.689885056831112,0.01,,0.06614093959731544,True,False,False
statsmodels,unitroot,kpss_price,ACIX,1.3449528105781825,0.01,,0.06614093959731544,True,False,False
statsmodels,unitroot,kpss_price,RTTH,2.008004755744845,0.01,,0.06614093959731544,True,False,False
statsmodels,unitroot,kpss_price,DIHO,1.1603609886936708,0.01,,0.06614093959731544,True,False,False
statsmodels,unitroot,kpss_price,MDGI,0.9354994465991134,0.01,,0.06614093959731544,True,False,False
statsmodels,unitroot,kpss_price,MMBT,2.338572173377512,0.01,,0.06614093959731544,True,False,False
statsmodels,unitroot,kpss_price,NWIG,2.9209321753255644,0.01,,0.06614093959731544,True,False,False
statsmodels,unitroot,kpss_price,CCNS,2.415787338350252,0.01,,0.06614093959731544,True,False,False
statsmodels,unitroot,kpss_price,CTGI,1.6576688132549409,0.01,,0.06614093959731544,True,False,False
statsmodels,unitroot,kpss_price,SPLZ,2.1198086598344594,0.01,,0.06614093959731544,True,False,False
scipy,sign,binomtest_updays,SRNA,0.4408817635270541,0.0093512728411821,,0.06614093959731544,True,False,False
statsmodels,unitroot,kpss_price,RRES,2.9020215104436264,0.01,,0.06614093959731544,True,False,False
statsmodels,unitroot,kpss_price,ALUT,2.292280327653061,0.01,,0.06614093959731544,True,False,False
statsmodels,unitroot,kpss_price,ANSO,2.7981303614873547,0.01,,0.06614093959731544,True,False,False
statsmodels,unitroot,kpss_price,NPCK,3.553852290124825,0.01,,0.06614093959731544,True,False,False
statsmodels,unitroot,kpss_price,MSDP,3.119877078481629,0.01,,0.06614093959731544,True,False,False
statsmodels,unitroot,kpss_price,EORC,1.0383083179472554,0.01,,0.06614093959731544,True,False,False
statsmodels,unitroot,kpss_price,HUXZ,2.8500287270197497,0.01,,0.06614093959731544,True,False,False
statsmodels,unitroot,kpss_price,NAYO,1.4826930431203174,0.01,,0.06614093959731544,True,False,False
statsmodels,unitroot,kpss_price,SRTX,2.7290418656830475,0.01,,0.06614093959731544,True,False,False
statsmodels,unitroot,kpss_price,AGVF,3.2298769659176925,0.01,,0.06614093959731544,True,False,False
statsmodels,unitroot,kpss_price,ILVX,2.7726251269005746,0.01,,0.06614093959731544,True,False,False
statsmodels,unitroot,kpss_price,HTRK,0.7700430610716235,0.01,,0.06614093959731544,True,False,False
statsmodels,unitroot,kpss_price,ITPA,1.8621534674770972,0.01,,0.06614093959731544,True,False,False
statsmodels,unitroot,kpss_price,EAFC,3.182626238270957,0.01,,0.06614093959731544,True,False,False
statsmodels,unitroot,kpss_price,NGTE,0.9599422230835822,0.01,,0.06614093959731544,True,False,False
statsmodels,unitroot,adf_price,MTNS,-3.450641523982071,0.0093489855767803,,0.06614093959731544,True,False,False
statsmodels,unitroot,kpss_price,HRND,2.1141990768590624,0.01,,0.06614093959731544,True,False,False
statsmodels,unitroot,kpss_price,BLBT,3.34466566898556,0.01,,0.06614093959731544,True,False,False
statsmodels,unitroot,kpss_price,BENI,2.186144085613877,0.01,,0.06614093959731544,True,False,False
statsmodels,unitroot,kpss_price,IHOZ,2.379683821035385,0.01,,0.06614093959731544,True,False,False
arch,unitroot,VarianceRatio_q5,SRNA,2.6014434480916413,0.0092832369288138,,0.06614093959731544,True,False,False
statsmodels,unitroot,kpss_price,MHRM,3.242034137186716,0.01,,0.06614093959731544,True,False,False
statsmodels,unitroot,kpss_price,FARS,3.456611661126515,0.01,,0.06614093959731544,True,False,False
statsmodels,unitroot,kpss_price,EELT,1.301894824910172,0.01,,0.06614093959731544,True,False,False
statsmodels,unitroot,kpss_price,FWWG,3.1182043115835576,0.01,,0.06614093959731544,True,False,False
statsmodels,unitroot,kpss_price,FCSG,2.768648719385692,0.01,,0.06614093959731544,True,False,False
statsmodels,unitroot,kpss_price,MTNS,1.2679281860439375,0.01,,0.06614093959731544,True,False,False
statsmodels,granger,granger_algo_to,HRET,,0.0098149958223531,,0.06614093959731544,True,False,False
scipy,normality,shapiro,HRET,0.9921601224300078,0.0099941097337118,,0.06614093959731544,True,False,False
scipy,dist_fit,ks_cauchy,MMBT,0.0724513137546051,0.0100749273056948,,0.06652489688282899,True,False,False
scipy,dist_fit,ks_laplace,CCNS,0.0724316290872775,0.010103831802486,,0.06660418890535086,True,False,False
scipy,dist_fit,ks_laplace,ELLT,0.072379538823856,0.0101806823622367,,0.06699874769939412,True,False,False
scipy,dist_fit,ks_laplace,HRND,0.072174669165428,0.0104880915862927,,0.06890676172194304,True,False,False
sklearn,feat_dep,f_regression,own_lag2,6.51492021546108,0.0107031461402103,,0.0702026656983511,True,False,False
scipy,dist_fit,ks_laplace,SMAH,0.0718679761014053,0.0109639952739326,,0.07179413516585101,True,False,False
scipy,dist_fit,ks_laplace,FWWG,0.0717347708177785,0.0111767052809416,,0.07306562556794659,True,False,False
arch,unitroot,ADF,BENI,-3.365361156683372,0.0121979321882401,,0.0794780970017231,True,False,False
statsmodels,unitroot,adf_price,BENI,-3.365361156683372,0.0121979321882401,,0.0794780970017231,True,False,False
scipy,dist_fit,ks_laplace,LSST,0.0707796631884327,0.0128143133465597,,0.083356473947423,True,False,False
arch,unitroot,PP,BENI,-3.347710996144567,0.012875914374422,,0.08361920010538967,True,False,False
scipy,regime_2samp,ttest_ind,MDGI,2.484067141772156,0.0133174953751434,,0.08620290109821886,True,False,False
scipy,regime_2samp,welch_t,MDGI,2.4843318333146915,0.0133085172639704,,0.08620290109821886,True,False,False
statsmodels,autocorr,ljungbox_lag3,ACAC,10.677263382562607,0.0136053946461833,,0.08790827002958454,True,False,False
scipy,dist_fit,ks_laplace,BLBT,0.0703466565653416,0.0136255588503491,,0.08790827002958454,True,False,False
scipy,dist_fit,ks_cauchy,AGVF,0.0703264393020655,0.0136645409610892,,0.08801571971995692,True,False,False
arch,unitroot,KPSS,HRET,0.6855888623477033,0.0139510454179762,,0.08971455307938365,True,False,False
statsmodels,autocorr,boxpierce_lag3,ACAC,10.592852509167525,0.0141440745652968,,0.09080772302345275,True,False,False
statsmodels,spec,rainbow,ALGO,1.3208003509739683,0.01439206029389,,0.09224959622522665,True,False,False
statsmodels,spec,reset,HTRK,6.011023682590291,0.0145605463942857,,0.0930441448776593,True,False,False
scipy,regime_2samp,ttest_ind,EORC,2.451064405225649,0.014586829410044,,0.0930441448776593,True,False,False
scipy,regime_2samp,welch_t,EORC,2.4515895230312443,0.0145694568825161,,0.0930441448776593,True,False,False
statsmodels,unitroot,kpss_price,HRET,0.6855888623477033,0.0148555579683906,,0.0946051849941773,True,False,False
scipy,trend,linregress_slope,HTRK,0.0007714446857787,0.0152047499139294,r2=0.012,0.09667278090437048,True,False,False
scipy,regime_2samp,brunnermunzel,MDGI,-2.431932706256582,0.0153723911681592,,0.097581265676141,True,False,False
scipy,regime_2samp,mannwhitneyu,MDGI,35009.0,0.0158938298126304,,0.10025221478528829,True,False,False
scipy,regime_2samp,ranksums,MDGI,2.4116549134747176,0.0158803040115691,,0.10025221478528829,True,False,False
scipy,regime_2samp,kruskal,MDGI,5.816079421686936,0.0158803040115674,,0.10025221478528829,True,False,False
scipy,dist_fit,ks_laplace,SPLZ,0.0692480700555122,0.0158948843837659,,0.10025221478528829,True,False,False
arch,unitroot,KPSS,LSST,0.6577952476487748,0.0162381878537549,,0.10225389220367703,True,False,False
scipy,dist_fit,ks_laplace,AETS,0.0690542594272047,0.0163286794035234,,0.10265973558004665,True,False,False
statsmodels,autocorr,ljungbox_lag5,GARI,13.765724347828328,0.0171680858350417,,0.10776527764607385,True,False,False
statsmodels,unitroot,kpss_price,LSST,0.6577952476487747,0.0173822502137477,,0.1089361372696239,True,False,False
statsmodels,autocorr,boxpierce_lag5,GARI,13.62265253456198,0.0181926652207186,,0.11383410523821068,True,False,False
statsmodels,granger,granger_to_algo,MTNS,,0.018482576629739,,0.11546484480892416,True,False,False
statsmodels,spec,reset,SPLZ,5.394683115293529,0.02060193550889,,0.1285013129367791,True,False,False
statsmodels,granger,granger_algo_to,MHRM,,0.0207384038958734,,0.12914816454586564,True,False,False
scipy,regime_2samp,epps_singleton,ACAC,11.5786638265488,0.0207755312017866,,0.1291753059896574,True,False,False
statsmodels,autocorr,ljungbox_lag3,SRNA,9.73941884976702,0.0209161298495201,,0.12984469900284762,True,False,False
arch,unitroot,VarianceRatio_q5,HETT,2.298100975465452,0.0215560427582046,,0.13339704953350479,True,False,False
arch,unitroot,PP,ULXY,-3.174233486348597,0.0215254357756062,,0.13339704953350479,True,False,False
statsmodels,autocorr,boxpierce_lag3,SRNA,9.64916960720134,0.0217962689958185,,0.13467224511209488,True,False,False
statsmodels,granger,granger_algo_to,LSST,,0.0220424245895679,,0.13598002774972873,True,False,False
scipy,regime_2samp,ks_2samp,MDGI,0.1308433734939759,0.023434573900101,,0.14411714557597216,True,False,False
statsmodels,autocorr,ljungbox_lag2,ANSO,7.508080393103876,0.0234229212243538,,0.14411714557597216,True,False,False
arch,unitroot,DFGLS,ULXY,-2.2619952785117974,0.0237822911375752,,0.14602771287277483,True,False,False
scipy,sign,fisher_signtransition,BLBT,,0.0238539979581486,,0.14624021765322207,True,False,False
scipy,regime_2samp,cramervonmises_2s,MDGI,0.5882396117536217,0.0239219558586257,,0.14642911489860638,True,False,False
statsmodels,autocorr,boxpierce_lag2,ANSO,7.462602188008085,0.0239616392011407,,0.14644462283859946,True,False,False
scipy,normality,jarque_bera,DUCT,7.455116912070035,0.0240514869707747,,0.14676619448729702,True,False,False
statsmodels,normality,omni_normtest,EAFC,7.444950680991783,0.0241740547070079,,0.14705883280096474,True,False,False
scipy,normality,normaltest_K2,EAFC,7.444950680991783,0.0241740547070079,,0.14705883280096474,True,False,False
scipy,sign,Gtest_signtransition,BLBT,5.07350376397973,0.0242942307628276,,0.14756218438685115,True,False,False
scipy,sign,chi2_signtransition,BLBT,5.0620010007127325,0.0244559855011866,,0.14831614591642706,True,False,False
arch,unitroot,VarianceRatio_q5,NPCK,2.247962129937767,0.0245786048237028,,0.14883081446242158,True,False,False
statsmodels,hetero,goldfeld_quandt,RCRI,1.2843166318865082,0.0247646799198666,,0.14908415271256054,True,False,False
arch,unitroot,ADF,NAYO,-3.1247966898057062,0.0247717199458973,,0.14908415271256054,True,False,False
arch,unitroot,VarianceRatio_q5,ANSO,-2.246669779477082,0.0246611389888857,,0.14908415271256054,True,False,False
statsmodels,unitroot,adf_price,NAYO,-3.1247966898057067,0.0247717199458972,,0.14908415271256054,True,False,False
statsmodels,unitroot,kpss_price,AETS,0.5754631365251743,0.0248669875886205,,0.14942936749137503,True,False,False
statsmodels,unitroot,range_unitroot_price,EELT,1.073312629199899,0.025,,0.14954476479514417,True,False,False
statsmodels,unitroot,range_unitroot_price,HTRK,1.1627553482998907,0.025,,0.14954476479514417,True,False,False
statsmodels,unitroot,range_unitroot_price,RTTH,1.1627553482998907,0.025,,0.14954476479514417,True,False,False
arch,unitroot,KPSS,AETS,0.575463136525162,0.0257811492839933,,0.15398377345076,True,False,False
statsmodels,autocorr,ljungbox_lag3,GARI,9.249526936745925,0.0261508288798717,,0.15595547268449964,True,False,False
scipy,dist_fit,ks_laplace,ITPA,0.0654674601494279,0.0265125391062992,,0.15787376005593876,True,False,False
scipy,dist_fit,ks_laplace,MTNS,0.065317016039052,0.0270417880207332,,0.16078239574318293,True,False,False
scipy,normality,jarque_bera,AENO,7.214100514427438,0.0271317606611257,,0.16083218124234214,True,False,False
statsmodels,autocorr,boxpierce_lag3,GARI,9.168991564062878,0.0271264169341688,,0.16083218124234214,True,False,False
scipy,regime_2samp,epps_singleton,EORC,10.895992980080498,0.0277581155530144,,0.16429803530027445,True,False,False
scipy,sign,binomtest_updays,AGVF,0.4497991967871486,0.0280096761769067,,0.16553844601104378,True,False,False
scipy,dist_fit,ks_laplace,SRTX,0.0650045633918451,0.0281708779964552,,0.16624191775752456,True,False,False
scipy,regime_2samp,mood_scale,IHOZ,-2.180408315752309,0.0292272082793033,,0.17221772053365264,True,False,False
scipy,normality,kurtosistest,AENO,2.165134579264653,0.0303773805337304,,0.178727812035769,True,False,False
scipy,normality,kurtosistest,DUCT,2.1559371219038974,0.0310885753146817,,0.18236780340844536,True,False,False
scipy,normality,skewtest,HRET,-2.156336354321561,0.0310574105037803,,0.18236780340844536,True,False,False
statsmodels,autocorr,breusch_godfrey,GARI,12.231072721219508,0.0317551254426532,,0.186001046797829,True,False,False
scipy,dist_fit,ks_laplace,DIHO,0.0640249213386922,0.0319851094464859,,0.18707018017514457,True,False,False
statsmodels,hetero,breusch_pagan,MMBT,4.586912886129268,0.0322169916589488,,0.188147231288261,True,False,False
scipy,dist_fit,ks_laplace,ALGO,0.0639389141617252,0.0323407096322383,,0.18859035113947245,True,False,False
statsmodels,spec,harvey_collier,BENI,2.1410982450536187,0.0327538310619153,,0.19071728514929118,True,False,False
scipy,regime_2samp,ttest_ind,ELLT,2.133077162421369,0.0334076458838321,,0.19395131086018577,True,False,False
scipy,regime_2samp,welch_t,ELLT,2.133096153176476,0.0334060801287761,,0.19395131086018577,True,False,False
scipy,regime_2samp,ansari_scale,ACAC,32896.0,0.0338521981754226,,0.19595501498901013,True,False,False
scipy,regime_2samp,brunnermunzel,ELLT,-2.127755765377005,0.0338489085197162,,0.19595501498901013,True,False,False
scipy,regime_2samp,mood_scale,ACAC,-2.120446508752384,0.0339684080413872,,0.19633939076121457,True,False,False
scipy,regime_2samp,kruskal,ELLT,4.480493879518008,0.0342838125608634,,0.19744635332735874,True,False,False
scipy,regime_2samp,mannwhitneyu,ELLT,34534.0,0.0343101856999596,,0.19744635332735874,True,False,False
scipy,regime_2samp,ranksums,ELLT,2.116717713706311,0.0342838125608622,,0.19744635332735874,True,False,False
scipy,normality,kurtosistest,ANSO,2.111479333595025,0.0347311324260286,,0.19957744026735386,True,False,False
scipy,regime_2samp,brunnermunzel,EORC,-2.115528318423488,0.0348916025663393,,0.2002077107955015,True,False,False
statsmodels,autocorr,ljungbox_lag2,ULXY,6.707438498956056,0.0349541089923324,,0.20027485123223013,True,False,False
scipy,regime_2samp,ranksums,EORC,2.10554114613614,0.0352442295837432,,0.2009235956757928,True,False,False
scipy,regime_2samp,mannwhitneyu,EORC,34516.0,0.0352712146645481,,0.2009235956757928,True,False,False
scipy,dist_fit,ks_laplace,RRES,0.0632902597231609,0.0351362731018299,,0.2009235956757928,True,False,False
scipy,regime_2samp,kruskal,EORC,4.43330437439785,0.0352442119027971,,0.2009235956757928,True,False,False
scipy,dist_fit,ks_laplace,BENI,0.0632463519595664,0.0353329353804258,,0.20098474930683766,True,False,False
scipy,regime_2samp,ks_2samp,ELLT,0.1257349397590362,0.035567253494383,,0.2020260998196798,True,False,False
scipy,normality,jarque_bera,ANSO,6.664468919201456,0.0357132161079627,,0.20256330632746614,True,False,False
statsmodels,autocorr,boxpierce_lag2,ULXY,6.6549333349753335,0.0358838958575142,,0.2032389618826451,True,False,False
statsmodels,spec,rainbow,ULXY,1.2563057078585234,0.0364052021419271,,0.2058957056577857,True,False,False
statsmodels,autocorr,ljungbox_lag10,ANSO,19.262002686862186,0.0370583118897376,,0.2092892055434751,True,False,False
scipy,regime_2samp,cramervonmises_2s,EORC,0.5093937594063647,0.037705575093941,,0.21264002434952137,True,False,False
scipy,regime_2samp,ansari_scale,IHOZ,32860.0,0.037790315749517,,0.2128134638351372,True,False,False
scipy,dist_fit,ks_laplace,EAFC,0.0625929614424736,0.0383754131344242,,0.21580011209115577,True,False,False
arch,unitroot,PP,NAYO,-2.960636784043313,0.0387375526208755,,0.21752625702491626,True,False,False
statsmodels,autocorr,ljungbox_lag20,FARS,32.426860371719336,0.0389569142772656,,0.2184468792048094,True,False,False
arch,unitroot,PP,FARS,-2.956182892438872,0.0391939573534341,,0.21946389188528018,True,False,False
statsmodels,granger,granger_algo_to,ANSO,,0.0400392790060487,,0.22387920261254465,True,False,False
scipy,regime_2samp,cramervonmises_2s,ACAC,0.4981472020345876,0.0402671778289792,,0.22483458215557509,True,False,False
arch,unitroot,VarianceRatio_q5,ULXY,-2.047615809313792,0.0405976590410324,,0.22635922480869836,True,False,False
statsmodels,autocorr,boxpierce_lag10,ANSO,18.96601596265321,0.0406964604009894,,0.22658961426652574,True,False,False
statsmodels,autocorr,breusch_godfrey,MDGI,11.566337690482024,0.0412381830983493,,0.2292819714720634,True,False,False
scipy,regime_2samp,brunnermunzel,HRND,-2.0457622666112774,0.0413072228859496,,0.22934235579776527,True,False,False
scipy,regime_2samp,mannwhitneyu,HRND,34406.0,0.0416570148625449,,0.23031129395252736,True,False,False
scipy,regime_2samp,ranksums,HRND,2.0372398998739825,0.0416260072378555,,0.23031129395252736,True,False,False
scipy,regime_2samp,kruskal,HRND,4.150350417993049,0.0416259087013393,,0.23031129395252736,True,False,False
scipy,dist_fit,ks_laplace,EELT,0.0619099252182213,0.0417980782722285,,0.23044478957919545,True,False,False
scipy,regime_2samp,cramervonmises_2s,ELLT,0.4919994205278044,0.0417444174884396,,0.23044478957919545,True,False,False
scipy,regime_2samp,ansari_scale,MMBT,29549.0,0.0418923034688862,,0.23064170429378408,True,False,False
statsmodels,spec,rainbow,MTNS,1.2451913064455138,0.0423271238692809,,0.2327106308126992,True,False,False
statsmodels,granger,granger_to_algo,ULXY,,0.0424806882790423,,0.233229628406664,True,False,False
arch,unitroot,PP,EELT,-2.91072554884638,0.0441149027465888,,0.24186501617114475,True,False,False
scipy,regime_2samp,cramervonmises_2s,HRND,0.4815658948418928,0.0443839837902226,,0.24300231125146873,True,False,False
statsmodels,spec,harvey_collier,FARS,2.012466320033863,0.04471191366539,,0.24445820203740276,True,False,False
scipy,regime_2samp,epps_singleton,IHOZ,9.753135566324294,0.0447978602927929,,0.24458887157089976,True,False,False
statsmodels,normality,omni_normtest,DUCT,6.176152148759437,0.0455895810470155,,0.24822393437477225,True,False,False
scipy,normality,normaltest_K2,DUCT,6.176152148759437,0.0455895810470155,,0.24822393437477225,True,False,False
scipy,dist_fit,ks_laplace,MSDP,0.0611104915190134,0.0461387685096942,,0.25030036513952797,True,False,False
scipy,dist_fit,ks_laplace,RCRI,0.0611067623240136,0.0461598999021519,,0.25030036513952797,True,False,False
arch,unitroot,ADF,EELT,-2.892518574960883,0.0462249279100904,,0.25030036513952797,True,False,False
statsmodels,unitroot,adf_price,EELT,-2.892518574960883,0.0462249279100904,,0.25030036513952797,True,False,False
scipy,normality,skewtest,CCNS,1.9907845644475803,0.0465045770446084,,0.25146919438936394,True,False,False
statsmodels,autocorr,ljungbox_lag3,ANSO,7.969112409961999,0.0466543908885209,,0.25193371079801286,True,False,False
statsmodels,granger,granger_algo_to,ELLT,,0.0470590156277223,,0.25377105281050794,True,False,False
statsmodels,autocorr,boxpierce_lag20,FARS,31.60904435609232,0.0476464785365767,,0.25658800326664666,True,False,False
statsmodels,autocorr,boxpierce_lag3,ANSO,7.919033086933493,0.0477150234400576,,0.2566065789914148,True,False,False
scipy,regime_2samp,mood_scale,MMBT,1.9763444358457152,0.0481157800672425,,0.25840927115132145,True,False,False
scipy,regime_2samp,ks_2samp,ACAC,0.1194698795180723,0.048250344636838,,0.25877939939920463,True,False,False
arch,unitroot,ZivotAndrews,RTTH,-4.819300797516494,0.0490312488757134,,0.2618986220434448,True,False,False
statsmodels,hetero,breusch_pagan,IHOZ,3.875542290594996,0.048994479630429,,0.2618986220434448,True,False,False
statsmodels,unitroot,zivot_andrews_price,RTTH,-4.819300797516494,0.0490312488757134,break_at=80,0.2618986220434448,True,False,False
scipy,dist_fit,ks_laplace,DUCT,0.0605747265054931,0.0492619415164551,,0.26277479493621925,True,False,False
statsmodels,unitroot,range_unitroot_price,ULXY,1.2074767078498865,0.05,,0.2663513513513514,False,False,False
statsmodels,granger,granger_algo_to,HTRK,,0.0505244896450776,,0.2687821028082266,False,False,False
scipy,dist_fit,ks_laplace,HRET,0.0603484842870671,0.0506347115915397,,0.26900543543645483,False,False,False
statsmodels,spec,rainbow,AMRP,1.2302518569831724,0.05159658004015,,0.2737465928913477,False,False,False
statsmodels,normality,omni_normtest,AENO,5.902546275396489,0.0522731126958595,,0.2765914231504405,False,False,False
scipy,normality,normaltest_K2,AENO,5.902546275396489,0.0522731126958595,,0.2765914231504405,False,False,False
statsmodels,autocorr,ljungbox_lag5,ACAC,10.928681502652545,0.0528124993165501,,0.27832469559604345,False,False,False
statsmodels,autocorr,ljungbox_lag2,GARI,5.883478950979599,0.052773850032505,,0.27832469559604345,False,False,False
statsmodels,autocorr,ljungbox_lag3,ULXY,7.693804558053018,0.0527824094655851,,0.27832469559604345,False,False,False
statsmodels,autocorr,breusch_godfrey,ACAC,10.917823818093268,0.0530338597907833,,0.2791181245597701,False,False,False
statsmodels,hetero,breusch_pagan,AMRP,3.739312722061716,0.0531463011885434,,0.27933695904698413,False,False,False
scipy,normality,skewtest,ILVX,1.9316338111539284,0.0534047195520015,,0.28032144403993337,False,False,False
statsmodels,autocorr,boxpierce_lag2,GARI,5.836536871567675,0.0540271578451017,,0.28321151093801983,False,False,False
statsmodels,autocorr,boxpierce_lag3,ULXY,7.631455421426618,0.0542752835299939,,0.2841343528223585,False,False,False
statsmodels,autocorr,boxpierce_lag5,ACAC,10.841233668340248,0.0546203221808592,,0.28556141914714456,False,False,False
arch,unitroot,DFGLS,RTTH,-1.9155864724348284,0.0549905208066201,,0.2871160702247635,False,False,False
scipy,regime_2samp,ttest_ind,HRND,1.9221747600776944,0.0551551015451464,,0.28721454463800145,False,False,False
scipy,regime_2samp,welch_t,HRND,1.9223646026048051,0.0551323297709887,,0.28721454463800145,False,False,False
statsmodels,spec,rainbow,CTGI,1.2250108660612269,0.0552384754944674,,0.28726922216252043,False,False,False
scipy,dist_fit,ks_laplace,EORC,0.059553091577145,0.0557262851011606,,0.2894242633317195,False,False,False
statsmodels,hetero,arch_lm,HETT,10.748387589571225,0.0566033549946334,,0.2935926649853222,False,False,False
scipy,regime_2samp,mannwhitneyu,ACAC,34189.0,0.0571463578018785,,0.2952436991546593,False,False,False
scipy,regime_2samp,kruskal,ACAC,3.6195068915662887,0.0571057968319959,,0.2952436991546593,False,False,False
scipy,regime_2samp,ranksums,ACAC,1.9025001686113632,0.0571057968319969,,0.2952436991546593,False,False,False
scipy,regime_2samp,brunnermunzel,ACAC,-1.9058061112738616,0.0572680985836794,,0.29548539871317303,False,False,False
arch,unitroot,DFGLS,HTRK,-1.893185698186136,0.0578340764107985,,0.2980155937403499,False,False,False
arch,unitroot,ZivotAndrews,NAYO,-4.757727217615324,0.0598545868484617,,0.3072223715581198,False,False,False
statsmodels,hetero,breusch_pagan,ILVX,3.544681273288022,0.05973664286022,,0.3072223715581198,False,False,False
statsmodels,unitroot,zivot_andrews_price,NAYO,-4.757727217615324,0.0598545868484617,break_at=192,0.3072223715581198,False,False,False
statsmodels,unitroot,zivot_andrews_price,CTGI,-4.754482151976662,0.0604586121702289,break_at=361,0.3095166872403147,False,False,False
arch,unitroot,ZivotAndrews,CTGI,-4.754482151976662,0.0604586121702289,,0.3095166872403147,False,False,False
scipy,dist_fit,ks_laplace,CTGI,0.0585821476977088,0.0625328806421718,,0.3190750773878879,False,False,False
scipy,dist_fit,ks_hypsecant,GARI,0.0585901231731343,0.0624741964881323,,0.3190750773878879,False,False,False
scipy,dist_fit,ks_laplace,OTCS,0.0585773096968783,0.062568501983977,,0.3190750773878879,False,False,False
scipy,regime_2samp,fligner_var,CCNS,3.461668378605553,0.0628069128248388,,0.3198770676427837,False,False,False
scipy,normality,shapiro,ILVX,0.9943697712612156,0.0629102868067949,,0.3199901297966265,False,False,False
scipy,normality,normaltest_K2,ANSO,5.510814939766636,0.0635831061887892,,0.3210680734084949,False,False,False
scipy,regime_2samp,ranksums,NGTE,1.854068375807288,0.0637293783618214,,0.3210680734084949,False,False,False
scipy,regime_2samp,mannwhitneyu,NGTE,34111.0,0.0637737954030572,,0.3210680734084949,False,False,False
arch,unitroot,ZivotAndrews,HRND,-4.736872913887546,0.0637363349922667,,0.3210680734084949,False,False,False
statsmodels,unitroot,zivot_andrews_price,HRND,-4.736872913887546,0.0637363349922667,break_at=90,0.3210680734084949,False,False,False
scipy,regime_2samp,kruskal,NGTE,3.4375697081668366,0.063729371958153,,0.3210680734084949,False,False,False
scipy,regime_2samp,brunnermunzel,NGTE,-1.861679450112178,0.0632390574293877,,0.3210680734084949,False,False,False
statsmodels,normality,omni_normtest,ANSO,5.510814939766636,0.0635831061887892,,0.3210680734084949,False,False,False
statsmodels,spec,reset,RTTH,3.442437664332135,0.0641349289281018,,0.3224743492787976,False,False,False
scipy,regime_2samp,ks_2samp,ILVX,0.1148433734939759,0.0643612950292194,,0.32320028663080624,False,False,False
arch,unitroot,ADF,ULXY,-2.754394278529504,0.065089286563196,,0.3260253718324252,False,False,False
statsmodels,unitroot,adf_price,ULXY,-2.754394278529504,0.065089286563196,,0.3260253718324252,False,False,False
scipy,sign,binomtest_updays,SPLZ,0.4578313253012048,0.066064555451489,,0.3301818070307907,False,False,False
scipy,dist_fit,ks_hypsecant,NAYO,0.0581088080275603,0.066101175129561,,0.3301818070307907,False,False,False
statsmodels,autocorr,ljungbox_lag10,SRNA,17.389858125642427,0.0661703773603056,,0.3301818070307907,False,False,False
scipy,regime_2samp,welch_t,NGTE,1.8367909893811287,0.0668378422427986,,0.3327167379909373,False,False,False
scipy,regime_2samp,ttest_ind,NGTE,1.836727037491168,0.0668471985004623,,0.3327167379909373,False,False,False
statsmodels,autocorr,ljungbox_lag1,HRET,3.312360913302485,0.0687606401813233,,0.3418088822128329,False,False,False
statsmodels,hetero,breusch_pagan,MDGI,3.308047547069817,0.0689413565318991,,0.3422756013208391,False,False,False
statsmodels,hetero,white,AMRP,5.344194230023928,0.0691071476035248,,0.34266713943785504,False,False,False
scipy,dist_fit,ks_laplace,RTTH,0.0576809433741399,0.069474646179136,,0.34405660205798255,False,False,False
statsmodels,autocorr,ljungbox_lag5,SRNA,10.203816651669356,0.0696619270011711,,0.3441194439080407,False,False,False
statsmodels,autocorr,boxpierce_lag1,HRET,3.292526416815644,0.0695958591591388,,0.3441194439080407,False,False,False
statsmodels,autocorr,ljungbox_lag2,AMRP,5.324688315677121,0.0697844441076725,,0.34429321485913017,False,False,False
statsmodels,spec,reset,ILVX,3.280625189214657,0.0707070023979102,,0.3484087543157025,False,False,False
scipy,normality,shapiro,AGVF,0.9945109233514045,0.0708127267281159,,0.3484940933361209,False,False,False
statsmodels,autocorr,boxpierce_lag10,SRNA,17.157570329507454,0.0709492556690837,,0.3487306307325785,False,False,False
statsmodels,hetero,white,ILVX,5.28639199855899,0.0711335630590246,,0.3489444759288376,False,False,False
statsmodels,autocorr,boxpierce_lag2,AMRP,5.285373365460201,0.0711698017876168,,0.3489444759288376,False,False,False
scipy,regime_2samp,levene_var,EORC,3.257085329903577,0.0717205842955841,,0.3510040415215224,False,False,False
statsmodels,autocorr,ljungbox_lag2,NPCK,5.268634572964531,0.0717679496363133,,0.3510040415215224,False,False,False
statsmodels,autocorr,ljungbox_lag10,NAYO,17.109657661860062,0.0719724789762758,,0.35156816867965207,False,False,False
statsmodels,autocorr,boxpierce_lag5,SRNA,10.107720943378787,0.0722399283871259,,0.3524378684431316,False,False,False
scipy,regime_2samp,fligner_var,MMBT,3.2205561620096788,0.0727189190163559,,0.353898739212932,False,False,False
statsmodels,model,ar1_coef,HRET,-0.0822753910619814,0.0726687712055167,,0.353898739212932,False,False,False
statsmodels,autocorr,boxpierce_lag2,NPCK,5.231420769305669,0.0731158298793687,,0.35539161699688215,False,False,False
scipy,regime_2samp,ttest_ind,ILVX,1.7944337424118566,0.0733515712286938,,0.3556603859575781,False,False,False
scipy,regime_2samp,welch_t,ILVX,1.794589833191705,0.0733275824816302,,0.3556603859575781,False,False,False
scipy,regime_2samp,fligner_var,ACAC,3.1935485322090904,0.0739293701592169,,0.3580215935720307,False,False,False
statsmodels,granger,granger_to_algo,HRND,,0.0742056204059864,,0.35857669530456726,False,False,False
statsmodels,hetero,white,MMBT,5.201283681335322,0.0742259217068815,,0.35857669530456726,False,False,False
scipy,regime_2samp,mood_scale,EORC,-1.781840459897921,0.0747752522186659,,0.36061339898220235,False,False,False
scipy,regime_2samp,levene_var,ACAC,3.1871176581422755,0.0748304820820501,,0.36061339898220235,False,False,False
statsmodels,spec,rainbow,BLBT,1.2002969541790158,0.0754996107653753,,0.36339373093664157,False,False,False
statsmodels,autocorr,breusch_godfrey,EAFC,9.952516287751855,0.0765919105656739,,0.3682015993291299,False,False,False
scipy,regime_2samp,fligner_var,IHOZ,3.1308555849310733,0.0768234123170939,,0.36886466669181994,False,False,False
scipy,dist_fit,ks_laplace,AMRP,0.0566658104224649,0.0780683911532535,,0.3743863721729018,False,False,False
statsmodels,autocorr,ljungbox_lag20,AENO,29.44293284642757,0.0793970647609924,,0.38017096703388026,False,False,False
statsmodels,autocorr,boxpierce_lag10,NAYO,16.776098930763425,0.0794674979289491,,0.38017096703388026,False,False,False
scipy,regime_2samp,welch_t,ACAC,1.7555038235455154,0.0797927482336042,,0.3810159591644541,False,False,False
scipy,regime_2samp,ttest_ind,ACAC,1.7552219113347187,0.0798374384246167,,0.3810159591644541,False,False,False
scipy,normality,shapiro,EAFC,0.994657184641798,0.0800330396902557,,0.3814875966855961,False,False,False
arch,unitroot,VarianceRatio_q5,ACAC,-1.7459577788867102,0.0808182886772563,,0.3841756840594403,False,False,False
scipy,regime_2samp,fligner_var,EORC,3.046941328735824,0.0808893500175889,,0.3841756840594403,False,False,False
scipy,regime_2samp,bartlett_var,BLBT,3.0483855233754227,0.0808174447664844,,0.3841756840594403,False,False,False
scipy,regime_2samp,levene_var,MMBT,3.0463562108351607,0.081536495390624,,0.38678323084216587,False,False,False
scipy,normality,kurtosistest,GARI,-1.7283575260419106,0.083924145425939,,0.39763098710222544,False,False,False
scipy,regime_2samp,levene_var,CCNS,2.978285654177145,0.0850101525499418,,0.4022929427993645,False,False,False
scipy,regime_2samp,ttest_ind,SRNA,1.7201057905817771,0.0860357105538558,,0.40621028404519494,False,False,False
scipy,regime_2samp,welch_t,SRNA,1.720061015118733,0.0860440353063769,,0.40621028404519494,False,False,False
statsmodels,hetero,goldfeld_quandt,ITPA,1.1897436008958322,0.086195722155438,,0.40643963724490023,False,False,False
scipy,regime_2samp,brunnermunzel,ILVX,-1.7183777819912005,0.086355250164895,,0.4065585424878038,False,False,False
scipy,regime_2samp,kruskal,ILVX,2.9369060240965155,0.0865764208537328,,0.4065585424878038,False,False,False
scipy,regime_2samp,ranksums,ILVX,1.713740360759583,0.0865764208537394,,0.4065585424878038,False,False,False
scipy,regime_2samp,mannwhitneyu,ILVX,33885.0,0.0866334793733524,,0.4065585424878038,False,False,False
statsmodels,autocorr,ljungbox_lag20,MSDP,29.03291393372639,0.0871133013038523,,0.4083241780496858,False,False,False
statsmodels,unitroot,adf_price,RTTH,-2.627748678420663,0.0873967164017202,,0.4086807307895386,False,False,False
arch,unitroot,ADF,RTTH,-2.627748678420663,0.0873967164017202,,0.4086807307895386,False,False,False
scipy,dist_fit,ks_laplace,ALUT,0.0556329625373901,0.0877171698417694,,0.4096932269149941,False,False,False
scipy,sign,fisher_signtransition,MDGI,,0.0884983144611193,,0.41240126466123717,False,False,False
scipy,regime_2samp,ansari_scale,EORC,32559.0,0.0885062074843751,,0.41240126466123717,False,False,False
statsmodels,granger,granger_algo_to,SRNA,,0.088710006756915,,0.4128628649772833,False,False,False
scipy,sign,binomtest_updays,NWIG,0.4609218436873747,0.0888205970385192,,0.4128900867050032,False,False,False
statsmodels,spec,reset,DUCT,2.9038264575557804,0.0889958569543559,,0.4132175125018504,False,False,False
statsmodels,autocorr,ljungbox_lag5,SPLZ,9.54400803485364,0.0892359605145529,,0.4138448898216089,False,False,False
scipy,dist_fit,ks_hypsecant,ACAC,0.0553756018084267,0.0902714028649089,,0.4181549589817519,False,False,False
scipy,regime_2samp,mood_scale,CCNS,1.6897622862601518,0.0910734416484641,,0.42103905142276377,False,False,False
scipy,dist_fit,ks_laplace,ANSO,0.0552926693895694,0.0911076384737741,,0.42103905142276377,False,False,False
scipy,regime_2samp,cramervonmises_2s,NGTE,0.3619977786899113,0.0913218772739461,,0.42144903715617854,False,False,False
statsmodels,autocorr,ljungbox_lag5,EAFC,9.47921241647734,0.0914101792918652,,0.42144903715617854,False,False,False
statsmodels,autocorr,ljungbox_lag20,SRNA,28.80850233951597,0.0915990331181457,,0.4218263884950121,False,False,False
scipy,regime_2samp,bartlett_var,EORC,2.838174461034338,0.0920487368858432,,0.4229092317062866,False,False,False
statsmodels,granger,granger_to_algo,GARI,,0.0920399539874914,,0.4229092317062866,False,False,False
statsmodels,autocorr,ljungbox_lag10,ITPA,16.26201417278637,0.0923735873953268,,0.4233424452744063,False,False,False
scipy,regime_2samp,ansari_scale,CCNS,29832.5,0.0924652068445621,,0.4233424452744063,False,False,False
statsmodels,autocorr,ljungbox_lag10,ACAC,16.26125886133804,0.0923938293450803,,0.4233424452744063,False,False,False
scipy,normality,jarque_bera,EAFC,4.75901675267161,0.092596088750667,,0.4234498629409853,False,False,False
statsmodels,autocorr,ljungbox_lag20,ITPA,28.739203043879414,0.093022958893925,,0.42490904282717545,False,False,False
statsmodels,autocorr,boxpierce_lag5,SPLZ,9.422730220106097,0.0933451235738797,,0.42588712630582615,False,False,False
statsmodels,autocorr,boxpierce_lag5,EAFC,9.36932858917958,0.095209111620157,,0.4289784210247588,False,False,False
arch,unitroot,ZivotAndrews,GARI,-4.588164442355253,0.0950116985035277,,0.4289784210247588,False,False,False
scipy,dist_fit,ks_laplace,FARS,0.0549449540790931,0.0946846592872068,,0.4289784210247588,False,False,False
statsmodels,autocorr,boxpierce_lag20,AENO,28.6525043793108,0.0948305472831243,,0.4289784210247588,False,False,False
statsmodels,autocorr,breusch_godfrey,ITPA,9.387215263053536,0.0945809992761998,,0.4289784210247588,False,False,False
statsmodels,unitroot,zivot_andrews_price,GARI,-4.588164442355253,0.0950116985035277,break_at=206,0.4289784210247588,False,False,False
statsmodels,granger,granger_to_algo,BLBT,,0.094494819254342,,0.4289784210247588,False,False,False
arch,unitroot,ADF,FARS,-2.593032496332056,0.0944458765081278,,0.4289784210247588,False,False,False
scipy,normality,jarque_bera,HRET,4.716746470419184,0.0945739476937996,,0.4289784210247588,False,False,False
statsmodels,autocorr,breusch_godfrey,FARS,9.364311553932614,0.0953859779402384,,0.4289784210247588,False,False,False
statsmodels,unitroot,adf_price,LSST,-2.588310675230198,0.0954373605374717,,0.4289784210247588,False,False,False
statsmodels,unitroot,adf_price,FARS,-2.593032496332056,0.0944458765081278,,0.4289784210247588,False,False,False
arch,unitroot,ADF,LSST,-2.588310675230198,0.0954373605374717,,0.4289784210247588,False,False,False
statsmodels,granger,granger_to_algo,CUBO,,0.0959365023584643,,0.43073085683037166,False,False,False
statsmodels,autocorr,breusch_godfrey,ANSO,9.345183571172337,0.0960630721797251,,0.43080845339303336,False,False,False
scipy,dist_fit,ks_laplace,HETT,0.0547951677099775,0.0962612812753543,,0.43120678498573484,False,False,False
statsmodels,normality,omni_normtest,HRET,4.669191102974328,0.0968496453012741,,0.4318793006534192,False,False,False
scipy,sign,Gtest_signtransition,MDGI,2.757400919140686,0.0968053942125709,,0.4318793006534192,False,False,False
scipy,regime_2samp,levene_var,IHOZ,2.7710800423695554,0.0966116331097526,,0.4318793006534192,False,False,False
scipy,normality,normaltest_K2,HRET,4.669191102974328,0.0968496453012741,,0.4318793006534192,False,False,False
scipy,sign,chi2_signtransition,MDGI,2.7548490609615057,0.0969599667268119,,0.431882699250952,False,False,False
statsmodels,autocorr,boxpierce_lag10,ACAC,16.066283948418864,0.0977506028766021,,0.4343123573779621,False,False,False
statsmodels,autocorr,breusch_godfrey,SPLZ,9.29567946149746,0.0978359648279123,,0.4343123573779621,False,False,False
statsmodels,hetero,goldfeld_quandt,MDGI,1.1791136066296333,0.0978064075013947,,0.4343123573779621,False,False,False
statsmodels,unitroot,range_unitroot_price,MTNS,1.296919426949878,0.1,,0.4409395973154363,False,False,False
statsmodels,unitroot,range_unitroot_price,RCRI,1.3416407864998738,0.1,,0.4409395973154363,False,False,False
statsmodels,autocorr,ljungbox_lag1,ILVX,2.713087259408244,0.0995282075828622,,0.4409395973154363,False,False,False
statsmodels,unitroot,kpss_price,HETT,0.2209026006296008,0.1,,0.4409395973154363,False,False,False
statsmodels,unitroot,kpss_price,ULXY,0.2270740359029356,0.1,,0.4409395973154363,False,False,False
statsmodels,autocorr,boxpierce_lag10,ITPA,15.988383242881534,0.0999654266865051,,0.4409395973154363,False,False,False
statsmodels,autocorr,ljungbox_lag10,GARI,15.983278813881018,0.1001120650954521,,0.44094051464387957,False,False,False
statsmodels,autocorr,ljungbox_lag10,EAFC,15.97775687510197,0.1002709082223679,,0.4411472323801052,False,False,False
statsmodels,autocorr,boxpierce_lag1,ILVX,2.6968412279147813,0.1005472766901564,,0.44186997180891474,False,False,False
statsmodels,normality,omni_normtest,CCNS,4.581448604552397,0.101193140881539,,0.4437189781479719,False,False,False
scipy,normality,normaltest_K2,CCNS,4.581448604552397,0.101193140881539,,0.4437189781479719,False,False,False
statsmodels,autocorr,ljungbox_lag2,HETT,4.578045135876149,0.1013654913299054,,0.44398085202498566,False,False,False
arch,unitroot,DFGLS,RCRI,-1.619602630089898,0.1030663063527232,,0.45044910910117997,False,False,False
statsmodels,autocorr,boxpierce_lag2,HETT,4.544678282668087,0.1030708007126495,,0.45044910910117997,False,False,False
scipy,normality,shapiro,ITPA,0.9949643740776456,0.1033810679850858,,0.4509117161057944,False,False,False
statsmodels,model,ar1_coef,BLBT,-0.0710625769701767,0.103405426524515,,0.4509117161057944,False,False,False
scipy,regime_2samp,cramervonmises_2s,ILVX,0.3409092240706286,0.1042013535940608,,0.45388037112462726,False,False,False
statsmodels,spec,harvey_collier,AMRP,1.625233135819566,0.104749379046068,,0.4542596833878989,False,False,False
arch,unitroot,ZivotAndrews,HUXZ,-4.550136389124818,0.1047253802059325,,0.4542596833878989,False,False,False
statsmodels,unitroot,zivot_andrews_price,HUXZ,-4.550136389124818,0.1047253802059325,break_at=179,0.4542596833878989,False,False,False
statsmodels,autocorr,boxpierce_lag20,SRNA,28.20446500515036,0.1046469260928855,,0.4542596833878989,False,False,False
statsmodels,autocorr,boxpierce_lag20,MSDP,28.167383915038855,0.1054958814570887,,0.45699424692730073,False,False,False
statsmodels,autocorr,boxpierce_lag10,GARI,15.79490244458613,0.1056560058270459,,0.45718548295303507,False,False,False
statsmodels,hetero,goldfeld_quandt,EELT,1.172309099690423,0.1058796986136038,,0.4576510657180112,False,False,False
scipy,sign,binomtest_updays,FARS,0.4627766599597585,0.1062552242807277,,0.4582692495783683,False,False,False
scipy,sign,binomtest_updays,GARI,0.4627766599597585,0.1062552242807277,,0.4582692495783683,False,False,False
scipy,sign,fisher_signtransition,ILVX,,0.106679779248363,,0.45959747518802946,False,False,False
statsmodels,autocorr,boxpierce_lag10,EAFC,15.743327682466028,0.1072194688717049,,0.4614182819784506,False,False,False
arch,unitroot,VarianceRatio_q5,BLBT,-1.6092292523727127,0.107566222274595,,0.4620192362897908,False,False,False
statsmodels,autocorr,ljungbox_lag1,ALUT,2.589216889652948,0.1075935207798143,,0.4620192362897908,False,False,False
statsmodels,hetero,arch_lm,CTGI,9.021131595301638,0.1082242524276403,,0.4642219837538173,False,False,False
scipy,regime_2samp,bartlett_var,AMRP,2.5743806813486136,0.1086066002729141,,0.46504671016696314,False,False,False
statsmodels,autocorr,boxpierce_lag1,ALUT,2.573712596900535,0.1086524657696025,,0.46504671016696314,False,False,False
statsmodels,autocorr,boxpierce_lag20,ITPA,28.022697796643254,0.1088631533817419,,0.46544311348245837,False,False,False
arch,unitroot,ZivotAndrews,MTNS,-4.5348517498182055,0.1092272178904908,,0.46598884515618477,False,False,False
statsmodels,unitroot,zivot_andrews_price,MTNS,-4.5348517498182055,0.1092272178904908,break_at=294,0.46598884515618477,False,False,False
scipy,regime_2samp,mood_scale,AMRP,1.5984939872204629,0.1099330825079324,,0.46688296566186643,False,False,False
arch,unitroot,ZivotAndrews,MHRM,-4.533229284011905,0.1097050883565313,,0.46688296566186643,False,False,False
statsmodels,autocorr,ljungbox_lag3,DIHO,6.034869205461362,0.1099260315219403,,0.46688296566186643,False,False,False
statsmodels,unitroot,zivot_andrews_price,MHRM,-4.533229284011905,0.1097050883565313,break_at=130,0.46688296566186643,False,False,False
arch,unitroot,PP,RCRI,-2.5227827067423214,0.1100289891171674,,0.46688296566186643,False,False,False
statsmodels,hetero,goldfeld_quandt,HTRK,1.1686191121610092,0.1104752844943207,,0.4682726575017336,False,False,False
statsmodels,autocorr,breusch_godfrey,SRNA,8.953534949243098,0.1109319069101837,,0.4688180900066699,False,False,False
statsmodels,autocorr,ljungbox_lag5,FARS,8.956902936009463,0.110795551481479,,0.4688180900066699,False,False,False
statsmodels,hetero,breusch_pagan,AETS,2.5404842538018118,0.1109607503744858,,0.4688180900066699,False,False,False
statsmodels,autocorr,ljungbox_lag1,BLBT,2.533324988057532,0.1114651156319052,,0.47044484563273054,False,False,False
scipy,regime_2samp,epps_singleton,SPLZ,7.494198324878115,0.1119653944459563,,0.47205089294755054,False,False,False
scipy,trend,linregress_slope,HRET,0.0036072729890919,0.1122312660612753,r2=0.005,0.47266629360421714,False,False,False
scipy,normality,jarque_bera,CCNS,4.368619729488561,0.1125553852957534,,0.4730206064348187,False,False,False
statsmodels,autocorr,boxpierce_lag1,BLBT,2.5181553773506007,0.1125421635055756,,0.4730206064348187,False,False,False
statsmodels,autocorr,boxpierce_lag3,DIHO,5.977229827773013,0.1127233140314949,,0.47322183590218625,False,False,False
scipy,regime_2samp,brunnermunzel,SRNA,-1.587029885933322,0.1131418744949892,,0.4744736907013271,False,False,False
scipy,regime_2samp,ranksums,SRNA,1.582726152020354,0.1134838948950489,,0.47468997493372117,False,False,False
scipy,regime_2samp,kruskal,SRNA,2.505022072289421,0.1134838948950295,,0.47468997493372117,False,False,False
scipy,regime_2samp,mannwhitneyu,SRNA,33674.0,0.1135547048103752,,0.47468997493372117,False,False,False
statsmodels,hetero,arch_lm,ANSO,8.878049546183465,0.1140283379692858,,0.47616494520648794,False,False,False
scipy,dist_fit,ks_laplace,CUBO,0.0531714155367829,0.1147991641620017,,0.4773610813571843,False,False,False
statsmodels,autocorr,boxpierce_lag5,FARS,8.862978065401009,0.1146559057985059,,0.4773610813571843,False,False,False
scipy,regime_2samp,mood_scale,RCRI,-1.5771805854538314,0.1147539788856688,,0.4773610813571843,False,False,False
scipy,regime_2samp,ks_2samp,HRND,0.1056224899598394,0.1147122609592176,,0.4773610813571843,False,False,False
statsmodels,granger,granger_to_algo,ILVX,,0.1151484636856205,,0.47830900300180823,False,False,False
scipy,dist_fit,ks_laplace,ACIX,0.0530741479024673,0.1159971059427287,,0.4813269385539332,False,False,False
statsmodels,autocorr,ljungbox_lag5,ITPA,8.821896031134735,0.1163825015005949,,0.4816359883864752,False,False,False
scipy,dist_fit,ks_hypsecant,NPCK,0.0530385468987181,0.116438127075675,,0.4816359883864752,False,False,False
scipy,normality,shapiro,GARI,0.9951064954341166,0.1162966483395517,,0.4816359883864752,False,False,False
statsmodels,hetero,arch_lm,SRTX,8.793285068567528,0.1175988675555478,,0.48541857162719315,False,False,False
statsmodels,spec,reset,HRET,2.459168812570396,0.1174783084017572,,0.48541857162719315,False,False,False
statsmodels,autocorr,ljungbox_lag10,SPLZ,15.405761551583442,0.1179538642844205,,0.4863052817509217,False,False,False
scipy,normality,shapiro,CCNS,0.9951247165051388,0.1180604146716469,,0.4863052817509217,False,False,False
scipy,normality,shapiro,AETS,0.9951273777041894,0.1183201442886836,,0.4863587161480613,False,False,False
statsmodels,hetero,breusch_pagan,SRNA,2.4406933456031834,0.1182239596577169,,0.4863587161480613,False,False,False
scipy,normality,shapiro,DUCT,0.9951289312230268,0.1184720180402129,,0.48647572407762424,False,False,False
statsmodels,autocorr,ljungbox_lag1,NPCK,2.430422658767802,0.1190008088613677,,0.4881385936852357,False,False,False
statsmodels,model,ar1_coef,NPCK,0.0696488134529368,0.1196486486241741,,0.48977671119054444,False,False,False
scipy,normality,shapiro,ANSO,0.9951408671517786,0.1196451150692485,,0.48977671119054444,False,False,False
statsmodels,autocorr,boxpierce_lag1,NPCK,2.415869229673384,0.1201112828658295,,0.4911604533787344,False,False,False
statsmodels,granger,granger_to_algo,HRET,,0.1205245951090562,,0.4923398486216576,False,False,False
scipy,sign,Gtest_signtransition,ILVX,2.4075734973288547,0.1207494042845494,,0.4925673478611743,False,False,False
scipy,sign,chi2_signtransition,ILVX,2.405819167377546,0.12088483066155,,0.4925673478611743,False,False,False
statsmodels,granger,granger_algo_to,AMRP,,0.1210801014909888,,0.4925673478611743,False,False,False
statsmodels,autocorr,boxpierce_lag5,ITPA,8.713107119284341,0.1210692045227773,,0.4925673478611743,False,False,False
scipy,normality,kurtosistest,IHOZ,1.5494154632239108,0.1212818789219106,,0.49287955330945526,False,False,False
statsmodels,autocorr,breusch_godfrey,ULXY,8.702749946504444,0.1215241924061569,,0.49335568122046397,False,False,False
statsmodels,model,ar1_coef,ILVX,0.073553365057939,0.1219783906799075,,0.49469013997962485,False,False,False
arch,unitroot,VarianceRatio_q5,FARS,-1.5414440758529686,0.1232087438425095,,0.4965596546366227,False,False,False
statsmodels,unitroot,zivot_andrews_price,BLBT,-4.487692389187585,0.1231172275013003,break_at=127,0.4965596546366227,False,False,False
scipy,dist_fit,ks_laplace,AENO,0.0524967811143076,0.1233211318846407,,0.4965596546366227,False,False,False
statsmodels,hetero,arch_lm,ALUT,8.67859196871691,0.122591464247572,,0.4965596546366227,False,False,False
statsmodels,autocorr,ljungbox_lag5,ULXY,8.671719683586712,0.1228966187834407,,0.4965596546366227,False,False,False
statsmodels,granger,granger_algo_to,FWWG,,0.1229647161228255,,0.4965596546366227,False,False,False
arch,unitroot,ZivotAndrews,BLBT,-4.487692389187585,0.1231172275013003,,0.4965596546366227,False,False,False
statsmodels,granger,granger_algo_to,MTNS,,0.1246046109109767,,0.5010802361819825,False,False,False
statsmodels,autocorr,ljungbox_lag10,NPCK,15.206920360741773,0.1246980496434614,,0.5010802361819825,False,False,False
scipy,normality,shapiro,AENO,0.995201106777194,0.1257366424974393,,0.5047391494143643,False,False,False
statsmodels,autocorr,boxpierce_lag10,SPLZ,15.170624653680878,0.1259639095044771,,0.5051370613089001,False,False,False
statsmodels,autocorr,boxpierce_lag5,ULXY,8.59676692467994,0.1262696434980612,,0.5058485108428428,False,False,False
scipy,dist_fit,ks_laplace,IHOZ,0.0522152481000316,0.1270273092288834,,0.5083671603860491,False,False,False
statsmodels,autocorr,ljungbox_lag10,SRTX,15.135473722422043,0.1272002377180262,,0.5085429382195327,False,False,False
arch,unitroot,DFGLS,HRET,-1.506719603283028,0.1281377562934154,,0.5117720722478657,False,False,False
statsmodels,granger,granger_algo_to,MMBT,,0.1289776843175696,,0.5146052951213151,False,False,False
scipy,regime_2samp,fligner_var,AMRP,2.2992574303798787,0.1294358660214971,,0.515911207135229,False,False,False
statsmodels,unitroot,adf_price,RCRI,-2.4424932879994024,0.1301002963969313,,0.5175129852640799,False,False,False
arch,unitroot,ADF,RCRI,-2.4424932879994024,0.1301002963969313,,0.5175129852640799,False,False,False
statsmodels,hetero,arch_lm,CUBO,8.500933066688315,0.1307039349136037,,0.5193900316828889,False,False,False
statsmodels,spec,rainbow,HUXZ,1.152486927898985,0.1320839003864537,,0.524345151383082,False,False,False
statsmodels,autocorr,boxpierce_lag10,NPCK,14.991015308385478,0.1323897654761149,,0.5250306393429024,False,False,False
statsmodels,autocorr,ljungbox_lag1,CUBO,2.2585414199440006,0.1328791623129893,,0.5264418671736721,False,False,False
statsmodels,model,ar1_coef,CUBO,-0.0671044227852482,0.1334307048302847,,0.5278336438789506,False,False,False
statsmodels,spec,rainbow,AGVF,1.1515214965958869,0.1334982605142856,,0.5278336438789506,False,False,False
statsmodels,autocorr,boxpierce_lag1,CUBO,2.2450172198245752,0.1340454162598489,,0.5285011220922952,False,False,False
statsmodels,autocorr,ljungbox_lag2,BLBT,4.020395560569455,0.1339621769710262,,0.5285011220922952,False,False,False
statsmodels,granger,granger_to_algo,MHRM,,0.1340692851578628,,0.5285011220922952,False,False,False
statsmodels,spec,reset,MMBT,2.2379588981078125,0.1352946223290785,,0.532266867486255,False,False,False
statsmodels,hetero,white,MDGI,4.00136792752264,0.1352427504553927,,0.532266867486255,False,False,False
arch,unitroot,ZivotAndrews,ACAC,-4.446853538265336,0.1362968849975941,,0.5324899114573993,False,False,False
statsmodels,unitroot,zivot_andrews_price,ACAC,-4.446853538265336,0.1362968849975941,break_at=187,0.5324899114573993,False,False,False
statsmodels,granger,granger_to_algo,LSST,,0.1358283020580465,,0.5324899114573993,False,False,False
scipy,regime_2samp,levene_var,AMRP,2.226983928762396,0.1362528335820835,,0.5324899114573993,False,False,False
statsmodels,autocorr,ljungbox_lag20,RTTH,26.97073596586045,0.1360893262979997,,0.5324899114573993,False,False,False
statsmodels,autocorr,boxpierce_lag2,BLBT,3.993353130920312,0.1357858094238468,,0.5324899114573993,False,False,False
scipy,regime_2samp,levene_var,FWWG,2.230270369606611,0.1359647165992916,,0.5324899114573993,False,False,False
statsmodels,hetero,white,IHOZ,3.9812233507174497,0.1366118377889894,,0.5331233887232522,False,False,False
statsmodels,autocorr,boxpierce_lag10,SRTX,14.873841441751992,0.1367295144594642,,0.5331233887232522,False,False,False
scipy,dist_fit,ks_hypsecant,BLBT,0.0514566727595067,0.1374672564909027,,0.5354702817066586,False,False,False
scipy,regime_2samp,ansari_scale,RCRI,32383.0,0.1376054709817164,,0.5354795326850208,False,False,False
arch,unitroot,ZivotAndrews,EELT,-4.441432986822007,0.1380745812600003,,0.5362463047555873,False,False,False
statsmodels,unitroot,zivot_andrews_price,EELT,-4.441432986822007,0.1380745812600003,break_at=357,0.5362463047555873,False,False,False
statsmodels,hetero,goldfeld_quandt,AGVF,1.1484628170006068,0.1384175148881858,,0.5370490587492406,False,False,False
statsmodels,autocorr,ljungbox_lag10,FARS,14.79415758520538,0.139748660409221,,0.5416806483118477,False,False,False
statsmodels,autocorr,ljungbox_lag3,HRET,5.464622921229528,0.1407699365325923,,0.5451032316419242,False,False,False
statsmodels,model,ar1_coef,RCRI,0.0643152646968957,0.1414791571973006,,0.547311911355995,False,False,False
statsmodels,autocorr,ljungbox_lag5,ANSO,8.268465367039525,0.1420474671748227,,0.5489716819638736,False,False,False
statsmodels,granger,granger_algo_to,ILVX,,0.1422473889066015,,0.5492058835159873,False,False,False
statsmodels,hetero,arch_lm,IHOZ,8.256321017928533,0.1426635883975853,,0.5493448121357715,False,False,False
statsmodels,spec,harvey_collier,ELLT,-1.4686721376128995,0.1425569220640765,,0.5493448121357715,False,False,False
scipy,regime_2samp,epps_singleton,MDGI,6.873946079573592,0.14270144282776,,0.5493448121357715,False,False,False
scipy,dist_fit,ks_t,HRET,0.0510428102275549,0.143449766378757,,0.5506124431013243,False,False,False
statsmodels,autocorr,boxpierce_lag3,HRET,5.423753422381108,0.1432708002548649,,0.5506124431013243,False,False,False
scipy,normality,kstest_norm,HRET,0.0510474298735077,0.1433818473583913,,0.5506124431013243,False,False,False
statsmodels,spec,rainbow,GARI,1.1447761371659,0.1437063425640682,,0.550629016180433,False,False,False
scipy,regime_2samp,epps_singleton,EELT,6.855335418607268,0.1437334494291389,,0.550629016180433,False,False,False
statsmodels,model,ar1_coef,ALUT,0.0719423650686897,0.1441446161995298,,0.5511329554399093,False,False,False
statsmodels,autocorr,ljungbox_lag20,AMRP,26.69579858728737,0.1440414441784669,,0.5511329554399093,False,False,False
arch,unitroot,VarianceRatio_q5,DUCT,-1.4594177736026477,0.1444501570256717,,0.5517660067782926,False,False,False
statsmodels,autocorr,boxpierce_lag5,ANSO,8.21429708850088,0.1448140574902613,,0.5526205369086253,False,False,False
statsmodels,hetero,breusch_pagan,FWWG,2.1201708753099995,0.1453703244664002,,0.5542067882461795,False,False,False
scipy,sign,fisher_signtransition,DUCT,,0.1465919471168278,,0.5583241116275702,False,False,False
scipy,regime_2samp,fligner_var,FWWG,2.1032728501599163,0.14698422389545,,0.5592778094554671,False,False,False
scipy,dist_fit,ks_logistic,NAYO,0.0507315969544708,0.1480853473277195,,0.5629242422043107,False,False,False
statsmodels,spec,reset,ULXY,2.095686285417001,0.1483471263964619,,0.5633760811703784,False,False,False
statsmodels,autocorr,boxpierce_lag10,FARS,14.56932067198817,0.1485702662671704,,0.5636804519972913,False,False,False
statsmodels,normality,omni_normtest,ILVX,3.802502380410158,0.1493815974555762,,0.5637498670780774,False,False,False
statsmodels,autocorr,ljungbox_lag3,AMRP,5.324708718151765,0.1495070912206157,,0.5637498670780774,False,False,False
scipy,regime_2samp,bartlett_var,MHRM,2.0824329488630444,0.1490025174191172,,0.5637498670780774,False,False,False
statsmodels,spec,reset,ELLT,2.082966617226357,0.1495816925252697,,0.5637498670780774,False,False,False
scipy,dist_fit,ks_gennorm,HRET,0.0506322894130424,0.149589640021225,,0.5637498670780774,False,False,False
scipy,normality,normaltest_K2,ILVX,3.802502380410158,0.1493815974555762,,0.5637498670780774,False,False,False
scipy,dist_fit,ks_hypsecant,SMAH,0.0506444224440719,0.1494051957412435,,0.5637498670780774,False,False,False
statsmodels,autocorr,ljungbox_lag1,RCRI,2.0685259080320177,0.1503667966725941,,0.5637724483442115,False,False,False
statsmodels,spec,harvey_collier,CUBO,1.440840567313386,0.1502619654083607,,0.5637724483442115,False,False,False
statsmodels,spec,reset,RCRI,2.0777150556700072,0.150094799937946,,0.5637724483442115,False,False,False
statsmodels,spec,reset,EELT,2.0788994456398617,0.1499789042610017,,0.5637724483442115,False,False,False
statsmodels,hetero,breusch_pagan,CCNS,2.0699911326381955,0.1502223946951486,,0.5637724483442115,False,False,False
scipy,sign,fisher_signtransition,ANSO,,0.1504537330436607,,0.5637724483442115,False,False,False
arch,unitroot,DFGLS,CTGI,-1.4183395234839034,0.1506667108008254,,0.5640343532543719,False,False,False
statsmodels,autocorr,ljungbox_lag10,MDGI,14.504481774899666,0.1511988158270512,,0.5650788447295574,False,False,False
scipy,regime_2samp,fligner_var,RCRI,2.059775848674012,0.1512324153195543,,0.5650788447295574,False,False,False
statsmodels,autocorr,boxpierce_lag1,RCRI,2.056139525349192,0.1515938040983959,,0.565892780071853,False,False,False
scipy,dist_fit,ks_logistic,GARI,0.050486695633206,0.1518172187756142,,0.5661068496819952,False,False,False
statsmodels,autocorr,ljungbox_lag3,NPCK,5.284949573330612,0.152081977121571,,0.5661068496819952,False,False,False
statsmodels,autocorr,boxpierce_lag3,AMRP,5.285393564317333,0.152052993453925,,0.5661068496819952,False,False,False
statsmodels,autocorr,ljungbox_lag5,MDGI,8.066017160342366,0.1526346264804599,,0.5670930231724532,False,False,False
statsmodels,granger,granger_algo_to,DIHO,,0.1524999038822345,,0.5670930231724532,False,False,False
scipy,dist_fit,ks_laplace,HTRK,0.0503851906833684,0.1533859124539768,,0.5672113197875953,False,False,False
scipy,sign,chi2_signtransition,ANSO,2.0416722841157915,0.1530413190740463,,0.5672113197875953,False,False,False
scipy,regime_2samp,ks_2samp,HRET,0.099004016064257,0.1531670243444216,,0.5672113197875953,False,False,False
statsmodels,spec,reset,MSDP,2.0456203090930543,0.1532743811885973,,0.5672113197875953,False,False,False
scipy,sign,Gtest_signtransition,ANSO,2.0433744859352263,0.1528701957076699,,0.5672113197875953,False,False,False
scipy,regime_2samp,ansari_scale,FARS,30038.5,0.1536631766159622,,0.5677040695596279,False,False,False
arch,unitroot,PP,RTTH,-2.3578022838801647,0.1540021831789281,,0.5684237884750324,False,False,False
statsmodels,autocorr,ljungbox_lag3,HETT,5.248468838117103,0.1544813373870499,,0.5693452994880539,False,False,False
statsmodels,autocorr,boxpierce_lag3,NPCK,5.247572945316798,0.1545407078772749,,0.5693452994880539,False,False,False
arch,unitroot,DFGLS,HETT,-1.4014136279394902,0.1552805728672086,,0.5715368984524147,False,False,False
arch,unitroot,PP,LSST,-2.353028467589031,0.1554348058570645,,0.5715708998960339,False,False,False
arch,unitroot,VarianceRatio_q5,IHOZ,1.419205928001183,0.1558389882125952,,0.5725231048779592,False,False,False
scipy,normality,jarque_bera,ILVX,3.712931752156126,0.1562237700593094,,0.5734023292121021,False,False,False
statsmodels,spec,reset,EAFC,2.014643899593938,0.1564159532614618,,0.573573663029472,False,False,False
statsmodels,autocorr,boxpierce_lag3,HETT,5.208411129597256,0.1571570849054221,,0.5752211965619071,False,False,False
statsmodels,autocorr,ljungbox_lag5,DIHO,7.985713869420028,0.157024723735388,,0.5752211965619071,False,False,False
scipy,regime_2samp,ks_2samp,ITPA,0.0986506024096385,0.1577478474705239,,0.5768478800823796,False,False,False
statsmodels,autocorr,boxpierce_lag5,MDGI,7.964475801139267,0.1582043335296784,,0.5779809849619946,False,False,False
scipy,regime_2samp,levene_var,RCRI,1.992041868639306,0.1587532486409617,,0.5794493575395103,False,False,False
scipy,dist_fit,ks_logistic,ACAC,0.0500119137181037,0.1592665472726649,,0.5807851335326966,False,False,False
statsmodels,autocorr,boxpierce_lag20,RTTH,26.186087816056045,0.159753560242635,,0.5820226751168829,False,False,False
statsmodels,hetero,breusch_pagan,EELT,1.9663804467485104,0.1608325818105327,,0.5854127770056509,False,False,False
statsmodels,autocorr,boxpierce_lag10,MDGI,14.262401751769865,0.1613555953199247,,0.586774683349763,False,False,False
statsmodels,autocorr,boxpierce_lag5,DIHO,7.903675725658839,0.1616247552565764,,0.5872117836142158,False,False,False
scipy,sign,Gtest_signtransition,DUCT,1.951979782117432,0.1623736700030953,,0.5893895093482521,False,False,False
scipy,sign,chi2_signtransition,DUCT,1.95040427943022,0.162543292430071,,0.5894624275614903,False,False,False
scipy,sign,binomtest_updays,FWWG,0.4676113360323887,0.163022440177445,,0.5901142875844703,False,False,False
scipy,dist_fit,ks_logistic,HRET,0.0497844047927449,0.1629380160577179,,0.5901142875844703,False,False,False
statsmodels,autocorr,ljungbox_lag20,NAYO,26.070350542219018,0.1635009642499567,,0.5907615041918691,False,False,False
scipy,dist_fit,ks_laplace,HUXZ,0.0497546009936974,0.1634239267140362,,0.5907615041918691,False,False,False
statsmodels,autocorr,ljungbox_lag20,MTNS,26.049099024010623,0.1641964018146899,,0.5921886696738403,False,False,False
scipy,dist_fit,ks_laplace,AGVF,0.0497099819622008,0.1641535315905451,,0.5921886696738403,False,False,False
statsmodels,autocorr,boxpierce_lag20,AMRP,26.043030767478225,0.1643953998939384,,0.5923644116836427,False,False,False
statsmodels,hetero,white,SRNA,3.592276280193593,0.1659384835889972,,0.5973734522750517,False,False,False
statsmodels,unitroot,adf_price,HTRK,-2.3179624453867103,0.1662401514829355,,0.5973734522750517,False,False,False
arch,unitroot,ADF,HTRK,-2.3179624453867107,0.1662401514829354,,0.5973734522750517,False,False,False
arch,unitroot,PP,AETS,-2.3164028432337265,0.1667322880339726,,0.5980721792852194,False,False,False
scipy,dist_fit,ks_hypsecant,ELLT,0.0495531827447068,0.1667380327332461,,0.5980721792852194,False,False,False
statsmodels,granger,granger_to_algo,MDGI,,0.1669974880965347,,0.5984582709786725,False,False,False
arch,unitroot,VarianceRatio_q5,RRES,1.379387063936791,0.1677754455693243,,0.6000907847104762,False,False,False
scipy,dist_fit,ks_hypsecant,SRNA,0.0494827316554441,0.1679097248948897,,0.6000907847104762,False,False,False
statsmodels,granger,granger_algo_to,RRES,,0.1679030381351618,,0.6000907847104762,False,False,False
scipy,regime_2samp,epps_singleton,MMBT,6.4429126193541135,0.1684230779539363,,0.6002927425808471,False,False,False
scipy,dist_fit,ks_hypsecant,ILVX,0.049459039629911,0.1683052160146675,,0.6002927425808471,False,False,False
statsmodels,granger,granger_algo_to,NGTE,,0.1684012796968454,,0.6002927425808471,False,False,False
scipy,dist_fit,ks_hypsecant,AETS,0.0494200879992381,0.168957038771141,,0.6016518941606483,False,False,False
scipy,regime_2samp,ansari_scale,FWWG,30081.0,0.1694616370081995,,0.602360480691003,False,False,False
scipy,regime_2samp,mood_scale,FWWG,1.3743360309961454,0.1693373853597236,,0.602360480691003,False,False,False
scipy,dist_fit,ks_laplace,MHRM,0.0493513665052332,0.1701119057381563,,0.6041271463241551,False,False,False
statsmodels,spec,rainbow,MSDP,1.1286601105682177,0.1704667144257063,,0.6048422936688876,False,False,False
statsmodels,autocorr,ljungbox_lag2,HRET,3.535134769787394,0.1707478478186735,,0.6052949785082833,False,False,False
scipy,regime_2samp,cramervonmises_2s,SRNA,0.2643704436986382,0.1712195100585347,,0.6064216609620339,False,False,False
statsmodels,autocorr,breusch_godfrey,SRTX,7.733041670418041,0.1715749134451104,,0.6066830808982926,False,False,False
statsmodels,hetero,white,OTCS,3.525165070676226,0.1716011251145602,,0.6066830808982926,False,False,False
statsmodels,autocorr,boxpierce_lag2,HRET,3.5135216397158424,0.1726030516769431,,0.6096785212459764,False,False,False
statsmodels,autocorr,ljungbox_lag2,ELLT,3.5046517921880254,0.1733702329904227,,0.611840159756711,False,False,False
arch,unitroot,PP,AMRP,-2.294031347123167,0.1739002076167832,,0.6123021104688581,False,False,False
arch,unitroot,DFGLS,EELT,-1.3364223704808016,0.1739029258137355,,0.6123021104688581,False,False,False
statsmodels,autocorr,ljungbox_lag5,SRTX,7.693317726333731,0.1739671140855203,,0.6123021104688581,False,False,False
arch,unitroot,DFGLS,DIHO,-1.331733034862598,0.1753024232485212,,0.6152807962790444,False,False,False
statsmodels,autocorr,boxpierce_lag2,ELLT,3.478193259933761,0.175679032127804,,0.6152807962790444,False,False,False
scipy,dist_fit,ks_laplace,ULXY,0.0490628533387983,0.1750286252832315,,0.6152807962790444,False,False,False
scipy,normality,normaltest_K2,ITPA,3.477386430147498,0.1757499179630147,,0.6152807962790444,False,False,False
scipy,regime_2samp,mood_scale,FARS,1.3549165986056466,0.1754441306140252,,0.6152807962790444,False,False,False
statsmodels,normality,omni_normtest,ITPA,3.477386430147498,0.1757499179630147,,0.6152807962790444,False,False,False
scipy,dist_fit,ks_hypsecant,HRET,0.0489989798199511,0.1761321278126648,,0.6160717372116457,False,False,False
scipy,sign,fisher_signtransition,SPLZ,,0.1765448532218652,,0.6169679179083268,False,False,False
scipy,normality,skewtest,FCSG,-1.3463163740314816,0.1782005073953335,,0.6216516815508006,False,False,False
scipy,regime_2samp,fligner_var,FARS,1.813731008555045,0.1780613076838733,,0.6216516815508006,False,False,False
scipy,regime_2samp,mood_scale,BLBT,-1.3450418540946856,0.1786117187921516,,0.6225352745169421,False,False,False
scipy,sign,binomtest_updays,FCSG,0.531062124248497,0.1792187564847844,,0.6240992385715726,False,False,False
statsmodels,autocorr,boxpierce_lag5,SRTX,7.601157767244557,0.1796297891608751,,0.6249784897371312,False,False,False
statsmodels,unitroot,adf_price,CTGI,-2.271561338201926,0.1813040833253184,,0.6285846055131091,False,False,False
statsmodels,autocorr,ljungbox_lag5,EELT,7.577805239751853,0.181089969645884,,0.6285846055131091,False,False,False
statsmodels,autocorr,ljungbox_lag3,FARS,4.879139999666095,0.1808640656174582,,0.6285846055131091,False,False,False
arch,unitroot,ADF,CTGI,-2.271561338201926,0.1813040833253184,,0.6285846055131091,False,False,False
scipy,dist_fit,ks_hypsecant,ITPA,0.0485936336404929,0.1832631613414537,,0.6288589475454269,False,False,False
statsmodels,unitroot,adf_price,AETS,-2.268356280071968,0.1823768436445995,,0.6288589475454269,False,False,False
scipy,dist_fit,ks_hypsecant,MDGI,0.0486355031512886,0.1825162598887801,,0.6288589475454269,False,False,False
scipy,regime_2samp,epps_singleton,NGTE,6.224962061627291,0.1829660747326748,,0.6288589475454269,False,False,False
statsmodels,autocorr,ljungbox_lag3,BLBT,4.8476683037258965,0.1832975471156001,,0.6288589475454269,False,False,False
statsmodels,autocorr,breusch_godfrey,ALUT,7.550307662310235,0.1828225855032415,,0.6288589475454269,False,False,False
statsmodels,autocorr,breusch_godfrey,DIHO,7.5533319766687,0.1826313201334782,,0.6288589475454269,False,False,False
statsmodels,autocorr,ljungbox_lag5,DUCT,7.567547677866908,0.1817346157822542,,0.6288589475454269,False,False,False
scipy,regime_2samp,welch_t,HUXZ,1.3335353117649842,0.1829695787221651,,0.6288589475454269,False,False,False
scipy,regime_2samp,ttest_ind,HUXZ,1.333351806005796,0.1830271791913663,,0.6288589475454269,False,False,False
arch,unitroot,ADF,AETS,-2.268356280071968,0.1823768436445995,,0.6288589475454269,False,False,False
statsmodels,hetero,breusch_pagan,ALGO,1.7793747305696512,0.1822261246670743,,0.6288589475454269,False,False,False
scipy,normality,skewtest,CTGI,-1.328029542332112,0.1841683476091387,,0.6302010644750216,False,False,False
statsmodels,autocorr,breusch_godfrey,DUCT,7.534042972333276,0.1838541996344731,,0.6302010644750216,False,False,False
statsmodels,autocorr,boxpierce_lag3,FARS,4.838296353805681,0.184028108029176,,0.6302010644750216,False,False,False
scipy,normality,skewtest,ITPA,1.326992499144872,0.1845111639245401,,0.630826546565947,False,False,False
arch,unitroot,DFGLS,IHOZ,-1.3005837352550764,0.1847897882919288,,0.6312316684980792,False,False,False
statsmodels,hetero,arch_lm,MTNS,7.5115511565561,0.1852891216742329,,0.6323893659219273,False,False,False
statsmodels,autocorr,boxpierce_lag3,BLBT,4.812369659075193,0.1860633439825967,,0.6344824411586473,False,False,False
statsmodels,granger,granger_to_algo,MSDP,,0.186245427443863,,0.6345544295451235,False,False,False
statsmodels,autocorr,boxpierce_lag20,NAYO,25.393196855195203,0.1868002456350752,,0.6354074225409404,False,False,False
statsmodels,autocorr,boxpierce_lag5,EELT,7.485436187026638,0.1869673959874156,,0.6354074225409404,False,False,False
scipy,regime_2samp,cramervonmises_2s,MMBT,0.2512992893417305,0.1870291531989614,,0.6354074225409404,False,False,False
statsmodels,autocorr,boxpierce_lag5,DUCT,7.48275352513795,0.1871405422552085,,0.6354074225409404,False,False,False
statsmodels,autocorr,breusch_godfrey,EELT,7.477379756872594,0.1874877985648671,,0.6358885156903673,False,False,False
scipy,regime_2samp,levene_var,BLBT,1.7411171545452082,0.1876048563541089,,0.6358885156903673,False,False,False
scipy,regime_2samp,bartlett_var,SPLZ,1.729844987121076,0.1884306953401031,,0.6381390043218955,False,False,False
statsmodels,granger,granger_algo_to,BENI,,0.1889242787821519,,0.6390407049488749,False,False,False
statsmodels,granger,granger_to_algo,EAFC,,0.1890211724937565,,0.6390407049488749,False,False,False
statsmodels,hetero,goldfeld_quandt,HRND,1.1183510769820375,0.1897381888946205,,0.6409151162147334,False,False,False
scipy,normality,kurtosistest,ITPA,-1.3101440139773737,0.1901471211903846,,0.6417465340175481,False,False,False
statsmodels,autocorr,ljungbox_lag1,FARS,1.715208865843828,0.1903109391177101,,0.6417499760496264,False,False,False
scipy,regime_2samp,fligner_var,BLBT,1.712690708750667,0.1906366366456953,,0.6422988219293426,False,False,False
statsmodels,autocorr,boxpierce_lag20,MTNS,25.279122347980824,0.1909604739689428,,0.6428404683053566,False,False,False
statsmodels,autocorr,boxpierce_lag1,FARS,1.704938154072308,0.1916434384440876,,0.6445891078042606,False,False,False
scipy,sign,binomtest_updays,OTCS,0.5303643724696356,0.1919180669003033,,0.6449625061560065,False,False,False
statsmodels,model,ar1_coef,MHRM,-0.0580536685141347,0.1920906803337232,,0.6449927273215816,False,False,False
scipy,normality,shapiro,IHOZ,0.9957238963760306,0.1922768459515326,,0.64506836318378,False,False,False
scipy,normality,jarque_bera,ITPA,3.2853973233318854,0.1934572615083068,,0.6484766367905999,False,False,False
statsmodels,autocorr,ljungbox_lag1,MHRM,1.6880334744659726,0.1938604034815406,,0.6492758797996881,False,False,False
scipy,normality,skewtest,AMRP,-1.2975681087483724,0.1944357868340458,,0.6495473488981429,False,False,False
statsmodels,hetero,arch_lm,HRET,7.373965366942655,0.1942801647176227,,0.6495473488981429,False,False,False
statsmodels,autocorr,ljungbox_lag5,HRET,7.374353153136524,0.1942543021531717,,0.6495473488981429,False,False,False
statsmodels,normality,omni_normtest,GARI,3.2702286123492303,0.1949300883129528,,0.650096791987868,False,False,False
scipy,normality,normaltest_K2,GARI,3.2702286123492303,0.1949300883129528,,0.650096791987868,False,False,False
statsmodels,autocorr,boxpierce_lag1,MHRM,1.6779254895889308,0.1952003343387892,,0.6504477751170812,False,False,False
statsmodels,autocorr,ljungbox_lag1,IHOZ,1.671253156935749,0.1960907684794221,,0.6528630146502382,False,False,False
statsmodels,model,ar1_coef,FARS,-0.0587436535405547,0.1971369826813409,,0.6557923930209669,False,False,False
statsmodels,autocorr,boxpierce_lag1,IHOZ,1.661245653002002,0.1974352221992042,,0.6562307301089907,False,False,False
statsmodels,autocorr,boxpierce_lag5,HRET,7.310612446344091,0.1985454610303025,,0.6593649598832791,False,False,False
arch,unitroot,VarianceRatio_q5,HRET,-1.2841333500460184,0.199095300769057,,0.6606135462269942,False,False,False
statsmodels,hetero,goldfeld_quandt,NAYO,1.1133398227868812,0.1994479991978658,,0.6606135462269942,False,False,False
scipy,sign,chi2_signtransition,SPLZ,1.6431223804969324,0.1998976028796027,,0.6606135462269942,False,False,False
scipy,regime_2samp,levene_var,FARS,1.6472852180635102,0.1999269306567235,,0.6606135462269942,False,False,False
scipy,sign,Gtest_signtransition,SPLZ,1.644946161703798,0.1996481836618381,,0.6606135462269942,False,False,False
statsmodels,model,ar1_coef,HTRK,-0.0561703417981048,0.1997889186656279,,0.6606135462269942,False,False,False
scipy,normality,kurtosistest,FWWG,-1.2805656994830843,0.2003462543319526,,0.6614446688245873,False,False,False
scipy,regime_2samp,cramervonmises_2s,HUXZ,0.2409088055629382,0.2008115862964775,,0.6624261700257023,False,False,False
scipy,normality,shapiro,FWWG,0.9957850420345165,0.2018819029756683,,0.6643001985373476,False,False,False
scipy,regime_2samp,kruskal,HUXZ,1.6234039518071768,0.2026178075813484,,0.6643001985373476,False,False,False
statsmodels,model,ar1_coef,ACIX,0.0550032012629402,0.2018169232705831,,0.6643001985373476,False,False,False
statsmodels,autocorr,ljungbox_lag10,MHRM,13.394414452827066,0.2024478251799228,,0.6643001985373476,False,False,False
scipy,regime_2samp,mannwhitneyu,HUXZ,33177.0,0.2027278383664204,,0.6643001985373476,False,False,False
scipy,regime_2samp,ranksums,HUXZ,1.274128702999516,0.2026178075813447,,0.6643001985373476,False,False,False
scipy,regime_2samp,bartlett_var,CCNS,1.6261910382590832,0.202230691947583,,0.6643001985373476,False,False,False
arch,unitroot,PP,CTGI,-2.210195103111573,0.2025660531116072,,0.6643001985373476,False,False,False
scipy,regime_2samp,brunnermunzel,HUXZ,-1.2737853116653306,0.2033348739524406,,0.6646319014266342,False,False,False
scipy,dist_fit,ks_hypsecant,MSDP,0.0475170253358406,0.2033012263424595,,0.6646319014266342,False,False,False
statsmodels,spec,harvey_collier,AETS,1.2746045459790962,0.2030472487181437,,0.6646319014266342,False,False,False
arch,unitroot,PP,HTRK,-2.207183953785349,0.2036484359329377,,0.6651053309425355,False,False,False
statsmodels,autocorr,ljungbox_lag1,HETT,1.595387086265563,0.2065581548467224,,0.6671405737322618,False,False,False
statsmodels,autocorr,boxpierce_lag1,AMRP,1.5923706099951331,0.206987766519185,,0.6671405737322618,False,False,False
statsmodels,unitroot,adf_price,ITPA,-2.200071245190052,0.2062195999751747,,0.6671405737322618,False,False,False
statsmodels,autocorr,ljungbox_lag1,AMRP,1.6019632040312484,0.205625217863909,,0.6671405737322618,False,False,False
statsmodels,autocorr,boxpierce_lag1,HETT,1.5858338701801404,0.207922368815977,,0.6671405737322618,False,False,False
scipy,sign,binomtest_updays,CCNS,0.4705882352941176,0.2072432778342871,,0.6671405737322618,False,False,False
scipy,sign,binomtest_updays,BLBT,0.4707070707070707,0.2081641059590771,,0.6671405737322618,False,False,False
scipy,normality,kurtosistest,MMBT,1.2602469291927298,0.2075802982880386,,0.6671405737322618,False,False,False
scipy,normality,skewtest,AETS,1.25975136383723,0.2077590698806158,,0.6671405737322618,False,False,False
statsmodels,autocorr,ljungbox_lag3,LSST,4.5487819156219045,0.2079801069717875,,0.6671405737322618,False,False,False
statsmodels,model,ar1_coef,HETT,0.0563821198473795,0.2057909134008422,,0.6671405737322618,False,False,False
statsmodels,granger,granger_algo_to,HUXZ,,0.205373097940073,,0.6671405737322618,False,False,False
statsmodels,granger,granger_to_algo,DUCT,,0.207683774812045,,0.6671405737322618,False,False,False
statsmodels,granger,granger_to_algo,AENO,,0.2069290039865634,,0.6671405737322618,False,False,False
statsmodels,hetero,white,GARI,3.1674343075850637,0.2052108783287795,,0.6671405737322618,False,False,False
statsmodels,hetero,arch_lm,NAYO,7.196501337739981,0.2064316456584511,,0.6671405737322618,False,False,False
arch,unitroot,ADF,ITPA,-2.200071245190052,0.2062195999751747,,0.6671405737322618,False,False,False
scipy,regime_2samp,epps_singleton,HUXZ,5.923708843917649,0.2049186479380707,,0.6671405737322618,False,False,False
scipy,sign,fisher_signtransition,ALUT,,0.2072598701359428,,0.6671405737322618,False,False,False
scipy,regime_2samp,bartlett_var,ACAC,1.591282169988273,0.2071430431223393,,0.6671405737322618,False,False,False
statsmodels,spec,rainbow,SRNA,1.109383988890013,0.2070148959517008,,0.6671405737322618,False,False,False
statsmodels,model,ar1_coef,AMRP,0.0565798019823012,0.2045158749858573,,0.6671405737322618,False,False,False
scipy,sign,fisher_signtransition,EORC,,0.2081444215533406,,0.6671405737322618,False,False,False
statsmodels,spec,rainbow,OTCS,1.1082326198407264,0.20935719204086,,0.6677071610235196,False,False,False
statsmodels,autocorr,ljungbox_lag1,HTRK,1.5815424752875178,0.2085386522304595,,0.6677071610235196,False,False,False
arch,unitroot,PP,DIHO,-2.1927105156728697,0.2089017491317118,,0.6677071610235196,False,False,False
scipy,sign,fisher_signtransition,RCRI,,0.2093145454599293,,0.6677071610235196,False,False,False
statsmodels,autocorr,ljungbox_lag20,OTCS,24.807853458613536,0.2088812411738455,,0.6677071610235196,False,False,False
scipy,sign,fisher_signtransition,CUBO,,0.2093279963386705,,0.6677071610235196,False,False,False
scipy,sign,fisher_signtransition,AENO,,0.2099008708110504,,0.668377055838387,False,False,False
statsmodels,autocorr,boxpierce_lag1,HTRK,1.5720721610642394,0.2099063407224564,,0.668377055838387,False,False,False
scipy,normality,shapiro,CTGI,0.9958359473136388,0.2102044309049165,,0.6687860101914292,False,False,False
scipy,regime_2samp,bartlett_var,FWWG,1.562318887183083,0.2113260133712464,,0.6715799988108544,False,False,False
statsmodels,autocorr,ljungbox_lag2,SRNA,3.107785676263264,0.2114233329589727,,0.6715799988108544,False,False,False
arch,unitroot,PP,ITPA,-2.1849487200965907,0.2117534836246256,,0.6720871436781596,False,False,False
statsmodels,autocorr,boxpierce_lag3,LSST,4.503793218401439,0.2119521903905472,,0.6721766166689759,False,False,False
scipy,normality,jarque_bera,IHOZ,3.0920894355364927,0.2130891368883875,,0.6752390495289579,False,False,False
scipy,sign,chi2_signtransition,RCRI,1.5437416617399606,0.2140617244614688,,0.6756055386926421,False,False,False
arch,unitroot,ADF,DIHO,-2.178797098350098,0.2140306806671036,,0.6756055386926421,False,False,False
statsmodels,autocorr,boxpierce_lag2,SRNA,3.0837203975050063,0.2139826806553437,,0.6756055386926421,False,False,False
statsmodels,unitroot,adf_price,DIHO,-2.1787970983500977,0.2140306806671038,,0.6756055386926421,False,False,False
scipy,sign,Gtest_signtransition,RCRI,1.5444771183806123,0.213952623388328,,0.6756055386926421,False,False,False
scipy,regime_2samp,ks_2samp,MMBT,0.0932048192771085,0.2146268785121806,,0.6761381961954676,False,False,False
arch,unitroot,ZivotAndrews,AMRP,-4.248525162372874,0.2150881019860772,,0.6761381961954676,False,False,False
statsmodels,granger,granger_algo_to,OTCS,,0.2148867704508154,,0.6761381961954676,False,False,False
scipy,regime_2samp,ks_2samp,HUXZ,0.0932048192771085,0.2146268785121806,,0.6761381961954676,False,False,False
statsmodels,unitroot,zivot_andrews_price,AMRP,-4.248525162372874,0.2150881019860772,break_at=154,0.6761381961954676,False,False,False
statsmodels,granger,granger_algo_to,SPLZ,,0.2158030907597375,,0.6774893105560083,False,False,False
statsmodels,autocorr,boxpierce_lag10,MHRM,13.141611011338975,0.2158616372547809,,0.6774893105560083,False,False,False
scipy,normality,skewtest,DUCT,1.2361582726965736,0.2163997377621918,,0.6779009410559221,False,False,False
statsmodels,autocorr,ljungbox_lag2,AGVF,3.059195940705598,0.2166227385753855,,0.6779009410559221,False,False,False
scipy,regime_2samp,epps_singleton,CCNS,5.773914493890017,0.216680666090934,,0.6779009410559221,False,False,False
statsmodels,autocorr,ljungbox_lag20,NPCK,24.613959809170836,0.2166008631357781,,0.6779009410559221,False,False,False
statsmodels,autocorr,ljungbox_lag1,ACIX,1.5165066816686412,0.2181489028094617,,0.6817731343254665,False,False,False
scipy,regime_2samp,ansari_scale,NPCK,30196.0,0.218264255585677,,0.6817731343254665,False,False,False
statsmodels,autocorr,boxpierce_lag2,AGVF,3.037711299248335,0.2189623132426288,,0.6834120655601288,False,False,False
statsmodels,hetero,goldfeld_quandt,EORC,1.1036019019331411,0.2192875797810546,,0.683885790741232,False,False,False
statsmodels,autocorr,boxpierce_lag1,ACIX,1.507425803335296,0.2195323065114037,,0.6841077883541133,False,False,False
scipy,sign,chi2_signtransition,ALUT,1.501500198139372,0.220440676157125,,0.6848663616338112,False,False,False
statsmodels,granger,granger_algo_to,SRTX,,0.2204706780601995,,0.6848663616338112,False,False,False
arch,unitroot,VarianceRatio_q5,EORC,-1.2261916475072758,0.2201265637174703,,0.6848663616338112,False,False,False
scipy,sign,Gtest_signtransition,ALUT,1.502089935697967,0.2203500710105724,,0.6848663616338112,False,False,False
statsmodels,hetero,breusch_pagan,ALUT,1.49840516143767,0.2209169170272044,,0.6852704270922759,False,False,False
arch,unitroot,KPSS,ULXY,0.2270740359029358,0.2209484304500971,,0.6852704270922759,False,False,False
scipy,normality,kurtosistest,SRTX,-1.2231414240379477,0.2212762850986173,,0.6857477325933565,False,False,False
scipy,regime_2samp,ks_2samp,IHOZ,0.0913734939759036,0.221648185632356,,0.6863606816675155,False,False,False
scipy,normality,normaltest_K2,IHOZ,2.997748673769168,0.2233814709587639,,0.6892947016394568,False,False,False
scipy,regime_2samp,welch_t,FARS,-1.219530056989196,0.2232240552201404,,0.6892947016394568,False,False,False
statsmodels,normality,omni_normtest,IHOZ,2.997748673769168,0.2233814709587639,,0.6892947016394568,False,False,False
scipy,regime_2samp,ttest_ind,FARS,-1.2196830129077827,0.2231635414950559,,0.6892947016394568,False,False,False
scipy,sign,binomtest_updays,MHRM,0.4715447154471545,0.2234699717643901,,0.6892947016394568,False,False,False
statsmodels,autocorr,breusch_godfrey,AMRP,6.959164110396789,0.2236950848189274,,0.6894495890197121,False,False,False
statsmodels,hetero,goldfeld_quandt,ILVX,1.1006117911405755,0.2256369446559671,,0.6905463967971518,False,False,False
statsmodels,hetero,arch_lm,ITPA,6.927254073507309,0.2261069814905701,,0.6905463967971518,False,False,False
scipy,normality,normaltest_K2,FWWG,2.9730103411599904,0.2261616724631849,,0.6905463967971518,False,False,False
statsmodels,autocorr,boxpierce_lag1,AGVF,1.4641581628368,0.2262696706914351,,0.6905463967971518,False,False,False
statsmodels,autocorr,ljungbox_lag1,AGVF,1.4729783927334077,0.2248763577513177,,0.6905463967971518,False,False,False
statsmodels,autocorr,ljungbox_lag10,ELLT,12.952703670070886,0.2263282457285439,,0.6905463967971518,False,False,False
statsmodels,spec,rainbow,HRND,1.100818809788202,0.2248709112902915,,0.6905463967971518,False,False,False
statsmodels,spec,rainbow,MMBT,1.1007703373946969,0.2249747963283939,,0.6905463967971518,False,False,False
scipy,regime_2samp,ansari_scale,AMRP,30210.5,0.2251742272061442,,0.6905463967971518,False,False,False
statsmodels,hetero,breusch_pagan,CUBO,1.4765187608581187,0.2243199897782238,,0.6905463967971518,False,False,False
scipy,dist_fit,ks_hypsecant,FWWG,0.0463870247888031,0.2261061796968982,,0.6905463967971518,False,False,False
statsmodels,normality,omni_normtest,FWWG,2.9730103411599904,0.2261616724631849,,0.6905463967971518,False,False,False
scipy,sign,binomtest_updays,EAFC,0.4716599190283401,0.2244101450178502,,0.6905463967971518,False,False,False
statsmodels,spec,rainbow,FWWG,1.100032555347411,0.2265599247610593,,0.6907186569281483,False,False,False
statsmodels,hetero,breusch_pagan,LSST,1.4607978957703471,0.2268032098624697,,0.6909260071699039,False,False,False
statsmodels,granger,granger_algo_to,NWIG,,0.2271116719249913,,0.6909509246033391,False,False,False
statsmodels,model,ar1_coef,AGVF,-0.0541681699328313,0.2271619478147964,,0.6909509246033391,False,False,False
statsmodels,model,ar1_coef,ACAC,-0.0478362111307722,0.2275999220437615,,0.6912164042345977,False,False,False
statsmodels,autocorr,ljungbox_lag5,AMRP,6.909619379997061,0.227449281259123,,0.6912164042345977,False,False,False
scipy,regime_2samp,epps_singleton,MHRM,5.638406766960794,0.2278286378554809,,0.6913783606053162,False,False,False
statsmodels,autocorr,ljungbox_lag20,HRND,24.309669692317453,0.2291268328712671,,0.6943302725111944,False,False,False
scipy,regime_2samp,ttest_ind,EELT,1.2031116191967994,0.2295059221415744,,0.6943302725111944,False,False,False
scipy,regime_2samp,welch_t,EELT,1.2032735107797692,0.2294456177153232,,0.6943302725111944,False,False,False
statsmodels,granger,granger_to_algo,ACAC,,0.2293402887963224,,0.6943302725111944,False,False,False
arch,unitroot,DFGLS,ALGO,-1.163336888278384,0.2305214866971712,,0.6968678685277983,False,False,False
arch,unitroot,KPSS,HETT,0.2209026006295992,0.2307649440171441,,0.6970692791690284,False,False,False
statsmodels,autocorr,ljungbox_lag10,AMRP,12.868021883078942,0.231144778283404,,0.6976820183714997,False,False,False
scipy,dist_fit,ks_laplace,MMBT,0.0461397311955352,0.2313458652101581,,0.6977547059360698,False,False,False
arch,unitroot,VarianceRatio_q5,HTRK,-1.1964119451585922,0.2315358421570077,,0.6977937995282297,False,False,False
statsmodels,autocorr,boxpierce_lag5,AMRP,6.850955850210377,0.2319629990036934,,0.698547090964522,False,False,False
scipy,dist_fit,ks_logistic,ILVX,0.0460756606192194,0.2327181937738216,,0.6997521890590426,False,False,False
scipy,normality,shapiro,EELT,0.9959642976112624,0.2325550368861951,,0.6997521890590426,False,False,False
statsmodels,autocorr,breusch_godfrey,HRET,6.8363972766539,0.233094764752527,,0.6998168794017223,False,False,False
scipy,dist_fit,ks_hypsecant,SRTX,0.0460637481023094,0.2329740213799462,,0.6998168794017223,False,False,False
scipy,sign,chi2_signtransition,EORC,1.4119153657308334,0.2347386917274524,,0.7015465676949335,False,False,False
scipy,sign,Gtest_signtransition,EORC,1.412881066249959,0.2345787080809848,,0.7015465676949335,False,False,False
scipy,regime_2samp,fligner_var,MHRM,1.4146894708873765,0.2342794716684896,,0.7015465676949335,False,False,False
scipy,regime_2samp,ks_2samp,NGTE,0.0905542168674699,0.2342525434209952,,0.7015465676949335,False,False,False
statsmodels,autocorr,ljungbox_lag20,ULXY,24.183067342613587,0.2344868655437695,,0.7015465676949335,False,False,False
statsmodels,autocorr,ljungbox_lag5,ALUT,6.826184933851091,0.2338914237337463,,0.7015465676949335,False,False,False
scipy,dist_fit,ks_hypsecant,ALUT,0.0459614343313964,0.2351799703930718,,0.7023329115829463,False,False,False
statsmodels,hetero,goldfeld_quandt,MSDP,1.0957616727113968,0.2361923072906862,,0.7048221614987774,False,False,False
statsmodels,autocorr,ljungbox_lag2,ALUT,2.8734821781889317,0.2377011446522221,,0.7066500092149771,False,False,False
statsmodels,autocorr,ljungbox_lag10,AGVF,12.75924270426111,0.2374460908555789,,0.7066500092149771,False,False,False
statsmodels,autocorr,ljungbox_lag1,RTTH,1.3953614971128774,0.2375017536990521,,0.7066500092149771,False,False,False
scipy,sign,chi2_signtransition,CUBO,1.3942877405917842,0.2376823354173974,,0.7066500092149771,False,False,False
scipy,sign,Gtest_signtransition,CUBO,1.3952043715144633,0.23752816829855,,0.7066500092149771,False,False,False
statsmodels,autocorr,boxpierce_lag10,ELLT,12.745962531692076,0.2382242086820141,,0.7076713116989447,False,False,False
scipy,sign,fisher_signtransition,ACIX,,0.2401375685831797,,0.7078890819093846,False,False,False
scipy,sign,Gtest_signtransition,ACIX,1.3802629877892638,0.2400563560332646,,0.7078890819093846,False,False,False
statsmodels,autocorr,boxpierce_lag10,AMRP,12.709737762969413,0.2403565037640206,,0.7078890819093846,False,False,False
scipy,sign,chi2_signtransition,ACIX,1.3796148207383712,0.2401667682599901,,0.7078890819093846,False,False,False
scipy,sign,chi2_signtransition,AENO,1.3768876465208195,0.2406320065343925,,0.7078890819093846,False,False,False
scipy,regime_2samp,bartlett_var,RCRI,1.385875946698874,0.2391027899729658,,0.7078890819093846,False,False,False
statsmodels,hetero,arch_lm,AENO,6.755305857997228,0.2394837889716092,,0.7078890819093846,False,False,False
scipy,regime_2samp,bartlett_var,MMBT,1.38799625728174,0.2387437754197186,,0.7078890819093846,False,False,False
statsmodels,autocorr,boxpierce_lag5,ALUT,6.755620014639632,0.2394587574302251,,0.7078890819093846,False,False,False
statsmodels,autocorr,boxpierce_lag20,NPCK,24.076955001601007,0.2390467664095441,,0.7078890819093846,False,False,False
statsmodels,autocorr,boxpierce_lag1,RTTH,1.3870060390463332,0.2389113593153201,,0.7078890819093846,False,False,False
statsmodels,autocorr,boxpierce_lag2,ALUT,2.8557083022945147,0.2398229943832968,,0.7078890819093846,False,False,False
scipy,sign,Gtest_signtransition,AENO,1.3773598595371652,0.240551371659601,,0.7078890819093846,False,False,False
statsmodels,autocorr,boxpierce_lag20,OTCS,24.012990406249063,0.2418251729893075,,0.7087545218764685,False,False,False
arch,unitroot,ZivotAndrews,ALUT,-4.1945073319734165,0.2416508695789117,,0.7087545218764685,False,False,False
statsmodels,unitroot,zivot_andrews_price,ALUT,-4.1945073319734165,0.2416508695789117,break_at=92,0.7087545218764685,False,False,False
statsmodels,spec,rainbow,AETS,1.0932041326012871,0.2415797915199067,,0.7087545218764685,False,False,False
statsmodels,spec,rainbow,MDGI,1.0931459236396652,0.2417105269108987,,0.7087545218764685,False,False,False
scipy,regime_2samp,ttest_ind,SMAH,1.169428896853391,0.2427914067375595,,0.7105298629246173,False,False,False
scipy,regime_2samp,welch_t,SMAH,1.1694502721359623,0.2427828216687256,,0.7105298629246173,False,False,False
scipy,dist_fit,ks_logistic,SMAH,0.0455797998261168,0.2435464395692798,,0.71221073055052,False,False,False
scipy,sign,fisher_signtransition,FCSG,,0.2438842700485698,,0.7126699722249534,False,False,False
scipy,sign,binomtest_updays,IHOZ,0.4729458917835671,0.2444287231080725,,0.7137318714755718,False,False,False
statsmodels,granger,granger_to_algo,DIHO,,0.2450068037557831,,0.714041384068405,False,False,False
arch,unitroot,VarianceRatio_q5,RCRI,1.1631702745200905,0.2447604243680285,,0.714041384068405,False,False,False
statsmodels,spec,harvey_collier,EORC,-1.1637693616848923,0.2450781310615302,,0.714041384068405,False,False,False
scipy,normality,jarque_bera,FWWG,2.808751393505585,0.2455202877294424,,0.7141194580512154,False,False,False
scipy,dist_fit,ks_hypsecant,NGTE,0.0454773569333447,0.2458295546868339,,0.7141194580512154,False,False,False
statsmodels,model,ar1_coef,RTTH,0.0527225930263857,0.2458294069081925,,0.7141194580512154,False,False,False
scipy,regime_2samp,ansari_scale,HRET,32122.0,0.2457846993914351,,0.7141194580512154,False,False,False
scipy,regime_2samp,brunnermunzel,SMAH,-1.1558654358922926,0.2482921810853014,,0.7154735218115923,False,False,False
statsmodels,hetero,arch_lm,GARI,6.655496617623746,0.2475476880881215,,0.7154735218115923,False,False,False
scipy,normality,skewtest,FWWG,-1.1546262730716763,0.2482435028988223,,0.7154735218115923,False,False,False
scipy,normality,skewtest,ALUT,1.1556304423284969,0.2478323505728838,,0.7154735218115923,False,False,False
scipy,regime_2samp,ansari_scale,ACIX,32119.5,0.2475933782094181,,0.7154735218115923,False,False,False
statsmodels,spec,harvey_collier,MTNS,1.1574054263989566,0.2476649412260786,,0.7154735218115923,False,False,False
scipy,normality,kurtosistest,HETT,1.1545529419499192,0.2482735466642425,,0.7154735218115923,False,False,False
statsmodels,granger,granger_to_algo,SPLZ,,0.246483236032939,,0.7154735218115923,False,False,False
scipy,regime_2samp,ranksums,SMAH,1.1555329026715884,0.2478722668097216,,0.7154735218115923,False,False,False
scipy,regime_2samp,kruskal,SMAH,1.3352562891566322,0.2478722668097173,,0.7154735218115923,False,False,False
scipy,regime_2samp,mannwhitneyu,SMAH,32986.0,0.2479993466574913,,0.7154735218115923,False,False,False
statsmodels,autocorr,boxpierce_lag10,AGVF,12.56351984595018,0.2491095361721493,,0.7168586867260037,False,False,False
statsmodels,autocorr,ljungbox_lag2,ILVX,2.7795080326813584,0.2491365806226852,,0.7168586867260037,False,False,False
scipy,regime_2samp,ttest_ind,ALGO,1.1500665212203682,0.2506695522967561,,0.7174164568023604,False,False,False
scipy,regime_2samp,brunnermunzel,FARS,1.1484741426225502,0.2513323507975799,,0.7174164568023604,False,False,False
scipy,regime_2samp,kruskal,FARS,1.3202314854400323,0.2505505105175034,,0.7174164568023604,False,False,False
scipy,regime_2samp,brunnermunzel,ALGO,-1.1487218260342686,0.2512235516147594,,0.7174164568023604,False,False,False
scipy,regime_2samp,mannwhitneyu,ALGO,32975.0,0.2508065978456136,,0.7174164568023604,False,False,False
scipy,regime_2samp,ranksums,ALGO,1.148702778045373,0.2506785599489944,,0.7174164568023604,False,False,False
scipy,regime_2samp,kruskal,ALGO,1.3195183271638846,0.2506785141875796,,0.7174164568023604,False,False,False
scipy,regime_2samp,welch_t,ALGO,1.1501975812318912,0.250617169505366,,0.7174164568023604,False,False,False
scipy,regime_2samp,ranksums,FARS,-1.149013238255655,0.2505505219569,,0.7174164568023604,False,False,False
statsmodels,autocorr,boxpierce_lag2,ILVX,2.762731695612861,0.2512351696030683,,0.7174164568023604,False,False,False
scipy,regime_2samp,mannwhitneyu,FARS,29274.5,0.250678548508642,,0.7174164568023604,False,False,False
scipy,dist_fit,ks_hypsecant,CCNS,0.0451405726258246,0.2534473151569,,0.7229300407731547,False,False,False
scipy,normality,kurtosistest,NGTE,-1.141450267516946,0.2536825964859011,,0.7230779431290109,False,False,False
arch,unitroot,DFGLS,FCSG,-1.099206213574808,0.2540350597092503,,0.723559396946434,False,False,False
scipy,normality,skewtest,MHRM,-1.1398817524775149,0.2543355682062368,,0.7238922814938523,False,False,False
scipy,normality,kurtosistest,AGVF,1.138429173111886,0.2549413181199556,,0.7250928398476659,False,False,False
statsmodels,spec,reset,HRND,1.2932826723147626,0.2559929569274343,,0.7275589302148132,False,False,False
scipy,normality,kurtosistest,ACAC,-1.135320275863621,0.2562411497962553,,0.7277396343637165,False,False,False
statsmodels,autocorr,ljungbox_lag10,ULXY,12.443673816288667,0.256459454337768,,0.727835254859238,False,False,False
scipy,normality,cramervonmises,HRET,0.2055752053641347,0.2569665790169568,,0.7282259198309444,False,False,False
statsmodels,autocorr,boxpierce_lag20,ULXY,23.67688228486574,0.256791586180502,,0.7282259198309444,False,False,False
arch,unitroot,PP,ACIX,-2.0682237869875206,0.2574823915166917,,0.7286400483552037,False,False,False
scipy,regime_2samp,ks_2samp,SRNA,0.0892208835341366,0.2573228466657617,,0.7286400483552037,False,False,False
statsmodels,autocorr,ljungbox_lag10,ACIX,12.415977611180551,0.2581805972215645,,0.7300917605792018,False,False,False
scipy,regime_2samp,mood_scale,ILVX,-1.1293465623491807,0.2587516658827367,,0.7311821268170237,False,False,False
statsmodels,autocorr,ljungbox_lag10,HUXZ,12.398215030908132,0.2592889008276661,,0.7321753918786961,False,False,False
statsmodels,autocorr,boxpierce_lag20,HRND,23.61558711024234,0.2595873888204657,,0.7324020744308453,False,False,False
arch,unitroot,ZivotAndrews,CUBO,-4.159522917852169,0.259926560661784,,0.7324020744308453,False,False,False
statsmodels,unitroot,zivot_andrews_price,CUBO,-4.159522917852169,0.259926560661784,break_at=114,0.7324020744308453,False,False,False
scipy,normality,shapiro,DIHO,0.9961092279548056,0.260257705984558,,0.7326528223606366,False,False,False
scipy,regime_2samp,levene_var,MHRM,1.2695903842399374,0.2603872663945337,,0.7326528223606366,False,False,False
statsmodels,hetero,white,NGTE,2.6879459368786,0.2608074278176539,,0.7333116123089813,False,False,False
scipy,sign,binomtest_updays,EORC,0.4737903225806452,0.2616151698181604,,0.7350584457756153,False,False,False
scipy,regime_2samp,epps_singleton,OTCS,5.258018491559452,0.2618326892637011,,0.735145627548084,False,False,False
statsmodels,spec,reset,MTNS,1.2583356556584913,0.2625091241100729,,0.7365202613821404,False,False,False
statsmodels,hetero,breusch_pagan,HRET,1.2539466322373922,0.262800028480979,,0.7368120286429725,False,False,False
scipy,dist_fit,ks_t,ILVX,0.0446437023640649,0.2650016295339711,,0.7414054230917627,False,False,False
statsmodels,hetero,goldfeld_quandt,HRET,1.0832870501783969,0.2647833951295509,,0.7414054230917627,False,False,False
scipy,normality,jarque_bera,GARI,2.656031298884828,0.2650025979544124,,0.7414054230917627,False,False,False
statsmodels,autocorr,ljungbox_lag20,ANSO,23.48868963888765,0.2654404158646568,,0.742101499142925,False,False,False
scipy,normality,kstest_norm,ILVX,0.0446133467046207,0.265719786101708,,0.742101499142925,False,False,False
statsmodels,hetero,arch_lm,FWWG,6.434639378819887,0.2661926737159046,,0.742101499142925,False,False,False
statsmodels,autocorr,boxpierce_lag10,ULXY,12.29159203469126,0.2660152544232169,,0.742101499142925,False,False,False
scipy,dist_fit,ks_hypsecant,RCRI,0.0446054704923187,0.2659063535585458,,0.742101499142925,False,False,False
arch,unitroot,VarianceRatio_q5,ILVX,1.107746490793383,0.2679713150975371,,0.7465321018476969,False,False,False
statsmodels,granger,granger_algo_to,IHOZ,,0.2683059008400068,,0.7469363425927308,False,False,False
scipy,normality,skewtest,AENO,-1.102151772247798,0.2703956947535518,,0.7485513485377556,False,False,False
statsmodels,autocorr,ljungbox_lag2,ACIX,2.620159214640272,0.2697985775880252,,0.7485513485377556,False,False,False
arch,unitroot,ZivotAndrews,FWWG,-4.139701609134175,0.2704051548243947,,0.7485513485377556,False,False,False
statsmodels,hetero,white,AETS,2.6235126954185293,0.2693465744678966,,0.7485513485377556,False,False,False
statsmodels,unitroot,zivot_andrews_price,FWWG,-4.139701609134175,0.2704051548243947,break_at=306,0.7485513485377556,False,False,False
statsmodels,hetero,arch_lm,SMAH,6.4002035154114205,0.2692009381424394,,0.7485513485377556,False,False,False
statsmodels,autocorr,boxpierce_lag10,ACIX,12.2269221094381,0.270156530348807,,0.7485513485377556,False,False,False
scipy,dist_fit,ks_hypsecant,MTNS,0.0444190291084826,0.2703505517059181,,0.7485513485377556,False,False,False
statsmodels,model,ar1_coef,IHOZ,0.0577333883963206,0.2709607265576176,,0.749562936203599,False,False,False
statsmodels,autocorr,boxpierce_lag10,HUXZ,12.198172415701858,0.2720125224905409,,0.7519448552999386,False,False,False
statsmodels,autocorr,boxpierce_lag2,ACIX,2.6022667392372933,0.2722230887507451,,0.7519995906485193,False,False,False
scipy,normality,normaltest_K2,AETS,2.578331290073477,0.2755005524751482,,0.7591547283382108,False,False,False
statsmodels,normality,omni_normtest,AETS,2.578331290073477,0.2755005524751482,,0.7591547283382108,False,False,False
statsmodels,hetero,arch_lm,HRND,6.3314051786478265,0.2752939587216979,,0.7591547283382108,False,False,False
scipy,normality,skewtest,RTTH,1.0902942080052929,0.2755835657666108,,0.7591547283382108,False,False,False
scipy,normality,jarque_bera,AETS,2.576325023821704,0.2757770548667039,,0.7591572278523372,False,False,False
scipy,sign,binomtest_updays,NPCK,0.4743326488706365,0.2767817296425715,,0.7613911920802628,False,False,False
statsmodels,spec,harvey_collier,EELT,-1.0876855141612354,0.2772632812815069,,0.7615460377254251,False,False,False
scipy,regime_2samp,ansari_scale,ILVX,32062.0,0.2774175824895257,,0.7615460377254251,False,False,False
scipy,normality,kurtosistest,NPCK,-1.086704118799543,0.2771675931533337,,0.7615460377254251,False,False,False
statsmodels,unitroot,zivot_andrews_price,FARS,-4.122566327698802,0.2796753445743065,break_at=348,0.7622557107981018,False,False,False
scipy,sign,chi2_signtransition,FCSG,1.172684674221235,0.2788502981796676,,0.7622557107981018,False,False,False
scipy,regime_2samp,bartlett_var,HUXZ,1.1674524018586394,0.2799253223032381,,0.7622557107981018,False,False,False
scipy,regime_2samp,cramervonmises_2s,FARS,0.1939210388648717,0.2801898845627726,,0.7622557107981018,False,False,False
arch,unitroot,ZivotAndrews,FARS,-4.122566327698802,0.2796753445743065,,0.7622557107981018,False,False,False
statsmodels,autocorr,ljungbox_lag2,AENO,2.554216540318857,0.2788424728211105,,0.7622557107981018,False,False,False
scipy,sign,fisher_signtransition,GARI,,0.2792626825371636,,0.7622557107981018,False,False,False
scipy,sign,Gtest_signtransition,FCSG,1.1728641413138163,0.2788135172309872,,0.7622557107981018,False,False,False
scipy,regime_2samp,ttest_ind,HRET,1.082206674000734,0.2796854899639449,,0.7622557107981018,False,False,False
scipy,normality,kurtosistest,MDGI,-1.0807934029459862,0.2797890236580465,,0.7622557107981018,False,False,False
statsmodels,autocorr,ljungbox_lag20,GARI,23.19849254235401,0.2791535735616248,,0.7622557107981018,False,False,False
scipy,regime_2samp,welch_t,HRET,1.0822782489370353,0.2796541645692806,,0.7622557107981018,False,False,False
statsmodels,spec,reset,NAYO,1.1692172642992091,0.2800875753538838,,0.7622557107981018,False,False,False
scipy,sign,binomtest_updays,NGTE,0.4748490945674044,0.2816700079866242,,0.7646272600507696,False,False,False
statsmodels,autocorr,boxpierce_lag2,AENO,2.5347994001069747,0.2815628184828425,,0.7646272600507696,False,False,False
scipy,sign,binomtest_updays,EELT,0.4748490945674044,0.2816700079866242,,0.7646272600507696,False,False,False
scipy,normality,skewtest,LSST,1.0762007243000786,0.2818374959040508,,0.7646272600507696,False,False,False
scipy,sign,binomtest_updays,SRTX,0.4749498997995992,0.2826368108936261,,0.7662684377872586,False,False,False
statsmodels,model,ar1_coef,NGTE,-0.0476300508426807,0.2841390334076458,,0.7682277569910424,False,False,False
statsmodels,granger,granger_to_algo,OTCS,,0.284077361504985,,0.7682277569910424,False,False,False
sklearn,feat_dep,f_regression,mkt_lag1,1.149048711880836,0.2837586240415052,,0.7682277569910424,False,False,False
statsmodels,autocorr,ljungbox_lag1,ACAC,1.1480398989436151,0.2839598435821331,,0.7682277569910424,False,False,False
statsmodels,autocorr,ljungbox_lag10,AENO,12.00037337028105,0.2850315127994066,,0.7701125589138181,False,False,False
scipy,normality,normaltest_K2,MMBT,2.503572231984099,0.2859935227940347,,0.770503194390021,False,False,False
statsmodels,autocorr,boxpierce_lag20,ANSO,23.0539470512992,0.2861533933503274,,0.770503194390021,False,False,False
statsmodels,autocorr,boxpierce_lag1,ACAC,1.1411654085307792,0.2854062054747358,,0.770503194390021,False,False,False
statsmodels,autocorr,ljungbox_lag2,CUBO,2.5025573991735097,0.2861386774231141,,0.770503194390021,False,False,False
statsmodels,normality,omni_normtest,MMBT,2.503572231984099,0.2859935227940347,,0.770503194390021,False,False,False
statsmodels,autocorr,ljungbox_lag1,NGTE,1.1364556629993134,0.2864025114002072,,0.7706475767505917,False,False,False
scipy,regime_2samp,ttest_ind,AMRP,-1.0642330888627578,0.287739896560963,,0.7719076689129436,False,False,False
statsmodels,autocorr,boxpierce_lag1,NGTE,1.1296505392687786,0.2878498917559683,,0.7719076689129436,False,False,False
scipy,regime_2samp,welch_t,AMRP,-1.0640159587638265,0.2878439074624012,,0.7719076689129436,False,False,False
scipy,dist_fit,ks_logistic,NPCK,0.0437223183635451,0.2874334837504724,,0.7719076689129436,False,False,False
arch,unitroot,VarianceRatio_q5,MHRM,-1.0637900731784644,0.287423809278124,,0.7719076689129436,False,False,False
statsmodels,autocorr,boxpierce_lag2,CUBO,2.487084967682992,0.2883608926498271,,0.7722659352041434,False,False,False
statsmodels,autocorr,ljungbox_lag1,DUCT,1.126275335584835,0.288571213230772,,0.7722659352041434,False,False,False
scipy,regime_2samp,mood_scale,NPCK,1.061660384900057,0.2883898897311171,,0.7722659352041434,False,False,False
statsmodels,hetero,breusch_pagan,FCSG,1.1215629278824033,0.2895821639144783,,0.7744379353778684,False,False,False
arch,unitroot,ADF,ACIX,-1.991825821135622,0.290168653108349,,0.7744379353778684,False,False,False
statsmodels,unitroot,adf_price,ACIX,-1.9918258211356223,0.2901686531083489,,0.7744379353778684,False,False,False
statsmodels,autocorr,boxpierce_lag1,DUCT,1.1195311718986982,0.2900194271473657,,0.7744379353778684,False,False,False
scipy,regime_2samp,bartlett_var,EELT,1.115894382590878,0.2908042202263462,,0.7756090907525418,False,False,False
scipy,dist_fit,ks_gennorm,ILVX,0.0435413412248664,0.291994202026374,,0.778256351851228,False,False,False
statsmodels,spec,harvey_collier,MDGI,-1.0533498040143698,0.2926945965476067,,0.77952422944322,False,False,False
statsmodels,spec,harvey_collier,NGTE,-1.0529767023767516,0.2928653941667704,,0.77952422944322,False,False,False
scipy,regime_2samp,ks_2samp,ALGO,0.0859116465863454,0.2933658866317153,,0.7803295041175586,False,False,False
arch,unitroot,ZivotAndrews,AGVF,-4.097025376027764,0.2938176212470854,,0.7804778052264223,False,False,False
statsmodels,unitroot,zivot_andrews_price,AGVF,-4.097025376027764,0.2938176212470854,break_at=360,0.7804778052264223,False,False,False
statsmodels,granger,granger_to_algo,SMAH,,0.2956923122220958,,0.7828200770849575,False,False,False
arch,unitroot,ADF,MMBT,-1.97958991499322,0.2955932826729631,,0.7828200770849575,False,False,False
scipy,dist_fit,ks_logistic,BLBT,0.0434102888265905,0.2953286250252023,,0.7828200770849575,False,False,False
statsmodels,unitroot,adf_price,MMBT,-1.97958991499322,0.2955932826729631,,0.7828200770849575,False,False,False
statsmodels,hetero,goldfeld_quandt,ACAC,1.070921524690209,0.2951231004381507,,0.7828200770849575,False,False,False
scipy,dist_fit,ks_hypsecant,LSST,0.0433278482415631,0.2974399107466015,,0.7869182068208745,False,False,False
statsmodels,autocorr,ljungbox_lag2,ALGO,2.421644039651631,0.2979522560750167,,0.7877449989588973,False,False,False
statsmodels,autocorr,boxpierce_lag10,AENO,11.803923693782258,0.2983935258244024,,0.7883828946379318,False,False,False
arch,unitroot,DFGLS,ACIX,-0.9842051945976038,0.2994070206901033,,0.7894732277995901,False,False,False
scipy,regime_2samp,epps_singleton,ILVX,4.885863290844685,0.2992103879303505,,0.7894732277995901,False,False,False
statsmodels,granger,granger_algo_to,NPCK,,0.2990854614521313,,0.7894732277995901,False,False,False
scipy,normality,kurtosistest,LSST,-1.0365688064252203,0.2999368571396046,,0.7903416382649208,False,False,False
scipy,regime_2samp,epps_singleton,HRND,4.872494714528849,0.3006322969425033,,0.7916449662974937,False,False,False
statsmodels,autocorr,boxpierce_lag2,ALGO,2.402357841911872,0.3008393369698273,,0.7916613259913613,False,False,False
statsmodels,spec,harvey_collier,FCSG,1.0343112068317548,0.3014957398514061,,0.7917484787374476,False,False,False
statsmodels,autocorr,boxpierce_lag20,GARI,22.744962171493714,0.3014902804001522,,0.7917484787374476,False,False,False
statsmodels,unitroot,adf_price,AMRP,-1.96600240284183,0.3016758536437459,,0.7917484787374476,False,False,False
arch,unitroot,ADF,AMRP,-1.96600240284183,0.3016758536437459,,0.7917484787374476,False,False,False
arch,unitroot,PP,HETT,-1.9647250833610044,0.3022507938481277,,0.7927296269789217,False,False,False
scipy,regime_2samp,ks_2samp,FARS,0.0854297188755019,0.3025600913325657,,0.7928474435383258,False,False,False
scipy,sign,binomtest_updays,CUBO,0.5240963855421686,0.3026979712138966,,0.7928474435383258,False,False,False
scipy,sign,Gtest_signtransition,GARI,1.0566967819866715,0.3039697832469042,,0.7955747921851957,False,False,False
scipy,sign,chi2_signtransition,GARI,1.0559405769689671,0.3041428746380238,,0.7955747921851957,False,False,False
scipy,regime_2samp,ansari_scale,MDGI,32014.0,0.3046414474663048,,0.7963505211619187,False,False,False
scipy,normality,skewtest,ANSO,-1.0258995874683572,0.3049389171341479,,0.7965998749786687,False,False,False
scipy,normality,jarque_bera,MMBT,2.3698090015268183,0.3057753794197073,,0.7981107223544397,False,False,False
statsmodels,hetero,white,CTGI,2.368848933559052,0.3059221972292132,,0.7981107223544397,False,False,False
scipy,regime_2samp,ranksums,AMRP,-1.0204827111986865,0.307499584606719,,0.8001565237047665,False,False,False
scipy,trend,linregress_slope,HETT,-0.0019634953739814,0.3070861468272802,r2=0.002,0.8001565237047665,False,False,False
statsmodels,hetero,goldfeld_quandt,BLBT,1.0660038248962982,0.3077212810594688,,0.8001565237047665,False,False,False
scipy,regime_2samp,mannwhitneyu,AMRP,29481.5,0.3076465302179924,,0.8001565237047665,False,False,False
scipy,regime_2samp,kruskal,AMRP,1.041386019900464,0.3074993393320123,,0.8001565237047665,False,False,False
arch,unitroot,VarianceRatio_q5,HRND,-1.0195196081286726,0.307956349089121,,0.8002398998743012,False,False,False
scipy,regime_2samp,brunnermunzel,AMRP,1.0194632225236675,0.308487752346853,,0.8010927007584285,False,False,False
statsmodels,autocorr,ljungbox_lag3,CUBO,3.592345130136253,0.3089812834737698,,0.8018460957561557,False,False,False
arch,unitroot,ZivotAndrews,AETS,-4.069998437964001,0.3095991055652379,,0.8018657517333561,False,False,False
statsmodels,unitroot,zivot_andrews_price,AETS,-4.069998437964001,0.3095991055652379,break_at=339,0.8018657517333561,False,False,False
statsmodels,hetero,arch_lm,ELLT,5.968443170440051,0.3093016579602422,,0.8018657517333561,False,False,False
scipy,dist_fit,ks_laplace,NWIG,0.0428407044441871,0.3101319977320779,,0.8027185391069278,False,False,False
scipy,normality,skewtest,EELT,1.014443669170811,0.3103710957555962,,0.8028102752418375,False,False,False
arch,unitroot,ZivotAndrews,SRTX,-4.067908699224184,0.310863774374132,,0.8030307985470697,False,False,False
statsmodels,unitroot,zivot_andrews_price,SRTX,-4.067908699224184,0.310863774374132,break_at=416,0.8030307985470697,False,False,False
statsmodels,autocorr,ljungbox_lag5,LSST,5.936922077856838,0.3124051519066682,,0.8054291097554519,False,False,False
statsmodels,autocorr,boxpierce_lag3,CUBO,3.565996573586226,0.3123029205100997,,0.8054291097554519,False,False,False
scipy,regime_2samp,cramervonmises_2s,ALGO,0.1793152892129654,0.312149291337813,,0.8054291097554519,False,False,False
scipy,regime_2samp,bartlett_var,IHOZ,1.0187199784463417,0.3128228263710703,,0.8059788114736988,False,False,False
statsmodels,autocorr,ljungbox_lag20,ALGO,22.518432255168737,0.3130540515983516,,0.8060477278907263,False,False,False
statsmodels,granger,granger_to_algo,EORC,,0.3140497519521117,,0.808083630675734,False,False,False
scipy,dist_fit,ks_hypsecant,CTGI,0.0426801293509556,0.3143968147751741,,0.8084489522790191,False,False,False
statsmodels,hetero,white,ALGO,2.309454894528929,0.3151434184000343,,0.8087860386282131,False,False,False
scipy,regime_2samp,welch_t,ANSO,1.005686564171285,0.3150560793110419,,0.8087860386282131,False,False,False
scipy,regime_2samp,ttest_ind,ANSO,1.005625608199337,0.3150850470899747,,0.8087860386282131,False,False,False
scipy,regime_2samp,epps_singleton,ELLT,4.733256332403432,0.3157778032899836,,0.8098868578849157,False,False,False
scipy,dist_fit,ks_hypsecant,EAFC,0.0425934028695058,0.3167169806181048,,0.8117674496726719,False,False,False
statsmodels,autocorr,ljungbox_lag10,DIHO,11.541146639051794,0.3169383368348759,,0.8118069680331909,False,False,False
statsmodels,hetero,goldfeld_quandt,CTGI,1.0623787248472625,0.3171950067256618,,0.811936828904259,False,False,False
statsmodels,autocorr,ljungbox_lag3,ELLT,3.5053845464956743,0.3200644343821439,,0.8150985888876221,False,False,False
statsmodels,autocorr,boxpierce_lag3,ELLT,3.478918701324168,0.3235066049212197,,0.8150985888876221,False,False,False
arch,unitroot,DFGLS,MTNS,-0.9288468549142848,0.322604225887794,,0.8150985888876221,False,False,False
scipy,normality,kstest_norm,ACAC,0.042341795463092,0.3235145752339536,,0.8150985888876221,False,False,False
scipy,regime_2samp,ansari_scale,HETT,30393.0,0.3238969158034279,,0.8150985888876221,False,False,False
scipy,regime_2samp,epps_singleton,AETS,4.692040751501958,0.3203796168541932,,0.8150985888876221,False,False,False
scipy,dist_fit,ks_logistic,MDGI,0.0423811389246669,0.3224451320948427,,0.8150985888876221,False,False,False
scipy,dist_fit,ks_hypsecant,RRES,0.0423373089361451,0.3236366823719612,,0.8150985888876221,False,False,False
scipy,dist_fit,ks_t,ACAC,0.0423394160792592,0.32357932960117,,0.8150985888876221,False,False,False
arch,unitroot,VarianceRatio_q5,ALUT,0.9877820696445244,0.3232593907453207,,0.8150985888876221,False,False,False
scipy,sign,Gtest_signtransition,RTTH,0.9699704059825134,0.3246875596710509,,0.8150985888876221,False,False,False
scipy,sign,fisher_signtransition,CCNS,,0.3196368085760192,,0.8150985888876221,False,False,False
scipy,sign,binomtest_updays,NAYO,0.4769539078156312,0.3246978150945291,,0.8150985888876221,False,False,False
scipy,dist_fit,ks_hypsecant,HRND,0.0424124717258357,0.321595163381141,,0.8150985888876221,False,False,False
statsmodels,autocorr,boxpierce_lag5,LSST,5.872598459232521,0.3188137286925832,,0.8150985888876221,False,False,False
statsmodels,model,ar1_coef,DUCT,-0.0473766571984056,0.3213549360004467,,0.8150985888876221,False,False,False
statsmodels,break,cusum_olsresid,ILVX,0.9552193242177028,0.3211198943977384,,0.8150985888876221,False,False,False
statsmodels,unitroot,adf_price,HETT,-1.923490324099942,0.3210924803188614,,0.8150985888876221,False,False,False
scipy,normality,kurtosistest,AETS,-0.995669519159704,0.3194107447141624,,0.8150985888876221,False,False,False
scipy,regime_2samp,bartlett_var,FARS,0.9693587654752894,0.3248401530041741,,0.8150985888876221,False,False,False
statsmodels,autocorr,boxpierce_lag3,DUCT,3.4695197395952104,0.3247368781526832,,0.8150985888876221,False,False,False
statsmodels,autocorr,ljungbox_lag3,DUCT,3.4990981551387623,0.3208791058972601,,0.8150985888876221,False,False,False
statsmodels,autocorr,ljungbox_lag5,BLBT,5.845392511576294,0.3215548163363846,,0.8150985888876221,False,False,False
scipy,sign,fisher_signtransition,LSST,,0.3245075131867684,,0.8150985888876221,False,False,False
scipy,regime_2samp,bartlett_var,MSDP,0.9874140068568812,0.3203752361958639,,0.8150985888876221,False,False,False
arch,unitroot,ADF,HETT,-1.923490324099942,0.3210924803188614,,0.8150985888876221,False,False,False
scipy,sign,fisher_signtransition,RTTH,,0.3231712139812005,,0.8150985888876221,False,False,False
statsmodels,autocorr,boxpierce_lag1,ITPA,0.9767292886823372,0.3230076282833163,,0.8150985888876221,False,False,False
statsmodels,autocorr,ljungbox_lag1,ITPA,0.9826132000599416,0.321554499629824,,0.8150985888876221,False,False,False
statsmodels,granger,granger_to_algo,ELLT,,0.3214907097431229,,0.8150985888876221,False,False,False
scipy,sign,chi2_signtransition,RTTH,0.9696622312196834,0.3247644318970847,,0.8150985888876221,False,False,False
statsmodels,autocorr,ljungbox_lag5,ELLT,5.809724487166103,0.3251760780875764,,0.8154224553570142,False,False,False
statsmodels,autocorr,ljungbox_lag5,CTGI,5.8001759641993,0.3261508294614914,,0.8160187221980318,False,False,False
scipy,sign,chi2_signtransition,CCNS,0.9644368710956102,0.3260715371562702,,0.8160187221980318,False,False,False
arch,unitroot,DFGLS,ALUT,-0.919537487750189,0.3265850721692229,,0.8160187221980318,False,False,False
statsmodels,autocorr,ljungbox_lag2,MMBT,2.237695933435891,0.326655896404996,,0.8160187221980318,False,False,False
scipy,sign,Gtest_signtransition,CCNS,0.9649598184385476,0.3259404105915184,,0.8160187221980318,False,False,False
statsmodels,autocorr,boxpierce_lag5,BLBT,5.798060965817889,0.3263670411895706,,0.8160187221980318,False,False,False
scipy,normality,normaltest_K2,LSST,2.2326828894378203,0.3274756935860759,,0.816514347954656,False,False,False
scipy,regime_2samp,epps_singleton,BLBT,4.629954121679753,0.3274151448960488,,0.816514347954656,False,False,False
statsmodels,normality,omni_normtest,LSST,2.2326828894378203,0.3274756935860759,,0.816514347954656,False,False,False
scipy,regime_2samp,ranksums,ANSO,0.9723613786048938,0.3308707985266947,,0.8171640720342381,False,False,False
scipy,regime_2samp,brunnermunzel,ANSO,-0.9725296048534552,0.3312603214385369,,0.8171640720342381,False,False,False
scipy,normality,jarque_bera,LSST,2.2184632221063096,0.3298122878524966,,0.8171640720342381,False,False,False
statsmodels,granger,granger_algo_to,EAFC,,0.3295244650663039,,0.8171640720342381,False,False,False
scipy,regime_2samp,fligner_var,HRET,0.9443994677126044,0.3311489735361084,,0.8171640720342381,False,False,False
statsmodels,autocorr,ljungbox_lag2,FARS,2.217824556419317,0.3299176245660376,,0.8171640720342381,False,False,False
scipy,regime_2samp,kruskal,ANSO,0.945486650602561,0.3308707985266532,,0.8171640720342381,False,False,False
statsmodels,autocorr,boxpierce_lag5,ELLT,5.755613251300968,0.3307297324900125,,0.8171640720342381,False,False,False
scipy,dist_fit,ks_hypsecant,EELT,0.0421003876765276,0.3301293946055246,,0.8171640720342381,False,False,False
scipy,normality,kurtosistest,ULXY,0.9732582288962944,0.3304249772542251,,0.8171640720342381,False,False,False
statsmodels,autocorr,boxpierce_lag2,MMBT,2.2199463594796214,0.3295678000508041,,0.8171640720342381,False,False,False
statsmodels,autocorr,boxpierce_lag10,DIHO,11.384485696290136,0.3283577170519873,,0.8171640720342381,False,False,False
scipy,regime_2samp,mannwhitneyu,ANSO,32691.0,0.3310252178831644,,0.8171640720342381,False,False,False
statsmodels,autocorr,breusch_godfrey,LSST,5.758927636507842,0.3303874841510542,,0.8171640720342381,False,False,False
scipy,regime_2samp,bartlett_var,RTTH,0.947106311673028,0.3304569561078564,,0.8171640720342381,False,False,False
scipy,regime_2samp,fligner_var,SPLZ,0.9510319825737052,0.3294567540840546,,0.8171640720342381,False,False,False
statsmodels,hetero,goldfeld_quandt,LSST,1.05805243977347,0.3287031548876973,,0.8171640720342381,False,False,False
statsmodels,autocorr,breusch_godfrey,BLBT,5.742935014318684,0.332041413468562,,0.8175560598957348,False,False,False
scipy,regime_2samp,fligner_var,MDGI,0.9410753221642624,0.3320014496722806,,0.8175560598957348,False,False,False
statsmodels,autocorr,ljungbox_lag3,ACIX,3.4171807044202347,0.3316634210106243,,0.8175560598957348,False,False,False
statsmodels,autocorr,boxpierce_lag2,FARS,2.2035409449226435,0.3322822660077821,,0.8176383848955537,False,False,False
scipy,dist_fit,ks_hypsecant,SPLZ,0.0419670303992419,0.3338224277391182,,0.8201058479639852,False,False,False
scipy,regime_2samp,levene_var,MSDP,0.9354964495385244,0.3339091542319118,,0.8201058479639852,False,False,False
statsmodels,autocorr,boxpierce_lag5,CTGI,5.727610827956135,0.3336321517289833,,0.8201058479639852,False,False,False
scipy,normality,normaltest_K2,AMRP,2.1894990848490794,0.3346234054210025,,0.8208372521279351,False,False,False
statsmodels,normality,omni_normtest,AMRP,2.1894990848490794,0.3346234054210025,,0.8208372521279351,False,False,False
statsmodels,autocorr,boxpierce_lag3,ACIX,3.3913339227320267,0.3351316170086447,,0.821572658114476,False,False,False
scipy,normality,skewtest,DIHO,0.962896260173874,0.3355995865633486,,0.821901250890179,False,False,False
statsmodels,granger,granger_to_algo,EELT,,0.335998435028797,,0.821901250890179,False,False,False
statsmodels,unitroot,adf_price,MDGI,-1.8909970831794884,0.3363081475611006,,0.821901250890179,False,False,False
arch,unitroot,ADF,MDGI,-1.8909970831794884,0.3363081475611006,,0.821901250890179,False,False,False
statsmodels,hetero,breusch_pagan,BENI,0.9246154381999628,0.3362660200019136,,0.821901250890179,False,False,False
statsmodels,spec,rainbow,NPCK,1.0542272416105811,0.338887219711762,,0.8261554855310859,False,False,False
scipy,regime_2samp,cramervonmises_2s,AMRP,0.1685934036748193,0.3384297505913821,,0.8261554855310859,False,False,False
statsmodels,autocorr,ljungbox_lag20,ACAC,22.03161723677927,0.3387974726676842,,0.8261554855310859,False,False,False
scipy,normality,skewtest,MMBT,0.9567392065993708,0.3386989037646652,,0.8261554855310859,False,False,False
scipy,regime_2samp,cramervonmises_2s,SMAH,0.1683052852693265,0.3391720579907282,,0.8263388458587457,False,False,False
statsmodels,granger,granger_algo_to,AENO,,0.3402211025597626,,0.8276783805204204,False,False,False
statsmodels,hetero,arch_lm,LSST,5.664909806767358,0.3402014904000981,,0.8276783805204204,False,False,False
arch,unitroot,PP,MMBT,-1.882470868037672,0.3403517642880775,,0.8276783805204204,False,False,False
scipy,regime_2samp,levene_var,MDGI,0.9096082701378988,0.3406820003619148,,0.8279706815207573,False,False,False
statsmodels,granger,granger_to_algo,BENI,,0.3410231427586216,,0.8282891119867445,False,False,False
statsmodels,autocorr,ljungbox_lag5,CUBO,5.649979717386574,0.3417801308068601,,0.8295445899244034,False,False,False
statsmodels,hetero,breusch_pagan,BLBT,0.9022790042199966,0.3421713605319837,,0.8295445899244034,False,False,False
scipy,dist_fit,ks_logistic,ELLT,0.0416708824198538,0.3421224004271475,,0.8295445899244034,False,False,False
scipy,dist_fit,ks_hypsecant,FCSG,0.0416126609896291,0.3437701366971565,,0.8328027659248691,False,False,False
statsmodels,autocorr,ljungbox_lag5,HETT,5.62965735465045,0.3439378241820616,,0.8328027659248691,False,False,False
statsmodels,autocorr,boxpierce_lag20,ALGO,21.928300665544185,0.3444138907758656,,0.8334435588940836,False,False,False
statsmodels,hetero,white,FWWG,2.120683557505284,0.3463374193282743,,0.837427801274564,False,False,False
scipy,sign,binomtest_updays,HUXZ,0.4779116465863454,0.3466976589751619,,0.837427801274564,False,False,False
scipy,sign,binomtest_updays,AENO,0.4779116465863454,0.3466976589751619,,0.837427801274564,False,False,False
scipy,regime_2samp,bartlett_var,HETT,0.883930235111174,0.3471274745886742,,0.8379525442918272,False,False,False
statsmodels,autocorr,boxpierce_lag5,CUBO,5.596207269832853,0.3475116889042511,,0.8383666325952007,False,False,False
statsmodels,autocorr,ljungbox_lag2,RCRI,2.111369697230195,0.3479540498401252,,0.8389204064035312,False,False,False
scipy,regime_2samp,ttest_ind,HTRK,0.9357603939642216,0.3498510182755286,,0.8391401560367076,False,False,False
statsmodels,autocorr,breusch_godfrey,EORC,5.572216589972916,0.3500920355171932,,0.8391401560367076,False,False,False
scipy,regime_2samp,welch_t,HTRK,0.9357738057127878,0.3498441227680798,,0.8391401560367076,False,False,False
statsmodels,hetero,breusch_pagan,EORC,0.8758758228362017,0.349333751895178,,0.8391401560367076,False,False,False
statsmodels,autocorr,ljungbox_lag3,SRTX,3.283558152519257,0.3499376074995706,,0.8391401560367076,False,False,False
scipy,regime_2samp,ansari_scale,ULXY,30434.0,0.3494967402156619,,0.8391401560367076,False,False,False
arch,unitroot,VarianceRatio_q5,RTTH,0.935697274714448,0.3494290741942096,,0.8391401560367076,False,False,False
statsmodels,autocorr,ljungbox_lag20,AGVF,21.82080699119316,0.3503127963856693,,0.8391401560367076,False,False,False
statsmodels,autocorr,boxpierce_lag2,RCRI,2.098641248366146,0.3501755691307693,,0.8391401560367076,False,False,False
statsmodels,autocorr,boxpierce_lag5,HETT,5.585002567215057,0.3487150415816726,,0.8391401560367076,False,False,False
statsmodels,autocorr,breusch_godfrey,CTGI,5.569484637054673,0.3503867825561696,,0.8391401560367076,False,False,False
scipy,normality,normaltest_K2,SRTX,2.0898881865739973,0.3517114818613051,,0.8392534270564557,False,False,False
statsmodels,spec,harvey_collier,SRTX,-0.9331117116258888,0.3512172114016613,,0.8392534270564557,False,False,False
statsmodels,hetero,white,EELT,2.093843450135076,0.3510166133806616,,0.8392534270564557,False,False,False
statsmodels,hetero,arch_lm,NPCK,5.559786583418566,0.3514345942163613,,0.8392534270564557,False,False,False
statsmodels,normality,omni_normtest,SRTX,2.0898881865739973,0.3517114818613051,,0.8392534270564557,False,False,False
statsmodels,hetero,white,CCNS,2.090870523866984,0.3515387746264647,,0.8392534270564557,False,False,False
scipy,dist_fit,ks_logistic,ITPA,0.0412905782382024,0.3529801253884431,,0.8417711157176302,False,False,False
scipy,dist_fit,ks_hypsecant,IHOZ,0.0412688047279365,0.3536085138897729,,0.84275983177357,False,False,False
statsmodels,model,ar1_coef,ITPA,0.0444052861501925,0.3588250672369624,,0.8433834936370543,False,False,False
arch,unitroot,VarianceRatio_q5,LSST,0.9178619114663384,0.3586911644805832,,0.8433834936370543,False,False,False
scipy,regime_2samp,levene_var,SPLZ,0.8547986453464309,0.3556470308644324,,0.8433834936370543,False,False,False
scipy,regime_2samp,ks_2samp,NPCK,0.0810923694779117,0.3633745517413897,,0.8433834936370543,False,False,False
scipy,regime_2samp,levene_var,HETT,0.8406493018145335,0.3596558209683618,,0.8433834936370543,False,False,False
scipy,regime_2samp,fligner_var,HETT,0.8335653363625205,0.3612435967663256,,0.8433834936370543,False,False,False
scipy,regime_2samp,kruskal,HTRK,0.8410833219892728,0.3590871239177725,,0.8433834936370543,False,False,False
scipy,regime_2samp,brunnermunzel,HTRK,-0.9169486182657623,0.3596145412592668,,0.8433834936370543,False,False,False
scipy,regime_2samp,fligner_var,NPCK,0.8486048279368714,0.3569473249910362,,0.8433834936370543,False,False,False
statsmodels,unitroot,zivot_andrews_price,BENI,-3.9889805384556154,0.3587461411380934,break_at=139,0.8433834936370543,False,False,False
scipy,dist_fit,ks_logistic,MSDP,0.0411466596581073,0.357147162988584,,0.8433834936370543,False,False,False
scipy,sign,Gtest_signtransition,LSST,0.827153317020084,0.3630969707483303,,0.8433834936370543,False,False,False
scipy,sign,chi2_signtransition,LSST,0.8269004762840452,0.3631703225335757,,0.8433834936370543,False,False,False
scipy,regime_2samp,mood_scale,MHRM,0.9165888907003218,0.3593581079771458,,0.8433834936370543,False,False,False
scipy,regime_2samp,mannwhitneyu,HTRK,32602.0,0.359249818084008,,0.8433834936370543,False,False,False
scipy,regime_2samp,ranksums,HTRK,0.9170994611746028,0.3590905233975547,,0.8433834936370543,False,False,False
statsmodels,autocorr,breusch_godfrey,ELLT,5.451171360197295,0.3633298309915425,,0.8433834936370543,False,False,False
statsmodels,autocorr,breusch_godfrey,ALGO,5.4548156351102985,0.3629259532497566,,0.8433834936370543,False,False,False
scipy,dist_fit,ks_skewnorm,ACAC,0.0409294016834126,0.3634978578613281,,0.8433834936370543,False,False,False
statsmodels,autocorr,ljungbox_lag20,EAFC,21.606161169435914,0.3622579600016682,,0.8433834936370543,False,False,False
scipy,regime_2samp,brunnermunzel,MMBT,-0.9148519490835646,0.3607245642409115,,0.8433834936370543,False,False,False
scipy,regime_2samp,mannwhitneyu,MMBT,32604.0,0.3586027193552186,,0.8433834936370543,False,False,False
scipy,regime_2samp,ranksums,MMBT,0.918341302015733,0.358440210651558,,0.8433834936370543,False,False,False
scipy,regime_2samp,kruskal,MMBT,0.8433507469881079,0.3584402106515135,,0.8433834936370543,False,False,False
statsmodels,autocorr,boxpierce_lag3,SRTX,3.252144463569109,0.3543589745174353,,0.8433834936370543,False,False,False
statsmodels,autocorr,boxpierce_lag20,ACAC,21.626138930434976,0.3611369705934925,,0.8433834936370543,False,False,False
scipy,normality,shapiro,MMBT,0.9965218441899932,0.354540102065418,,0.8433834936370543,False,False,False
scipy,normality,kurtosistest,NAYO,-0.9127523800123796,0.3613727885134569,,0.8433834936370543,False,False,False
statsmodels,autocorr,ljungbox_lag3,EORC,3.249882473092632,0.3546792042289078,,0.8433834936370543,False,False,False
statsmodels,autocorr,breusch_godfrey,MMBT,5.477899252930449,0.3603753947075541,,0.8433834936370543,False,False,False
scipy,dist_fit,ks_hypsecant,ALGO,0.0410530554587805,0.3598744579692305,,0.8433834936370543,False,False,False
statsmodels,autocorr,boxpierce_lag3,EORC,3.220935910387483,0.3587993499797366,,0.8433834936370543,False,False,False
arch,unitroot,ZivotAndrews,BENI,-3.9889805384556154,0.3587461411380934,,0.8433834936370543,False,False,False
statsmodels,hetero,arch_lm,MHRM,5.471667147081368,0.3610626845967397,,0.8433834936370543,False,False,False
statsmodels,hetero,goldfeld_quandt,OTCS,1.04711983130464,0.3587174250217029,,0.8433834936370543,False,False,False
statsmodels,hetero,white,CUBO,2.050305507211725,0.3587416621378952,,0.8433834936370543,False,False,False
statsmodels,autocorr,ljungbox_lag2,EAFC,2.045586571312222,0.3595891009511623,,0.8433834936370543,False,False,False
statsmodels,autocorr,boxpierce_lag2,EAFC,2.029848536777048,0.3624298761917698,,0.8433834936370543,False,False,False
statsmodels,granger,granger_algo_to,NAYO,,0.3628635279369506,,0.8433834936370543,False,False,False
statsmodels,granger,granger_to_algo,NAYO,,0.3584962462138775,,0.8433834936370543,False,False,False
statsmodels,spec,harvey_collier,SPLZ,-0.921736517655568,0.3571150461365794,,0.8433834936370543,False,False,False
scipy,normality,kurtosistest,MSDP,-0.9246100489379474,0.3551687840092766,,0.8433834936370543,False,False,False
statsmodels,autocorr,ljungbox_lag1,FCSG,0.8327497427975992,0.3614786154850142,,0.8433834936370543,False,False,False
statsmodels,autocorr,boxpierce_lag1,FCSG,0.8277632173916255,0.362920116438631,,0.8433834936370543,False,False,False
statsmodels,spec,reset,NGTE,0.8329398956448377,0.3618671846961328,,0.8433834936370543,False,False,False
scipy,regime_2samp,mood_scale,NAYO,-0.9081500491131598,0.3637989507483531,,0.843585566970593,False,False,False
scipy,regime_2samp,levene_var,NPCK,0.819800071826094,0.3656773398799351,,0.8449291624500566,False,False,False
scipy,regime_2samp,mannwhitneyu,BENI,29673.5,0.3676099980409573,,0.8449291624500566,False,False,False
scipy,regime_2samp,ranksums,BENI,-0.9012659904501936,0.3674469117739489,,0.8449291624500566,False,False,False
statsmodels,autocorr,breusch_godfrey,HUXZ,5.409372292910556,0.3679858976254592,,0.8449291624500566,False,False,False
statsmodels,autocorr,ljungbox_lag5,AENO,5.420306009500697,0.366763767135452,,0.8449291624500566,False,False,False
statsmodels,autocorr,ljungbox_lag3,AENO,3.1571666633799063,0.368022164364979,,0.8449291624500566,False,False,False
scipy,sign,fisher_signtransition,MSDP,,0.3657812457177292,,0.8449291624500566,False,False,False
scipy,sign,fisher_signtransition,OTCS,,0.366383162173753,,0.8449291624500566,False,False,False
scipy,regime_2samp,fligner_var,MSDP,0.8191162747869639,0.365438673046405,,0.8449291624500566,False,False,False
scipy,sign,binomtest_updays,MSDP,0.4786150712830957,0.3667602373236145,,0.8449291624500566,False,False,False
scipy,normality,shapiro,SMAH,0.996571794179722,0.367559963365999,,0.8449291624500566,False,False,False
scipy,regime_2samp,welch_t,CUBO,-0.9025407679773836,0.3672070737762424,,0.8449291624500566,False,False,False
scipy,normality,jarque_bera,FCSG,2.011803605559064,0.365714683532764,,0.8449291624500566,False,False,False
scipy,regime_2samp,mood_scale,MDGI,-0.9048150892639436,0.3655633563793438,,0.8449291624500566,False,False,False
scipy,regime_2samp,ttest_ind,CUBO,-0.9025721357127796,0.3671902369747635,,0.8449291624500566,False,False,False
scipy,regime_2samp,kruskal,BENI,0.8122870537607311,0.3674449453332734,,0.8449291624500566,False,False,False
scipy,regime_2samp,epps_singleton,HRET,4.296783095592061,0.3673280925602803,,0.8449291624500566,False,False,False
scipy,regime_2samp,brunnermunzel,BENI,0.9002173482165634,0.368440872472059,,0.8449328707529612,False,False,False
arch,unitroot,VarianceRatio_q5,NGTE,-0.8993027215020054,0.3684914381675095,,0.8449328707529612,False,False,False
statsmodels,autocorr,ljungbox_lag10,DUCT,10.858263024235224,0.3686668030682631,,0.8449328707529612,False,False,False
statsmodels,model,ar1_coef,FCSG,0.0407551866074035,0.3733300643899311,,0.8465015714361459,False,False,False
scipy,dist_fit,ks_hypsecant,EORC,0.0405352518900415,0.3752029865108641,,0.8465015714361459,False,False,False
statsmodels,unitroot,adf_price,FCSG,-1.815226894337376,0.3729285961738644,,0.8465015714361459,False,False,False
scipy,regime_2samp,ttest_ind,NWIG,0.8858390283221692,0.3761326748068776,,0.8465015714361459,False,False,False
statsmodels,autocorr,ljungbox_lag5,NPCK,5.341504816063508,0.375638505469164,,0.8465015714361459,False,False,False
scipy,regime_2samp,welch_t,NWIG,0.8857974090806063,0.3761554053271592,,0.8465015714361459,False,False,False
statsmodels,autocorr,boxpierce_lag3,AGVF,3.115389694706835,0.3741742473202606,,0.8465015714361459,False,False,False
statsmodels,autocorr,ljungbox_lag3,AGVF,3.137657384505414,0.3708842109548818,,0.8465015714361459,False,False,False
scipy,dist_fit,ks_johnsonsu,GARI,0.0405742121120346,0.3740354854483064,,0.8465015714361459,False,False,False
scipy,normality,skewtest,ACIX,0.8899853565674525,0.3734737489870295,,0.8465015714361459,False,False,False
scipy,normality,jarque_bera,SRTX,1.9800099502429025,0.3715748423874779,,0.8465015714361459,False,False,False
scipy,regime_2samp,cramervonmises_2s,HRET,0.1549342218573741,0.3758934629859889,,0.8465015714361459,False,False,False
scipy,dist_fit,ks_t,GARI,0.0404955286382257,0.3763957126655203,,0.8465015714361459,False,False,False
scipy,sign,fisher_signtransition,MMBT,,0.3701360211914528,,0.8465015714361459,False,False,False
scipy,sign,fisher_signtransition,ACAC,,0.3702402248479,,0.8465015714361459,False,False,False
scipy,normality,kstest_norm,GARI,0.0404952692739791,0.3764035081316559,,0.8465015714361459,False,False,False
statsmodels,spec,rainbow,IHOZ,1.0409081317364142,0.3762241781033359,,0.8465015714361459,False,False,False
arch,unitroot,VarianceRatio_q5,DIHO,-0.8840811669484253,0.3766523988581938,,0.8465015714361459,False,False,False
arch,unitroot,ADF,FCSG,-1.815226894337376,0.3729285961738644,,0.8465015714361459,False,False,False
scipy,regime_2samp,fligner_var,ACIX,0.7820208667399062,0.3765237986462575,,0.8465015714361459,False,False,False
statsmodels,hetero,arch_lm,MMBT,5.378114048190158,0.3714962628523968,,0.8465015714361459,False,False,False
scipy,regime_2samp,cramervonmises_2s,IHOZ,0.1561948636228294,0.3722326043808993,,0.8465015714361459,False,False,False
statsmodels,hetero,white,HRND,1.9603101638586435,0.3752528993950525,,0.8465015714361459,False,False,False
statsmodels,hetero,white,DUCT,1.962588767561141,0.3748256165203883,,0.8465015714361459,False,False,False
statsmodels,hetero,arch_lm,MSDP,5.36868920873502,0.3725594687643167,,0.8465015714361459,False,False,False
scipy,normality,jarque_bera,AMRP,1.9807573613828708,0.3714360087422808,,0.8465015714361459,False,False,False
scipy,normality,skewtest,SRNA,0.8895793246928317,0.3736918119854266,,0.8465015714361459,False,False,False
statsmodels,spec,harvey_collier,HETT,-0.8882532610515578,0.3748359463552146,,0.8465015714361459,False,False,False
statsmodels,spec,reset,SMAH,0.7847406847026382,0.3761244514934681,,0.8465015714361459,False,False,False
statsmodels,granger,granger_algo_to,ALUT,,0.3722977129848276,,0.8465015714361459,False,False,False
scipy,regime_2samp,bartlett_var,ALGO,0.7998696240612544,0.3711323526412843,,0.8465015714361459,False,False,False
scipy,normality,kurtosistest,SMAH,-0.8907459251561984,0.3730654909362833,,0.8465015714361459,False,False,False
statsmodels,autocorr,boxpierce_lag5,AENO,5.365405239346121,0.3729304496543674,,0.8465015714361459,False,False,False
statsmodels,autocorr,boxpierce_lag3,AENO,3.1317320568700096,0.3717572422115948,,0.8465015714361459,False,False,False
statsmodels,normality,omni_normtest,FCSG,1.941856884070861,0.3787312448110157,,0.8487541597754542,False,False,False
scipy,normality,normaltest_K2,FCSG,1.941856884070861,0.3787312448110157,,0.8487541597754542,False,False,False
statsmodels,autocorr,ljungbox_lag20,HRET,21.319936361546308,0.3785211545129247,,0.8487541597754542,False,False,False
scipy,dist_fit,ks_logistic,SRTX,0.0404311682036521,0.3783332420896503,,0.8487541597754542,False,False,False
statsmodels,granger,granger_to_algo,CCNS,,0.3781225090086487,,0.8487541597754542,False,False,False
scipy,normality,cramervonmises,ILVX,0.1535112223068337,0.3791493167557733,,0.8488922388817909,False,False,False
statsmodels,autocorr,boxpierce_lag20,AGVF,21.30772032396256,0.3792235496374515,,0.8488922388817909,False,False,False
statsmodels,autocorr,boxpierce_lag5,NPCK,5.303339707524079,0.3799923192828713,,0.8500885107800624,False,False,False
scipy,dist_fit,ks_hypsecant,OTCS,0.0403697088375447,0.3801892553285769,,0.8500885107800624,False,False,False
scipy,regime_2samp,epps_singleton,FARS,4.191607150372496,0.3806952600917724,,0.8507373669397772,False,False,False
scipy,regime_2samp,levene_var,HRET,0.7688196818742884,0.3810060588882285,,0.8509495094262871,False,False,False
statsmodels,autocorr,boxpierce_lag10,DUCT,10.700590101619326,0.3813155581419361,,0.8511585108694859,False,False,False
statsmodels,autocorr,ljungbox_lag1,ELLT,0.7628825093654185,0.3824279514476237,,0.8521938861540603,False,False,False
statsmodels,autocorr,ljungbox_lag3,MMBT,3.0630037567023414,0.3820128762105039,,0.8521938861540603,False,False,False
scipy,normality,jarque_bera,CTGI,1.922601578407677,0.3823951468398391,,0.8521938861540603,False,False,False
statsmodels,autocorr,boxpierce_lag1,ELLT,0.7583143506267034,0.3838565576192153,,0.8548940961214389,False,False,False
statsmodels,spec,reset,BLBT,0.7568652999067147,0.3847321240548932,,0.8563602670945166,False,False,False
scipy,regime_2samp,ranksums,CTGI,0.8643212254265723,0.3874114533534383,,0.8570578120490291,False,False,False
scipy,regime_2samp,mannwhitneyu,CTGI,32517.0,0.3875819768263915,,0.8570578120490291,False,False,False
scipy,normality,shapiro,MDGI,0.9966479823023168,0.3880893441165695,,0.8570578120490291,False,False,False
statsmodels,autocorr,boxpierce_lag3,MMBT,3.0370175777234523,0.3859529330978104,,0.8570578120490291,False,False,False
statsmodels,autocorr,boxpierce_lag20,EAFC,21.16945604500108,0.3872195367006963,,0.8570578120490291,False,False,False
statsmodels,unitroot,zivot_andrews_price,RCRI,-3.9406015094767097,0.3878126478869222,break_at=235,0.8570578120490291,False,False,False
statsmodels,autocorr,ljungbox_lag5,MMBT,5.250045855084691,0.3861326107218829,,0.8570578120490291,False,False,False
statsmodels,model,ar1_coef,ELLT,0.0389948490019606,0.387176898260958,,0.8570578120490291,False,False,False
statsmodels,granger,granger_to_algo,FARS,,0.3853549701185771,,0.8570578120490291,False,False,False
statsmodels,granger,granger_to_algo,MMBT,,0.3866707626659799,,0.8570578120490291,False,False,False
statsmodels,hetero,arch_lm,EORC,5.2552226979785175,0.385533061979295,,0.8570578120490291,False,False,False
scipy,regime_2samp,kruskal,CTGI,0.7470511807230196,0.3874114533533979,,0.8570578120490291,False,False,False
scipy,regime_2samp,brunnermunzel,CTGI,-0.8638492591837982,0.388087459585049,,0.8570578120490291,False,False,False
arch,unitroot,ZivotAndrews,RCRI,-3.9406015094767097,0.3878126478869222,,0.8570578120490291,False,False,False
scipy,dist_fit,ks_logistic,AETS,0.0401009178663646,0.3883729692333616,,0.8572039444109247,False,False,False
scipy,regime_2samp,bartlett_var,FCSG,0.7403124389094764,0.3895608111777572,,0.8582124899950466,False,False,False
arch,unitroot,DFGLS,LSST,-0.7759616714307673,0.3905421591839515,,0.8582124899950466,False,False,False
scipy,regime_2samp,bartlett_var,LSST,0.7371770365656983,0.3905666772787413,,0.8582124899950466,False,False,False
scipy,regime_2samp,levene_var,ACIX,0.7386664555575873,0.3905027473929296,,0.8582124899950466,False,False,False
scipy,regime_2samp,mood_scale,DIHO,0.8585812436691177,0.3905715898150973,,0.8582124899950466,False,False,False
scipy,regime_2samp,fligner_var,ILVX,0.7390084962124644,0.3899786773445393,,0.8582124899950466,False,False,False
scipy,sign,chi2_signtransition,MSDP,0.7406677100071293,0.3894470707253271,,0.8582124899950466,False,False,False
scipy,sign,Gtest_signtransition,MSDP,0.7407797544076367,0.3894112094294431,,0.8582124899950466,False,False,False
scipy,normality,shapiro,MSDP,0.9966891343362756,0.3995118233196705,,0.8588703743374769,False,False,False
statsmodels,autocorr,ljungbox_lag2,HTRK,1.835855689911613,0.3993456905027948,,0.8588703743374769,False,False,False
scipy,sign,chi2_signtransition,OTCS,0.7341420836550892,0.3915438639250719,,0.8588703743374769,False,False,False
scipy,regime_2samp,bartlett_var,MDGI,0.6991903480375872,0.4030558828290413,,0.8588703743374769,False,False,False
scipy,normality,normaltest_K2,CTGI,1.859590795829002,0.394634445142554,,0.8588703743374769,False,False,False
statsmodels,autocorr,ljungbox_lag3,HRND,2.9389713108447144,0.4011306265867546,,0.8588703743374769,False,False,False
statsmodels,autocorr,ljungbox_lag1,BENI,0.7065882899111936,0.4005787489002278,,0.8588703743374769,False,False,False
scipy,normality,normaltest_K2,MDGI,1.852830166784511,0.3959706908814991,,0.8588703743374769,False,False,False
scipy,sign,Gtest_signtransition,ACAC,0.7061888853711107,0.4007119202802403,,0.8588703743374769,False,False,False
scipy,normality,jarque_bera,MDGI,1.8257711411481472,0.4013643861791884,,0.8588703743374769,False,False,False
statsmodels,spec,rainbow,ACIX,1.0332043713440846,0.398616193728554,,0.8588703743374769,False,False,False
arch,unitroot,PP,MDGI,-1.7688641131261904,0.3960256450812954,,0.8588703743374769,False,False,False
statsmodels,granger,granger_to_algo,FWWG,,0.399407007972973,,0.8588703743374769,False,False,False
arch,unitroot,PP,FCSG,-1.7569715833047066,0.4020234929892875,,0.8588703743374769,False,False,False
scipy,regime_2samp,mood_scale,ACIX,-0.8542246221770894,0.3929805430592137,,0.8588703743374769,False,False,False
scipy,regime_2samp,levene_var,ITPA,0.7082291878029718,0.400437045095336,,0.8588703743374769,False,False,False
scipy,regime_2samp,fligner_var,HRND,0.7065863982594128,0.4005793794724565,,0.8588703743374769,False,False,False
scipy,regime_2samp,levene_var,HRND,0.73121375057955,0.3929020702562634,,0.8588703743374769,False,False,False
statsmodels,hetero,goldfeld_quandt,ACIX,1.0317246494084085,0.4030322195687394,,0.8588703743374769,False,False,False
arch,unitroot,ZivotAndrews,HTRK,-3.920289803139904,0.4003142287564723,,0.8588703743374769,False,False,False
scipy,regime_2samp,ks_2samp,ACIX,0.0784578313253012,0.3943550461010489,,0.8588703743374769,False,False,False
scipy,regime_2samp,levene_var,DIHO,0.7162380917874859,0.3977879566601509,,0.8588703743374769,False,False,False
statsmodels,hetero,breusch_pagan,OTCS,0.7334331301255439,0.3917726358441853,,0.8588703743374769,False,False,False
statsmodels,hetero,goldfeld_quandt,EAFC,1.0354284221553416,0.3921713505402127,,0.8588703743374769,False,False,False
scipy,normality,skewtest,SMAH,0.8501549377599417,0.3952389512066114,,0.8588703743374769,False,False,False
statsmodels,spec,reset,CTGI,0.709865628592404,0.3998945028148351,,0.8588703743374769,False,False,False
statsmodels,autocorr,boxpierce_lag2,HTRK,1.8243549308609963,0.4016486950138843,,0.8588703743374769,False,False,False
scipy,sign,chi2_signtransition,MMBT,0.7268491697625015,0.3939064056306814,,0.8588703743374769,False,False,False
scipy,sign,binomtest_updays,ANSO,0.5200803212851406,0.3945634280878367,,0.8588703743374769,False,False,False
scipy,sign,Gtest_signtransition,OTCS,0.7344804598431285,0.3914347409745362,,0.8588703743374769,False,False,False
scipy,sign,Gtest_signtransition,MMBT,0.7270269193895231,0.3938485803865023,,0.8588703743374769,False,False,False
statsmodels,spec,harvey_collier,HRND,-0.8370360487411372,0.4029762271844141,,0.8588703743374769,False,False,False
scipy,sign,chi2_signtransition,ACAC,0.7059684246375392,0.4007854548816881,,0.8588703743374769,False,False,False
scipy,normality,normaltest_K2,ALUT,1.825903777957956,0.4013377692159188,,0.8588703743374769,False,False,False
statsmodels,spec,rainbow,FARS,1.035392797588386,0.3922005449189599,,0.8588703743374769,False,False,False
scipy,dist_fit,ks_gennorm,SRNA,0.0399279678195713,0.3936955352190925,,0.8588703743374769,False,False,False
scipy,dist_fit,ks_logistic,NGTE,0.0399344633600067,0.3934948338574849,,0.8588703743374769,False,False,False
statsmodels,autocorr,boxpierce_lag1,BENI,0.7023572223069349,0.4019927651954846,,0.8588703743374769,False,False,False
statsmodels,autocorr,boxpierce_lag3,ALUT,2.9600265012858986,0.3978294540391356,,0.8588703743374769,False,False,False
statsmodels,autocorr,ljungbox_lag20,DIHO,20.921023633744817,0.4017941676000012,,0.8588703743374769,False,False,False
scipy,dist_fit,ks_johnsonsu,ACAC,0.0396267079141829,0.4030720934866393,,0.8588703743374769,False,False,False
scipy,regime_2samp,mood_scale,HRET,-0.8446412329424906,0.3983111800647483,,0.8588703743374769,False,False,False
statsmodels,autocorr,boxpierce_lag5,MMBT,5.19562591839959,0.3924754176169764,,0.8588703743374769,False,False,False
statsmodels,autocorr,ljungbox_lag3,ALUT,2.9788519719282123,0.3948972922229066,,0.8588703743374769,False,False,False
statsmodels,normality,omni_normtest,CTGI,1.859590795829002,0.394634445142554,,0.8588703743374769,False,False,False
statsmodels,unitroot,zivot_andrews_price,HTRK,-3.920289803139904,0.4003142287564723,break_at=100,0.8588703743374769,False,False,False
statsmodels,autocorr,boxpierce_lag5,HUXZ,5.1116422568252045,0.4024078342159596,,0.8588703743374769,False,False,False
scipy,dist_fit,ks_hypsecant,DUCT,0.0396412668169182,0.4026159017992057,,0.8588703743374769,False,False,False
statsmodels,autocorr,ljungbox_lag5,HUXZ,5.168575818745653,0.3956554930016312,,0.8588703743374769,False,False,False
statsmodels,autocorr,breusch_godfrey,CUBO,5.1429690252234295,0.3986825647308663,,0.8588703743374769,False,False,False
statsmodels,normality,omni_normtest,ALUT,1.825903777957956,0.4013377692159188,,0.8588703743374769,False,False,False
scipy,regime_2samp,levene_var,RTTH,0.710950944768287,0.3995339113433889,,0.8588703743374769,False,False,False
statsmodels,autocorr,ljungbox_lag3,ALGO,2.943822164557662,0.4003680404910668,,0.8588703743374769,False,False,False
statsmodels,normality,omni_normtest,MDGI,1.852830166784511,0.3959706908814991,,0.8588703743374769,False,False,False
statsmodels,granger,granger_to_algo,CTGI,,0.3992595625813526,,0.8588703743374769,False,False,False
statsmodels,granger,granger_algo_to,MDGI,,0.4025896904210479,,0.8588703743374769,False,False,False
statsmodels,hetero,breusch_pagan,ACIX,0.6975182022799871,0.4036188728820142,,0.8595708249059427,False,False,False
statsmodels,autocorr,boxpierce_lag3,ALGO,2.919324608285907,0.4042317163935596,,0.8604111371616695,False,False,False
scipy,regime_2samp,fligner_var,DIHO,0.694351967972939,0.4046880479507801,,0.8609175850091609,False,False,False
statsmodels,autocorr,boxpierce_lag3,HRND,2.9114738793254267,0.4054765124989978,,0.862129672206607,False,False,False
statsmodels,spec,reset,FWWG,0.6880516009870096,0.4072269165601062,,0.8653846388571097,False,False,False
statsmodels,autocorr,ljungbox_lag5,ILVX,5.068740135452676,0.407548829708967,,0.8656020941340237,False,False,False
scipy,regime_2samp,cramervonmises_2s,BENI,0.1440415368890342,0.4094071690909994,,0.8658170925733475,False,False,False
statsmodels,spec,reset,EORC,0.6842356601306636,0.4085297669377896,,0.8658170925733475,False,False,False
arch,unitroot,ZivotAndrews,OTCS,-3.906351331156395,0.4092491466946185,,0.8658170925733475,False,False,False
statsmodels,autocorr,ljungbox_lag20,ELLT,20.803942775180804,0.4087521332497142,,0.8658170925733475,False,False,False
statsmodels,unitroot,zivot_andrews_price,OTCS,-3.906351331156395,0.4092491466946185,break_at=382,0.8658170925733475,False,False,False
scipy,normality,skewtest,MDGI,-0.8274755506556952,0.4079675742838169,,0.8658170925733475,False,False,False
arch,unitroot,PP,ELLT,-1.7431810604056714,0.4090127470653152,,0.8658170925733475,False,False,False
statsmodels,hetero,white,LSST,1.7878063528572972,0.4090560149583099,,0.8658170925733475,False,False,False
scipy,normality,skewtest,RRES,-0.8241500973447531,0.4098542777145371,,0.8662978888743728,False,False,False
statsmodels,autocorr,boxpierce_lag20,HRET,20.77364014492164,0.4105620205888896,,0.8673287701829597,False,False,False
scipy,regime_2samp,ks_2samp,HETT,0.0776706827309238,0.4122427459107042,,0.8704129107552201,False,False,False
statsmodels,autocorr,ljungbox_lag2,RRES,1.7699439822474343,0.4127257331011573,,0.8705001818538053,False,False,False
scipy,regime_2samp,levene_var,FCSG,0.6722416973077502,0.4126641663813565,,0.8705001818538053,False,False,False
statsmodels,model,ar1_coef,BENI,0.0375177611998322,0.4130777845958053,,0.8707768058163982,False,False,False
statsmodels,autocorr,boxpierce_lag5,ILVX,5.020598696950621,0.4133714724887407,,0.8709301681189823,False,False,False
statsmodels,granger,granger_algo_to,CTGI,,0.4141074257853723,,0.87125776923946,False,False,False
scipy,sign,fisher_signtransition,AGVF,,0.4149258534116549,,0.87125776923946,False,False,False
scipy,sign,chi2_signtransition,BENI,0.6633521716259483,0.4153789892031644,,0.87125776923946,False,False,False
scipy,sign,binomtest_updays,DUCT,0.4804928131416838,0.4147228075265708,,0.87125776923946,False,False,False
statsmodels,spec,rainbow,SRTX,1.0279252800804075,0.4142596128344345,,0.87125776923946,False,False,False
scipy,sign,Gtest_signtransition,BENI,0.6635020105506175,0.415326317574048,,0.87125776923946,False,False,False
statsmodels,autocorr,boxpierce_lag2,RRES,1.756467662975632,0.4155161355074035,,0.87125776923946,False,False,False
scipy,regime_2samp,ansari_scale,ITPA,31844.5,0.4144717262212221,,0.87125776923946,False,False,False
scipy,sign,fisher_signtransition,BENI,,0.4151945505134402,,0.87125776923946,False,False,False
statsmodels,unitroot,adf_price,ELLT,-1.7247721456162224,0.4183964303822514,,0.8722006944164473,False,False,False
statsmodels,autocorr,ljungbox_lag20,SRTX,20.620451906929414,0.4197670283894456,,0.8722006944164473,False,False,False
statsmodels,autocorr,breusch_godfrey,NPCK,4.964178115597773,0.4202675855867971,,0.8722006944164473,False,False,False
statsmodels,autocorr,breusch_godfrey,AETS,4.973639476692661,0.4191057381707113,,0.8722006944164473,False,False,False
scipy,sign,chi2_signtransition,AGVF,0.6523468456123193,0.4192748686272655,,0.8722006944164473,False,False,False
scipy,sign,Gtest_signtransition,AGVF,0.6528108957161081,0.4191095001430938,,0.8722006944164473,False,False,False
scipy,sign,binomtest_updays,ALUT,0.4808080808080808,0.4185195228464383,,0.8722006944164473,False,False,False
scipy,regime_2samp,welch_t,DUCT,0.8120140189495424,0.4171723576065999,,0.8722006944164473,False,False,False
arch,unitroot,DFGLS,ITPA,-0.7160701562517029,0.418415264398599,,0.8722006944164473,False,False,False
scipy,regime_2samp,fligner_var,FCSG,0.6500073188074011,0.4201100628985522,,0.8722006944164473,False,False,False
statsmodels,autocorr,ljungbox_lag5,ALGO,4.97310591652337,0.4191712009684311,,0.8722006944164473,False,False,False
scipy,sign,binomtest_updays,ACAC,0.4809619238476953,0.4203909993382166,,0.8722006944164473,False,False,False
statsmodels,spec,reset,AETS,0.651128241013059,0.4200963477178636,,0.8722006944164473,False,False,False
scipy,sign,fisher_signtransition,NWIG,,0.417495307611373,,0.8722006944164473,False,False,False
scipy,sign,fisher_signtransition,HUXZ,,0.4186336764418095,,0.8722006944164473,False,False,False
statsmodels,autocorr,ljungbox_lag2,MHRM,1.740297043327616,0.4188893304870209,,0.8722006944164473,False,False,False
scipy,regime_2samp,ttest_ind,DUCT,0.8120208725172648,0.4171684025152111,,0.8722006944164473,False,False,False
scipy,regime_2samp,ansari_scale,BENI,31838.5,0.4196405939407599,,0.8722006944164473,False,False,False
arch,unitroot,VarianceRatio_q5,EAFC,-0.8116990351071857,0.4169643481534191,,0.8722006944164473,False,False,False
arch,unitroot,ADF,ELLT,-1.7247721456162224,0.4183964303822514,,0.8722006944164473,False,False,False
scipy,sign,Gtest_signtransition,HUXZ,0.6462779846778801,0.4214465487900676,,0.8727007827424077,False,False,False
scipy,sign,chi2_signtransition,HUXZ,0.646080280391277,0.4215175774585348,,0.8727007827424077,False,False,False
statsmodels,autocorr,ljungbox_lag20,LSST,20.596591469225675,0.4212089882516816,,0.8727007827424077,False,False,False
statsmodels,autocorr,boxpierce_lag2,MHRM,1.729771784447687,0.4210996006249119,,0.8727007827424077,False,False,False
scipy,regime_2samp,ranksums,AENO,0.8022291833700657,0.4224203980087904,,0.872979956495117,False,False,False
scipy,regime_2samp,mannwhitneyu,AENO,32417.0,0.422599974828008,,0.872979956495117,False,False,False
scipy,regime_2samp,brunnermunzel,AENO,-0.8017196632885235,0.4230987164404746,,0.872979956495117,False,False,False
scipy,regime_2samp,kruskal,AENO,0.6435716626506292,0.4224203980087807,,0.872979956495117,False,False,False
scipy,dist_fit,ks_t,NAYO,0.0390069037827596,0.4227762821443634,,0.872979956495117,False,False,False
scipy,normality,kstest_norm,NAYO,0.0390071766380087,0.4227674875371534,,0.872979956495117,False,False,False
statsmodels,autocorr,ljungbox_lag3,ILVX,2.8018065561159053,0.4232026120908596,,0.872979956495117,False,False,False
statsmodels,model,ar1_coef,AETS,-0.0343558391919681,0.4258199121937717,,0.8769890085511369,False,False,False
scipy,normality,shapiro,SPLZ,0.9967819471882372,0.4261172788732775,,0.8769890085511369,False,False,False
statsmodels,autocorr,boxpierce_lag3,ILVX,2.7848076788933707,0.4260069537073079,,0.8769890085511369,False,False,False
scipy,dist_fit,ks_hypsecant,ANSO,0.0388853846420364,0.4267034293254897,,0.8769890085511369,False,False,False
statsmodels,hetero,breusch_pagan,RCRI,0.6323194517809841,0.4265057980864456,,0.8769890085511369,False,False,False
statsmodels,autocorr,boxpierce_lag5,ALGO,4.921655288237023,0.425516196908979,,0.8769890085511369,False,False,False
arch,unitroot,VarianceRatio_q5,AETS,-0.795536360558793,0.426301568807927,,0.8769890085511369,False,False,False
statsmodels,granger,granger_to_algo,HUXZ,,0.4270474903652814,,0.8772387738509324,False,False,False
statsmodels,spec,rainbow,RCRI,1.0231211194951235,0.4286867958074054,,0.878727935189816,False,False,False
scipy,dist_fit,ks_skewnorm,NAYO,0.038829279098415,0.4285235536133415,,0.878727935189816,False,False,False
arch,unitroot,VarianceRatio_q5,MDGI,-0.7888041207648611,0.4302265006836476,,0.878727935189816,False,False,False
scipy,dist_fit,ks_skewnorm,GARI,0.0387995652740895,0.4294892734539273,,0.878727935189816,False,False,False
scipy,regime_2samp,levene_var,ILVX,0.6259553506553811,0.4292202067205322,,0.878727935189816,False,False,False
scipy,dist_fit,ks_genhyperbolic,ACAC,0.0387781524323587,0.4301859642002826,,0.878727935189816,False,False,False
statsmodels,granger,granger_algo_to,ITPA,,0.4304473979836465,,0.878727935189816,False,False,False
statsmodels,autocorr,boxpierce_lag20,DIHO,20.45041389809638,0.4300897927865384,,0.878727935189816,False,False,False
scipy,normality,shapiro,SRNA,0.9967963615497986,0.430352222675465,,0.878727935189816,False,False,False
statsmodels,autocorr,breusch_godfrey,AENO,4.882991912691255,0.4303264156721752,,0.878727935189816,False,False,False
statsmodels,autocorr,ljungbox_lag2,IHOZ,1.6903128673403838,0.429490166232317,,0.878727935189816,False,False,False
statsmodels,hetero,breusch_pagan,MTNS,0.6260494135044417,0.4288081287671198,,0.878727935189816,False,False,False
statsmodels,autocorr,boxpierce_lag2,IHOZ,1.6801531900700728,0.4316774578127593,,0.8790242494119549,False,False,False
scipy,regime_2samp,fligner_var,ITPA,0.6201423154098868,0.4309944055902251,,0.8790242494119549,False,False,False
scipy,normality,kurtosistest,CCNS,0.7862731220826866,0.4317074953986668,,0.8790242494119549,False,False,False
scipy,regime_2samp,ks_2samp,SPLZ,0.0766265060240964,0.431325238088487,,0.8790242494119549,False,False,False
scipy,regime_2samp,cramervonmises_2s,NPCK,0.1374317792210888,0.4315030756321295,,0.8790242494119549,False,False,False
scipy,dist_fit,ks_hypsecant,RTTH,0.0387086106354006,0.4324529546059601,,0.880087530746874,False,False,False
statsmodels,autocorr,ljungbox_lag5,AETS,4.813651872679709,0.4390432332006329,,0.8825379732198255,False,False,False
scipy,regime_2samp,fligner_var,LSST,0.6010984017708166,0.438159242679073,,0.8825379732198255,False,False,False
scipy,regime_2samp,mannwhitneyu,EELT,32373.5,0.4383936088023658,,0.8825379732198255,False,False,False
statsmodels,unitroot,zivot_andrews_price,ALGO,-3.86287986325198,0.4378572358830068,break_at=170,0.8825379732198255,False,False,False
scipy,dist_fit,ks_genhyperbolic,GARI,0.0385439439473668,0.4378473993948325,,0.8825379732198255,False,False,False
arch,unitroot,ZivotAndrews,ALGO,-3.86287986325198,0.4378572358830068,,0.8825379732198255,False,False,False
scipy,regime_2samp,epps_singleton,AMRP,3.785859260913627,0.4357616197556424,,0.8825379732198255,False,False,False
scipy,regime_2samp,welch_t,BENI,-0.7816668380900502,0.4347827749070598,,0.8825379732198255,False,False,False
scipy,regime_2samp,ks_2samp,RRES,0.0753413654618473,0.4391862072307184,,0.8825379732198255,False,False,False
scipy,regime_2samp,ansari_scale,FCSG,31813.0,0.4372046094701942,,0.8825379732198255,False,False,False
scipy,dist_fit,ks_johnsonsu,NAYO,0.0386481472811192,0.43442940856998,,0.8825379732198255,False,False,False
scipy,normality,skewtest,IHOZ,0.7726968332352618,0.4397018212591926,,0.8825379732198255,False,False,False
statsmodels,autocorr,ljungbox_lag10,ALUT,10.044210784116618,0.4366231218894406,,0.8825379732198255,False,False,False
scipy,regime_2samp,ansari_scale,MSDP,31813.5,0.4368346233572963,,0.8825379732198255,False,False,False
scipy,regime_2samp,ranksums,EELT,0.7752191450754853,0.4382101771591874,,0.8825379732198255,False,False,False
scipy,regime_2samp,kruskal,EELT,0.6009647519118009,0.4382101661008801,,0.8825379732198255,False,False,False
scipy,regime_2samp,bartlett_var,HRND,0.6005684805169748,0.4383612071833532,,0.8825379732198255,False,False,False
scipy,regime_2samp,brunnermunzel,EELT,-0.7742375384433635,0.439158724409642,,0.8825379732198255,False,False,False
statsmodels,hetero,goldfeld_quandt,FCSG,1.019521765847661,0.4395889430667792,,0.8825379732198255,False,False,False
statsmodels,hetero,arch_lm,AETS,4.809846117799213,0.4395249879938727,,0.8825379732198255,False,False,False
scipy,regime_2samp,mannwhitneyu,ITPA,32376.5,0.4372922757815064,,0.8825379732198255,False,False,False
scipy,regime_2samp,ranksums,ITPA,0.7770819063371804,0.4371104482461216,,0.8825379732198255,False,False,False
scipy,regime_2samp,brunnermunzel,ITPA,-0.7760346162856084,0.4380981213645695,,0.8825379732198255,False,False,False
scipy,regime_2samp,kruskal,ITPA,0.6038598466766596,0.4371090978416412,,0.8825379732198255,False,False,False
scipy,regime_2samp,ttest_ind,BENI,-0.7816944158084465,0.434766405396998,,0.8825379732198255,False,False,False
statsmodels,autocorr,boxpierce_lag20,ELLT,20.324165463701668,0.4378228192187224,,0.8825379732198255,False,False,False
scipy,normality,shapiro,FCSG,0.9968198657654967,0.4373159650021437,,0.8825379732198255,False,False,False
scipy,sign,Gtest_signtransition,NWIG,0.5914150284640609,0.4418724570715457,,0.8838024053046855,False,False,False
statsmodels,hetero,arch_lm,DUCT,4.797828737121438,0.4410484827400646,,0.8838024053046855,False,False,False
scipy,normality,jarque_bera,MHRM,1.631115278822254,0.4423925630366506,,0.8838024053046855,False,False,False
scipy,dist_fit,ks_logistic,CCNS,0.0383938064934146,0.4427980087460055,,0.8838024053046855,False,False,False
scipy,regime_2samp,kruskal,CUBO,0.5908988915662121,0.4420717332941392,,0.8838024053046855,False,False,False
scipy,regime_2samp,ranksums,CUBO,-0.7686994806595521,0.4420717332941188,,0.8838024053046855,False,False,False
scipy,regime_2samp,mannwhitneyu,CUBO,29887.0,0.4422561013860878,,0.8838024053046855,False,False,False
scipy,regime_2samp,brunnermunzel,CUBO,0.7681910560395573,0.442738553181301,,0.8838024053046855,False,False,False
scipy,normality,kurtosistest,SRNA,-0.7689104638316187,0.4419464651639948,,0.8838024053046855,False,False,False
scipy,sign,chi2_signtransition,NWIG,0.5911244714512172,0.4419846217220878,,0.8838024053046855,False,False,False
scipy,normality,skewtest,SRTX,0.7705927869999943,0.4409483379148233,,0.8838024053046855,False,False,False
statsmodels,autocorr,ljungbox_lag1,AETS,0.587894121264131,0.4432346062548928,,0.8842261223971597,False,False,False
statsmodels,spec,reset,ANSO,0.5862267564283963,0.4442461131149141,,0.8851641956625214,False,False,False
scipy,normality,shapiro,HETT,0.9968435947643562,0.4444186745938778,,0.8851641956625214,False,False,False
scipy,normality,jarque_bera,ALUT,1.6230965135210502,0.4441698446237871,,0.8851641956625214,False,False,False
statsmodels,autocorr,boxpierce_lag1,AETS,0.584373797184705,0.444603020652408,,0.8851641956625214,False,False,False
scipy,dist_fit,ks_logistic,FWWG,0.0382863734863507,0.446359094230873,,0.8859711514473586,False,False,False
statsmodels,autocorr,boxpierce_lag20,SRTX,20.175007710712045,0.4470311060955851,,0.8859711514473586,False,False,False
statsmodels,autocorr,boxpierce_lag5,AETS,4.757985328330109,0.4461241321702599,,0.8859711514473586,False,False,False
statsmodels,granger,granger_algo_to,AGVF,,0.4466155964276414,,0.8859711514473586,False,False,False
scipy,regime_2samp,welch_t,CTGI,0.7612634580548514,0.4468607886804047,,0.8859711514473586,False,False,False
scipy,regime_2samp,fligner_var,RTTH,0.5788790637503873,0.4467520278509493,,0.8859711514473586,False,False,False
arch,unitroot,DFGLS,SMAH,-0.6563719290881207,0.446713354303615,,0.8859711514473586,False,False,False
scipy,normality,cramervonmises,AGVF,0.1330315674926073,0.4458140959046676,,0.8859711514473586,False,False,False
scipy,regime_2samp,ttest_ind,CTGI,0.7612680686057215,0.4468580200759308,,0.8859711514473586,False,False,False
statsmodels,granger,granger_to_algo,NWIG,,0.447629223723512,,0.8867107537276805,False,False,False
statsmodels,autocorr,boxpierce_lag10,ALUT,9.909167414721884,0.4484982215858496,,0.8879859314371769,False,False,False
statsmodels,autocorr,ljungbox_lag10,MTNS,9.903980150540828,0.4489575104131568,,0.8880032644499066,False,False,False
scipy,dist_fit,ks_genhyperbolic,HRET,0.0382110027842815,0.4488665877398659,,0.8880032644499066,False,False,False
arch,unitroot,DFGLS,MDGI,-0.6479839092888923,0.450722797501443,,0.891047777206965,False,False,False
scipy,regime_2samp,ranksums,NAYO,0.7513137088837302,0.4524638807977205,,0.8912832477575752,False,False,False
scipy,regime_2samp,kruskal,HETT,0.5672749047541102,0.4513438331743251,,0.8912832477575752,False,False,False
scipy,dist_fit,ks_logistic,SRNA,0.0381183352367249,0.4519598169659096,,0.8912832477575752,False,False,False
scipy,regime_2samp,mannwhitneyu,NAYO,32335.0,0.4526507006622693,,0.8912832477575752,False,False,False
scipy,regime_2samp,brunnermunzel,HETT,-0.7519912754532885,0.4524137291099823,,0.8912832477575752,False,False,False
scipy,regime_2samp,kruskal,NAYO,0.5644722891568108,0.4524638807976465,,0.8912832477575752,False,False,False
scipy,regime_2samp,mannwhitneyu,HETT,32338.0,0.4515303915020662,,0.8912832477575752,False,False,False
scipy,regime_2samp,ranksums,HETT,0.7531764701454254,0.451343876879838,,0.8912832477575752,False,False,False
scipy,normality,kurtosistest,DIHO,-0.7479427462218138,0.45449469248706,,0.8916586604059341,False,False,False
scipy,regime_2samp,ks_2samp,HTRK,0.0746506024096386,0.4547010977425435,,0.8916586604059341,False,False,False
statsmodels,autocorr,boxpierce_lag20,LSST,20.060742071784134,0.4541358096964135,,0.8916586604059341,False,False,False
statsmodels,autocorr,ljungbox_lag1,HUXZ,0.5626865799919264,0.4531797994993537,,0.8916586604059341,False,False,False
scipy,regime_2samp,mood_scale,HETT,0.7473089195640417,0.4548771096084053,,0.8916586604059341,False,False,False
statsmodels,autocorr,ljungbox_lag20,MDGI,20.07362896709016,0.4533324140504262,,0.8916586604059341,False,False,False
statsmodels,granger,granger_to_algo,RCRI,,0.4543706677981033,,0.8916586604059341,False,False,False
scipy,regime_2samp,brunnermunzel,NAYO,-0.7501402742520366,0.4535268598550531,,0.8916586604059341,False,False,False
statsmodels,autocorr,boxpierce_lag1,HUXZ,0.5593171992734118,0.4545354842206728,,0.8916586604059341,False,False,False
statsmodels,autocorr,ljungbox_lag20,RRES,20.041679079126023,0.4553252106659937,,0.8918099698025158,False,False,False
scipy,dist_fit,ks_skewnorm,AGVF,0.0380154658750792,0.455406765401437,,0.8918099698025158,False,False,False
statsmodels,autocorr,ljungbox_lag20,HUXZ,20.03565530551772,0.4557012937830858,,0.8919436445347191,False,False,False
statsmodels,spec,harvey_collier,LSST,0.7454803260764257,0.4563352314135902,,0.8927411822493164,False,False,False
statsmodels,spec,harvey_collier,ALUT,-0.7450087316209513,0.4566200132173421,,0.8928552044160528,False,False,False
scipy,normality,jarque_bera,DIHO,1.565770432309962,0.4570853170362592,,0.8928970236468905,False,False,False
scipy,normality,jarque_bera,SMAH,1.565730613238229,0.4570944174833651,,0.8928970236468905,False,False,False
scipy,normality,kstest_norm,SMAH,0.0379232801312277,0.4585074071457781,,0.8948075700251263,False,False,False
statsmodels,autocorr,breusch_godfrey,MSDP,4.66009191749314,0.4587534497769611,,0.8948075700251263,False,False,False
scipy,dist_fit,ks_t,SMAH,0.0379226938582192,0.4585271613829866,,0.8948075700251263,False,False,False
scipy,regime_2samp,ansari_scale,BLBT,31783.5,0.4591246917378022,,0.8950887907173175,False,False,False
scipy,dist_fit,ks_t,SRNA,0.0377178800848393,0.4654551672454641,,0.896593775180121,False,False,False
statsmodels,unitroot,zivot_andrews_price,ACIX,-3.823138829599376,0.4638411547803643,break_at=389,0.896593775180121,False,False,False
statsmodels,hetero,white,FCSG,1.5318718322491105,0.4648986211835134,,0.896593775180121,False,False,False
statsmodels,autocorr,boxpierce_lag10,MTNS,9.728987845855904,0.464583261710723,,0.896593775180121,False,False,False
scipy,normality,normaltest_K2,MHRM,1.5433006715397344,0.4622495714690414,,0.896593775180121,False,False,False
scipy,dist_fit,ks_logistic,RRES,0.0377393655146475,0.4647259021390889,,0.896593775180121,False,False,False
scipy,normality,shapiro,LSST,0.9969127392087918,0.4655200749114474,,0.896593775180121,False,False,False
statsmodels,autocorr,ljungbox_lag20,SPLZ,19.956130149264823,0.4606769858880101,,0.896593775180121,False,False,False
scipy,dist_fit,ks_logistic,RCRI,0.0377979757208819,0.4627395048703057,,0.896593775180121,False,False,False
statsmodels,autocorr,ljungbox_lag2,DUCT,1.5504292527894434,0.4606049124176984,,0.896593775180121,False,False,False
statsmodels,autocorr,boxpierce_lag2,DUCT,1.5402986306825113,0.4629439385181254,,0.896593775180121,False,False,False
statsmodels,spec,rainbow,CUBO,1.0126735953762724,0.4606063747207262,,0.896593775180121,False,False,False
arch,unitroot,DFGLS,NGTE,-0.6174916168293298,0.4653542422138862,,0.896593775180121,False,False,False
scipy,regime_2samp,mood_scale,HRND,-0.7319706746504009,0.4641864670394861,,0.896593775180121,False,False,False
scipy,regime_2samp,ks_2samp,BENI,0.0743453815261043,0.4619438682603144,,0.896593775180121,False,False,False
scipy,normality,kstest_norm,SRNA,0.0377170952573037,0.4654818171251837,,0.896593775180121,False,False,False
statsmodels,spec,rainbow,NWIG,1.0123074586193228,0.461736878752033,,0.896593775180121,False,False,False
arch,unitroot,ZivotAndrews,ACIX,-3.823138829599376,0.4638411547803643,,0.896593775180121,False,False,False
arch,unitroot,VarianceRatio_q5,MMBT,-0.7296848965263354,0.4655828152698396,,0.896593775180121,False,False,False
scipy,regime_2samp,welch_t,MMBT,0.7324363068946436,0.4642497082948563,,0.896593775180121,False,False,False
arch,unitroot,DFGLS,MMBT,-0.6255809223767244,0.4614647004859039,,0.896593775180121,False,False,False
scipy,regime_2samp,ttest_ind,AENO,0.7364136059868364,0.4618264697607125,,0.896593775180121,False,False,False
scipy,regime_2samp,welch_t,AENO,0.736415950263264,0.4618250468701264,,0.896593775180121,False,False,False
statsmodels,normality,omni_normtest,MHRM,1.5433006715397344,0.4622495714690414,,0.896593775180121,False,False,False
scipy,regime_2samp,ttest_ind,MMBT,0.7325461857688573,0.464180588663198,,0.896593775180121,False,False,False
scipy,regime_2samp,fligner_var,ULXY,0.5303067508870819,0.4664779236027816,,0.897878893965901,False,False,False
statsmodels,autocorr,ljungbox_lag2,EORC,1.5203780867881618,0.4675780261173152,,0.8995571395580558,False,False,False
statsmodels,normality,omni_normtest,SMAH,1.516191721379982,0.4685577773958872,,0.8998232995865451,False,False,False
statsmodels,spec,harvey_collier,HRET,0.7252267402693885,0.4686556371985629,,0.8998232995865451,False,False,False
scipy,normality,normaltest_K2,SMAH,1.516191721379982,0.4685577773958872,,0.8998232995865451,False,False,False
statsmodels,autocorr,ljungbox_lag1,ULXY,0.5246668414825703,0.4688577010022231,,0.8998232995865451,False,False,False
scipy,regime_2samp,bartlett_var,DIHO,0.5256401095027292,0.4684456377971249,,0.8998232995865451,False,False,False
statsmodels,autocorr,boxpierce_lag2,EORC,1.5086920469004226,0.470318091180959,,0.9007835629051663,False,False,False
scipy,sign,binomtest_updays,RRES,0.5171717171717172,0.4720868792374929,,0.9007835629051663,False,False,False
statsmodels,autocorr,boxpierce_lag1,ULXY,0.5215251238689023,0.4701918316958968,,0.9007835629051663,False,False,False
statsmodels,break,cusum_olsresid,AGVF,0.8455945671550206,0.4720362701612068,,0.9007835629051663,False,False,False
statsmodels,granger,granger_algo_to,EORC,,0.4718454609927882,,0.9007835629051663,False,False,False
statsmodels,autocorr,ljungbox_lag2,RTTH,1.5011282140304585,0.4721001625981922,,0.9007835629051663,False,False,False
statsmodels,hetero,arch_lm,NWIG,4.565240532254951,0.4712022152837487,,0.9007835629051663,False,False,False
scipy,regime_2samp,levene_var,LSST,0.5192939091894591,0.4714818325683442,,0.9007835629051663,False,False,False
scipy,regime_2samp,cramervonmises_2s,SPLZ,0.1269161294476504,0.46967759558372,,0.9007835629051663,False,False,False
statsmodels,hetero,white,ALUT,1.5092258896590711,0.4701925699802312,,0.9007835629051663,False,False,False
scipy,sign,fisher_signtransition,FARS,,0.4707671552804984,,0.9007835629051663,False,False,False
statsmodels,hetero,white,MSDP,1.503041582517075,0.4716487277860882,,0.9007835629051663,False,False,False
arch,unitroot,VarianceRatio_q5,ACIX,0.7181715060952993,0.4726515446346175,,0.9010945950657823,False,False,False
scipy,regime_2samp,ansari_scale,DIHO,30608.5,0.472720350734662,,0.9010945950657823,False,False,False
scipy,sign,fisher_signtransition,HRET,,0.4735810481749487,,0.9022989327721835,False,False,False
statsmodels,hetero,arch_lm,ILVX,4.541295255825025,0.474377359539473,,0.9025075054558893,False,False,False
statsmodels,spec,harvey_collier,OTCS,0.7165361444575133,0.4739982788309284,,0.9025075054558893,False,False,False
statsmodels,autocorr,boxpierce_lag2,RTTH,1.4919283111182646,0.4742768028101556,,0.9025075054558893,False,False,False
statsmodels,normality,omni_normtest,DIHO,1.4865875594826612,0.4755449926334305,,0.9029857230062539,False,False,False
statsmodels,break,cusum_olsresid,SRNA,0.843528257927622,0.475203393167503,,0.9029857230062539,False,False,False
scipy,normality,kstest_norm,HETT,0.0374407084057163,0.4749146848689514,,0.9029857230062539,False,False,False
scipy,normality,normaltest_K2,DIHO,1.4865875594826612,0.4755449926334305,,0.9029857230062539,False,False,False
scipy,normality,kurtosistest,AMRP,0.7112074859056615,0.476955670395521,,0.9030061564113658,False,False,False
statsmodels,autocorr,ljungbox_lag2,ITPA,1.480070939692861,0.4770969926638484,,0.9030061564113658,False,False,False
scipy,regime_2samp,welch_t,SRTX,0.7122186611709184,0.4766635927891071,,0.9030061564113658,False,False,False
scipy,regime_2samp,ttest_ind,SRTX,0.7122205748367103,0.4766623994270036,,0.9030061564113658,False,False,False
arch,unitroot,ZivotAndrews,HRET,-3.802451481872597,0.4771592652980403,,0.9030061564113658,False,False,False
statsmodels,unitroot,zivot_andrews_price,HRET,-3.802451481872597,0.4771592652980403,break_at=170,0.9030061564113658,False,False,False
statsmodels,autocorr,ljungbox_lag5,MSDP,4.52622002493465,0.4763829723228932,,0.9030061564113658,False,False,False
statsmodels,hetero,breusch_pagan,ELLT,0.5024632019114249,0.4784198075451558,,0.9040895883715264,False,False,False
scipy,dist_fit,ks_johnsonsu,HRET,0.037340829808622,0.4783465686099132,,0.9040895883715264,False,False,False
statsmodels,hetero,goldfeld_quandt,DUCT,1.007008161472942,0.4780833518778293,,0.9040895883715264,False,False,False
scipy,regime_2samp,cramervonmises_2s,BLBT,0.1244690425026817,0.479129528078555,,0.9043095884087837,False,False,False
statsmodels,autocorr,boxpierce_lag2,ITPA,1.4702153098351534,0.4794538406327646,,0.9043095884087837,False,False,False
statsmodels,hetero,white,HRET,1.470552844838216,0.479372931233612,,0.9043095884087837,False,False,False
arch,unitroot,PP,IHOZ,-1.6085968035300031,0.4792737535493991,,0.9043095884087837,False,False,False
scipy,regime_2samp,mood_scale,RTTH,0.7066163049806825,0.4798049535725608,,0.9045390372946125,False,False,False
statsmodels,spec,reset,FCSG,0.4989702675166192,0.4802846014521841,,0.9045780692424795,False,False,False
arch,unitroot,PP,HRET,-1.6068412311556202,0.4801560821815018,,0.9045780692424795,False,False,False
statsmodels,model,ar1_coef,ULXY,-0.0324896291366014,0.4810318367816175,,0.9046886930310765,False,False,False
scipy,regime_2samp,epps_singleton,SMAH,3.4820122367216224,0.480618689359873,,0.9046886930310765,False,False,False
statsmodels,autocorr,ljungbox_lag2,NWIG,1.4645203136903415,0.480821030130712,,0.9046886930310765,False,False,False
scipy,normality,jarque_bera,SRNA,1.4606385319248705,0.4817551575107353,,0.9047423859182535,False,False,False
statsmodels,granger,granger_to_algo,IHOZ,,0.4816682355890819,,0.9047423859182535,False,False,False
statsmodels,autocorr,boxpierce_lag20,MDGI,19.626165303682363,0.4815223337799716,,0.9047423859182535,False,False,False
statsmodels,spec,reset,GARI,0.4951289873895815,0.481978439986893,,0.9047423859182535,False,False,False
statsmodels,autocorr,ljungbox_lag10,EELT,9.53004214844811,0.4826442954417381,,0.9055610721710288,False,False,False
statsmodels,autocorr,boxpierce_lag2,NWIG,1.4534286356580033,0.4834949939925221,,0.906725626221942,False,False,False
scipy,normality,kurtosistest,ALUT,0.7003014056258914,0.483739094119925,,0.9067520252119564,False,False,False
statsmodels,autocorr,ljungbox_lag10,IHOZ,9.498625655314116,0.4855236689716917,,0.9070429521528123,False,False,False
statsmodels,autocorr,boxpierce_lag1,AENO,0.4859514964690581,0.4857388288697744,,0.9070429521528123,False,False,False
statsmodels,autocorr,ljungbox_lag1,AENO,0.4888789151224861,0.4844278213429787,,0.9070429521528123,False,False,False
statsmodels,autocorr,boxpierce_lag20,SPLZ,19.56159559873348,0.4856365884860442,,0.9070429521528123,False,False,False
statsmodels,autocorr,boxpierce_lag20,HUXZ,19.56130913641596,0.4856548652359463,,0.9070429521528123,False,False,False
statsmodels,autocorr,boxpierce_lag5,MSDP,4.46495975921022,0.4845853471894011,,0.9070429521528123,False,False,False
scipy,regime_2samp,epps_singleton,SRNA,3.4471141996151418,0.485965173756149,,0.9070429521528123,False,False,False
scipy,regime_2samp,mood_scale,SPLZ,0.6986644497985194,0.484761755802689,,0.9070429521528123,False,False,False
scipy,regime_2samp,ks_2samp,ULXY,0.0733654618473895,0.4850956916615762,,0.9070429521528123,False,False,False
statsmodels,model,ar1_coef,HUXZ,-0.0336380999938851,0.4862447995398536,,0.907135352478042,False,False,False
scipy,normality,kurtosistest,RCRI,-0.6947295092509644,0.4872248312423325,,0.908084862833955,False,False,False
arch,unitroot,ADF,HRET,-1.592330838259315,0.4874448426576988,,0.908084862833955,False,False,False
statsmodels,unitroot,adf_price,HRET,-1.592330838259315,0.4874448426576987,,0.908084862833955,False,False,False
scipy,regime_2samp,epps_singleton,AGVF,3.435872308599973,0.4876958484535447,,0.9081233040169452,False,False,False
statsmodels,normality,omni_normtest,ACAC,1.4340472025351456,0.488203182955111,,0.908209979806063,False,False,False
scipy,normality,normaltest_K2,ACAC,1.4340472025351456,0.488203182955111,,0.908209979806063,False,False,False
scipy,regime_2samp,ansari_scale,NAYO,31742.0,0.4909792593890412,,0.9100336285394098,False,False,False
statsmodels,autocorr,ljungbox_lag5,RTTH,4.4123634091476776,0.4916938290068036,,0.9100336285394098,False,False,False
statsmodels,autocorr,ljungbox_lag3,RCRI,2.4104759559859685,0.4916875060894904,,0.9100336285394098,False,False,False
statsmodels,hetero,breusch_pagan,MSDP,0.4739920379317786,0.4911563543444083,,0.9100336285394098,False,False,False
statsmodels,autocorr,ljungbox_lag5,AGVF,4.414208143049055,0.4914434875455564,,0.9100336285394098,False,False,False
statsmodels,autocorr,ljungbox_lag20,BLBT,19.471417982541254,0.4914002130950952,,0.9100336285394098,False,False,False
statsmodels,autocorr,boxpierce_lag20,RRES,19.47999410508361,0.4908512147643999,,0.9100336285394098,False,False,False
scipy,regime_2samp,ansari_scale,RTTH,30632.0,0.4903935852491984,,0.9100336285394098,False,False,False
statsmodels,autocorr,ljungbox_lag3,EAFC,2.415432398494912,0.4907683519784672,,0.9100336285394098,False,False,False
statsmodels,spec,reset,ACAC,0.4724475344277101,0.492184600721974,,0.9100336285394098,False,False,False
scipy,regime_2samp,cramervonmises_2s,ACIX,0.1212710964096857,0.4918223074741586,,0.9100336285394098,False,False,False
scipy,regime_2samp,ansari_scale,MHRM,30634.0,0.4919546838609027,,0.9100336285394098,False,False,False
scipy,dist_fit,ks_logistic,ALUT,0.0369695801213971,0.4912072124929385,,0.9100336285394098,False,False,False
scipy,regime_2samp,cramervonmises_2s,NAYO,0.1207808709789048,0.4938027975593188,,0.9121699287623405,False,False,False
statsmodels,granger,granger_to_algo,ALUT,,0.4936110831380054,,0.9121699287623405,False,False,False
scipy,regime_2samp,bartlett_var,ILVX,0.4657484381205937,0.4949496156911952,,0.9123337656766479,False,False,False
scipy,normality,shapiro,HRND,0.9970038193378862,0.4941925628457396,,0.9123337656766479,False,False,False
statsmodels,hetero,goldfeld_quandt,GARI,1.001522124362337,0.4951978120966105,,0.9123337656766479,False,False,False
statsmodels,autocorr,boxpierce_lag10,EELT,9.392741290185109,0.4952801264708337,,0.9123337656766479,False,False,False
statsmodels,autocorr,boxpierce_lag3,EAFC,2.39600328784015,0.4943790430578647,,0.9123337656766479,False,False,False
statsmodels,autocorr,boxpierce_lag3,RCRI,2.394762414719167,0.4946103422595695,,0.9123337656766479,False,False,False
scipy,regime_2samp,ks_2samp,AMRP,0.0728514056224899,0.4957460609907555,,0.9127655172468744,False,False,False
scipy,regime_2samp,welch_t,NAYO,0.6809614279273182,0.4962133013933563,,0.9128252786108679,False,False,False
scipy,regime_2samp,ttest_ind,NAYO,0.6809161700736919,0.496241646895761,,0.9128252786108679,False,False,False
statsmodels,autocorr,boxpierce_lag5,AGVF,4.374582416354447,0.496837133403295,,0.9134943935987822,False,False,False
arch,unitroot,DFGLS,AMRP,-0.5512258603178373,0.4973778731677431,,0.914062273206174,False,False,False
statsmodels,autocorr,boxpierce_lag5,RTTH,4.367947966687139,0.4977434840061261,,0.9143079282162857,False,False,False
statsmodels,unitroot,zivot_andrews_price,LSST,-3.770935653124755,0.4995553914690484,break_at=346,0.9144226345978334,False,False,False
statsmodels,autocorr,ljungbox_lag10,MSDP,9.326306671993397,0.5014411126454392,,0.9144226345978334,False,False,False
statsmodels,autocorr,ljungbox_lag1,DIHO,0.4521299010560182,0.5013252299438292,,0.9144226345978334,False,False,False
statsmodels,autocorr,ljungbox_lag5,EORC,4.34627494105461,0.5007108503283101,,0.9144226345978334,False,False,False
statsmodels,autocorr,ljungbox_lag20,FWWG,19.31852994105849,0.5012163064169194,,0.9144226345978334,False,False,False
statsmodels,autocorr,boxpierce_lag10,IHOZ,9.352884798008544,0.4989727584258397,,0.9144226345978334,False,False,False
scipy,normality,normaltest_K2,SRNA,1.3825746763107096,0.5009307864920889,,0.9144226345978334,False,False,False
scipy,regime_2samp,ks_2samp,EELT,0.0718875502008032,0.5004312680487916,,0.9144226345978334,False,False,False
arch,unitroot,ZivotAndrews,LSST,-3.770935653124755,0.4995553914690484,,0.9144226345978334,False,False,False
statsmodels,hetero,arch_lm,RRES,4.352949583728379,0.4997959236278146,,0.9144226345978334,False,False,False
statsmodels,autocorr,ljungbox_lag3,EELT,2.3598983575949783,0.5011431808281916,,0.9144226345978334,False,False,False
statsmodels,normality,omni_normtest,SRNA,1.3825746763107096,0.5009307864920889,,0.9144226345978334,False,False,False
scipy,normality,jarque_bera,ACAC,1.3902435146099048,0.4990136857245782,,0.9144226345978334,False,False,False
arch,unitroot,DFGLS,CCNS,-0.5431616325334867,0.5012888302589962,,0.9144226345978334,False,False,False
scipy,sign,binomtest_updays,ILVX,0.4839357429718876,0.5015174368342252,,0.9144226345978334,False,False,False
statsmodels,autocorr,breusch_godfrey,AGVF,4.346902143889911,0.5006248361766384,,0.9144226345978334,False,False,False
scipy,regime_2samp,epps_singleton,NWIG,3.345087758599344,0.5018203475763765,,0.9145519233222729,False,False,False
statsmodels,granger,granger_to_algo,ANSO,,0.5024935363679541,,0.9148235573066271,False,False,False
statsmodels,autocorr,boxpierce_lag1,DIHO,0.4494225363790361,0.5026093102454414,,0.9148235573066271,False,False,False
scipy,regime_2samp,fligner_var,NAYO,0.4489762231581813,0.5028215310008406,,0.9148235573066271,False,False,False
scipy,normality,kstest_norm,EELT,0.0366360124302389,0.5028976785092494,,0.9148235573066271,False,False,False
statsmodels,normality,omni_normtest,HETT,1.3720554380487544,0.5035724325763768,,0.9152063297446185,False,False,False
scipy,normality,normaltest_K2,HETT,1.3720554380487544,0.5035724325763768,,0.9152063297446185,False,False,False
arch,unitroot,PP,ANSO,-1.5596643931215306,0.5038172420734865,,0.9152292941261216,False,False,False
scipy,regime_2samp,ttest_ind,SPLZ,0.6682725822963697,0.5042698434251717,,0.9153417365828977,False,False,False
scipy,regime_2samp,welch_t,SPLZ,0.6681607192843818,0.5043435443577001,,0.9153417365828977,False,False,False
scipy,sign,chi2_signtransition,FARS,0.4440456700958216,0.5051762185367359,,0.915588346423822,False,False,False
statsmodels,autocorr,breusch_godfrey,HETT,4.3159805601555,0.5048753133143685,,0.915588346423822,False,False,False
scipy,sign,Gtest_signtransition,FARS,0.4442141205494989,0.50509546051565,,0.915588346423822,False,False,False
statsmodels,autocorr,boxpierce_lag3,EELT,2.3370734388612067,0.5054558483014957,,0.915674151656478,False,False,False
scipy,normality,kstest_norm,AENO,0.0365401545782896,0.5062799310511288,,0.9159043084917621,False,False,False
scipy,regime_2samp,ttest_ind,ITPA,0.6652528011439135,0.5061974051358112,,0.9159043084917621,False,False,False
scipy,regime_2samp,welch_t,ITPA,0.6653037714805061,0.5061651975423319,,0.9159043084917621,False,False,False
statsmodels,autocorr,boxpierce_lag5,EORC,4.3038965446123685,0.5065418515654584,,0.9159577884729528,False,False,False
statsmodels,granger,granger_to_algo,NGTE,,0.5083131784665542,,0.9170861411011713,False,False,False
statsmodels,hetero,goldfeld_quandt,MTNS,0.9974876870324824,0.5078511519337701,,0.9170861411011713,False,False,False
scipy,regime_2samp,ranksums,NPCK,0.6606593274812306,0.5088308127720108,,0.9170861411011713,False,False,False
scipy,regime_2samp,mannwhitneyu,NPCK,32189.0,0.5090270108395136,,0.9170861411011713,False,False,False
statsmodels,hetero,white,EORC,1.3542066651002993,0.5080866208017445,,0.9170861411011713,False,False,False
scipy,regime_2samp,cramervonmises_2s,ITPA,0.117135483819041,0.5088262775449462,,0.9170861411011713,False,False,False
scipy,regime_2samp,kruskal,NPCK,0.4364768593711625,0.5088278454651107,,0.9170861411011713,False,False,False
scipy,dist_fit,ks_gennorm,EELT,0.0364750391193176,0.5085831067292537,,0.9170861411011713,False,False,False
arch,unitroot,DFGLS,EORC,-0.4761304681434903,0.5100141842655663,,0.9176096720063821,False,False,False
statsmodels,autocorr,breusch_godfrey,ILVX,4.277597662448775,0.5101793335036193,,0.9176096720063821,False,False,False
statsmodels,hetero,goldfeld_quandt,ELLT,0.9968228515615538,0.5099407847075996,,0.9176096720063821,False,False,False
scipy,regime_2samp,brunnermunzel,NPCK,-0.6589293470340526,0.5102487065038025,,0.9176096720063821,False,False,False
scipy,dist_fit,ks_johnsonsu,RRES,0.0364035433271627,0.5111171442484217,,0.9180172775415291,False,False,False
statsmodels,autocorr,breusch_godfrey,RTTH,4.269601908864945,0.5112880959655766,,0.9180172775415291,False,False,False
arch,unitroot,DFGLS,AETS,-0.5223132576904854,0.5114068852057833,,0.9180172775415291,False,False,False
statsmodels,model,ar1_coef,AENO,0.0312075299590533,0.5113830532709385,,0.9180172775415291,False,False,False
statsmodels,autocorr,ljungbox_lag2,NGTE,1.3380780944728563,0.512200541897788,,0.9190234575152845,False,False,False
scipy,normality,normaltest_K2,ULXY,1.334827394124158,0.513033724060828,,0.9192631546580837,False,False,False
statsmodels,normality,omni_normtest,ULXY,1.334827394124158,0.513033724060828,,0.9192631546580837,False,False,False
scipy,regime_2samp,cramervonmises_2s,HETT,0.1161914189825381,0.5128033832269613,,0.9192631546580837,False,False,False
scipy,normality,normaltest_K2,AGVF,1.33061865414427,0.5141144735831713,,0.920362967695214,False,False,False
statsmodels,normality,omni_normtest,AGVF,1.33061865414427,0.5141144735831713,,0.920362967695214,False,False,False
statsmodels,autocorr,boxpierce_lag2,NGTE,1.329663210810397,0.5143601358809169,,0.9203847733284496,False,False,False
scipy,normality,kstest_norm,RRES,0.0362438703323407,0.51679571677162,,0.921014859901196,False,False,False
scipy,dist_fit,ks_t,RRES,0.0362464653675663,0.5167032178633015,,0.921014859901196,False,False,False
statsmodels,spec,rainbow,BENI,0.9951618257640868,0.5153328497622844,,0.921014859901196,False,False,False
statsmodels,autocorr,ljungbox_lag3,HTRK,2.2789711878470187,0.5165614353086889,,0.921014859901196,False,False,False
scipy,normality,skewtest,CUBO,-0.6482627295740421,0.5168150355407015,,0.921014859901196,False,False,False
scipy,normality,kurtosistest,ALGO,-0.6496561677362039,0.5159143430626344,,0.921014859901196,False,False,False
statsmodels,granger,granger_algo_to,AETS,,0.5160961179779481,,0.921014859901196,False,False,False
statsmodels,unitroot,zivot_andrews_price,MSDP,-3.746339488589511,0.5156792984108379,break_at=119,0.921014859901196,False,False,False
arch,unitroot,ZivotAndrews,MSDP,-3.746339488589511,0.5156792984108379,,0.921014859901196,False,False,False
scipy,normality,kstest_norm,AGVF,0.0362357190248351,0.5170863111922194,,0.9210818972976632,False,False,False
statsmodels,autocorr,boxpierce_lag10,MSDP,9.155672533639612,0.517396264058915,,0.9212177384463609,False,False,False
statsmodels,normality,omni_normtest,NGTE,1.3147071358951423,0.5182209579379746,,0.9214375354945854,False,False,False
scipy,normality,normaltest_K2,NGTE,1.3147071358951423,0.5182209579379746,,0.9214375354945854,False,False,False
arch,unitroot,DFGLS,ELLT,-0.5085177911223667,0.5181052232977686,,0.9214375354945854,False,False,False
statsmodels,autocorr,ljungbox_lag20,CUBO,19.04837673662211,0.5186835042056752,,0.9218441720373182,False,False,False
arch,unitroot,ADF,ANSO,-1.5266255535890965,0.5203013628076256,,0.9227886426037627,False,False,False
scipy,sign,Gtest_signtransition,HRET,0.4122694779376026,0.5208198498593878,,0.9227886426037627,False,False,False
scipy,sign,chi2_signtransition,HRET,0.4122028084231023,0.5208535590546353,,0.9227886426037627,False,False,False
statsmodels,autocorr,boxpierce_lag3,HTRK,2.2630481184377653,0.5196368435814853,,0.9227886426037627,False,False,False
statsmodels,autocorr,ljungbox_lag20,EELT,19.022022119575876,0.5203949740898973,,0.9227886426037627,False,False,False
statsmodels,autocorr,breusch_godfrey,HRND,4.206963085639713,0.5200194477815963,,0.9227886426037627,False,False,False
statsmodels,unitroot,adf_price,ANSO,-1.5266255535890965,0.5203013628076256,,0.9227886426037627,False,False,False
arch,unitroot,DFGLS,ILVX,-0.448948799310351,0.5212418122053564,,0.9230616458730974,False,False,False
scipy,regime_2samp,ks_2samp,ANSO,0.0707630522088353,0.5218702110871074,,0.9235874236539852,False,False,False
scipy,normality,shapiro,FARS,0.997090855535675,0.5224484589931735,,0.9235874236539852,False,False,False
statsmodels,autocorr,ljungbox_lag2,BENI,1.2993959860106,0.5222034620469825,,0.9235874236539852,False,False,False
arch,unitroot,DFGLS,ANSO,-0.4995168343047682,0.5224758890787384,,0.9235874236539852,False,False,False
statsmodels,normality,omni_normtest,NPCK,1.2954895041009846,0.5232244480270092,,0.9240818880477017,False,False,False
scipy,normality,normaltest_K2,NPCK,1.2954895041009846,0.5232244480270092,,0.9240818880477017,False,False,False
statsmodels,model,ar1_coef,DIHO,0.0300125865135226,0.5235807105272576,,0.9242969820414014,False,False,False
scipy,normality,kstest_norm,IHOZ,0.0360377473225839,0.5241645027403989,,0.924913370547293,False,False,False
statsmodels,autocorr,boxpierce_lag2,BENI,1.2904319228287016,0.5245492474760174,,0.9251781358167609,False,False,False
scipy,normality,jarque_bera,MSDP,1.2893192203418296,0.5248411622981517,,0.9252790079513927,False,False,False
scipy,dist_fit,ks_t,EELT,0.0359842700845709,0.5260831408401717,,0.9258123844606951,False,False,False
scipy,regime_2samp,ks_2samp,CTGI,0.0706024096385542,0.5257695605133282,,0.9258123844606951,False,False,False
scipy,normality,cramervonmises,IHOZ,0.1127913659443437,0.5258947193695678,,0.9258123844606951,False,False,False
scipy,sign,fisher_signtransition,DIHO,,0.5254359644701992,,0.9258123844606951,False,False,False
scipy,normality,jarque_bera,NPCK,1.2791038422226806,0.5275287455878062,,0.926368258169068,False,False,False
scipy,regime_2samp,cramervonmises_2s,EELT,0.1127579737788835,0.5275740080135864,,0.926368258169068,False,False,False
scipy,regime_2samp,epps_singleton,NAYO,3.186130048218893,0.5271740912417644,,0.926368258169068,False,False,False
scipy,sign,fisher_signtransition,ITPA,,0.5271358145725072,,0.926368258169068,False,False,False
statsmodels,autocorr,boxpierce_lag20,BLBT,18.91603356635205,0.5272898210188219,,0.926368258169068,False,False,False
statsmodels,hetero,white,SMAH,1.2726588815741469,0.5292314385648058,,0.9268015685572921,False,False,False
scipy,regime_2samp,levene_var,ULXY,0.3985801721003027,0.528113672043297,,0.9268015685572921,False,False,False
scipy,regime_2samp,welch_t,LSST,-0.6297960114365148,0.5291182102917772,,0.9268015685572921,False,False,False
statsmodels,granger,granger_algo_to,FARS,,0.5284709869639844,,0.9268015685572921,False,False,False
scipy,regime_2samp,ttest_ind,LSST,-0.6297271142128691,0.5291625200910303,,0.9268015685572921,False,False,False
scipy,regime_2samp,mood_scale,FCSG,-0.6295315032132494,0.5290011509571012,,0.9268015685572921,False,False,False
statsmodels,autocorr,ljungbox_lag3,RRES,2.209920172510271,0.5299970507101897,,0.9269588775449128,False,False,False
scipy,dist_fit,ks_genhyperbolic,NAYO,0.0358745928851937,0.5300267148620582,,0.9269588775449128,False,False,False
scipy,normality,jarque_bera,NGTE,1.2710278062410425,0.5296632227814935,,0.9269588775449128,False,False,False
scipy,regime_2samp,kruskal,HRET,0.3870858982104075,0.5338351684113827,,0.9273933759533559,False,False,False
scipy,regime_2samp,ranksums,HRET,0.6221622614061965,0.5338351782881612,,0.9273933759533559,False,False,False
scipy,dist_fit,ks_logistic,ALGO,0.0358296119589186,0.5316473557056397,,0.9273933759533559,False,False,False
statsmodels,hetero,arch_lm,MDGI,4.130805358987013,0.530741152224238,,0.9273933759533559,False,False,False
scipy,normality,skewtest,ULXY,0.622571934807381,0.5335658587630334,,0.9273933759533559,False,False,False
scipy,normality,skewtest,SPLZ,-0.6252400007094986,0.5318135521816235,,0.9273933759533559,False,False,False
scipy,normality,normaltest_K2,EELT,1.2579227298421167,0.5331452569037805,,0.9273933759533559,False,False,False
statsmodels,autocorr,boxpierce_lag3,RRES,2.192052873295725,0.5335154032261242,,0.9273933759533559,False,False,False
scipy,regime_2samp,welch_t,MTNS,-0.6263558219788122,0.5313694145227271,,0.9273933759533559,False,False,False
scipy,regime_2samp,ttest_ind,MTNS,-0.6263891554779746,0.5313473060126775,,0.9273933759533559,False,False,False
scipy,regime_2samp,mannwhitneyu,HRET,32127.0,0.5340393108610142,,0.9273933759533559,False,False,False
scipy,normality,skewtest,MSDP,0.62318004743628,0.5331662118269764,,0.9273933759533559,False,False,False
statsmodels,hetero,breusch_pagan,ITPA,0.3882999833949108,0.5331943588246533,,0.9273933759533559,False,False,False
statsmodels,granger,granger_algo_to,FCSG,,0.532082199659625,,0.9273933759533559,False,False,False
statsmodels,hetero,breusch_pagan,SMAH,0.3887554426884959,0.5329543203067076,,0.9273933759533559,False,False,False
statsmodels,normality,omni_normtest,EELT,1.2579227298421167,0.5331452569037805,,0.9273933759533559,False,False,False
statsmodels,normality,omni_normtest,RTTH,1.24165780575904,0.537498718655707,,0.9276876266622226,False,False,False
scipy,regime_2samp,levene_var,NAYO,0.3807149065370735,0.5375034346262091,,0.9276876266622226,False,False,False
arch,unitroot,ZivotAndrews,ANSO,-3.714992288041771,0.5368438015781581,,0.9276876266622226,False,False,False
statsmodels,granger,granger_to_algo,RRES,,0.5358681342893102,,0.9276876266622226,False,False,False
statsmodels,unitroot,zivot_andrews_price,ANSO,-3.714992288041771,0.5368438015781581,break_at=218,0.9276876266622226,False,False,False
scipy,normality,normaltest_K2,RTTH,1.24165780575904,0.537498718655707,,0.9276876266622226,False,False,False
scipy,regime_2samp,brunnermunzel,HRET,-0.6202379465447557,0.5353865662015324,,0.9276876266622226,False,False,False
statsmodels,normality,omni_normtest,MSDP,1.2432571141197175,0.5370690773635292,,0.9276876266622226,False,False,False
scipy,dist_fit,ks_gennorm,ACAC,0.0357053458509456,0.5361343672901784,,0.9276876266622226,False,False,False
statsmodels,granger,granger_algo_to,HETT,,0.5346307100680018,,0.9276876266622226,False,False,False
statsmodels,autocorr,boxpierce_lag20,FWWG,18.76414047690277,0.5372012864771827,,0.9276876266622226,False,False,False
scipy,dist_fit,ks_skewnorm,HETT,0.0357315750246084,0.5351861012924058,,0.9276876266622226,False,False,False
scipy,normality,normaltest_K2,MSDP,1.2432571141197175,0.5370690773635292,,0.9276876266622226,False,False,False
scipy,dist_fit,ks_logistic,MTNS,0.0356910065880269,0.5366530403191128,,0.9276876266622226,False,False,False
scipy,dist_fit,ks_logistic,EELT,0.0356460003036256,0.5382821910078928,,0.9278335477926577,False,False,False
statsmodels,unitroot,zivot_andrews_price,MMBT,-3.712898643977603,0.5382940953327773,break_at=151,0.9278335477926577,False,False,False
arch,unitroot,ZivotAndrews,MMBT,-3.712898643977603,0.5382940953327773,,0.9278335477926577,False,False,False
scipy,normality,cramervonmises,SRNA,0.1098273898850651,0.5389789133064882,,0.9286079004607415,False,False,False
scipy,regime_2samp,bartlett_var,NPCK,0.3739429323821486,0.540862837669093,,0.9288484065704187,False,False,False
scipy,regime_2samp,ranksums,SRTX,0.6116066142565902,0.5407980609088323,,0.9288484065704187,False,False,False
scipy,trend,linregress_slope,ULXY,0.0009829613718454,0.5407271896373017,r2=0.001,0.9288484065704187,False,False,False
statsmodels,autocorr,ljungbox_lag1,SRNA,0.3744380471661115,0.5405950348244561,,0.9288484065704187,False,False,False
scipy,regime_2samp,kruskal,SRTX,0.3740626506025819,0.5407980609087388,,0.9288484065704187,False,False,False
scipy,regime_2samp,mannwhitneyu,SRTX,32110.0,0.5410035366528871,,0.9288484065704187,False,False,False
statsmodels,unitroot,adf_price,IHOZ,-1.4850526016992212,0.5408922196494339,,0.9288484065704187,False,False,False
arch,unitroot,ADF,IHOZ,-1.4850526016992212,0.5408922196494339,,0.9288484065704187,False,False,False
scipy,regime_2samp,brunnermunzel,SRTX,-0.6110358499062597,0.5414553815321812,,0.9292194662602778,False,False,False
statsmodels,autocorr,boxpierce_lag1,SRNA,0.3721959031711048,0.541809739155847,,0.9294229729122492,False,False,False
statsmodels,hetero,white,ACAC,1.2235297348210914,0.5423927725385412,,0.9296194053639055,False,False,False
scipy,dist_fit,ks_logistic,LSST,0.0355325773598514,0.5423958986141508,,0.9296194053639055,False,False,False
scipy,regime_2samp,ranksums,NWIG,0.6060183304715047,0.5445025810730576,,0.930140302084216,False,False,False
scipy,dist_fit,ks_gennorm,RRES,0.0355003955929197,0.5435651412999769,,0.930140302084216,False,False,False
scipy,normality,shapiro,NAYO,0.9971537522028294,0.5433340572454681,,0.930140302084216,False,False,False
scipy,regime_2samp,kruskal,NWIG,0.3672582168674125,0.5445025810730888,,0.930140302084216,False,False,False
scipy,regime_2samp,mannwhitneyu,NWIG,32101.0,0.5447087569018466,,0.930140302084216,False,False,False
statsmodels,hetero,breusch_pagan,SPLZ,0.3683467251176305,0.5439068265734734,,0.930140302084216,False,False,False
scipy,normality,jarque_bera,HETT,1.2163708942560687,0.5443377030148734,,0.930140302084216,False,False,False
scipy,regime_2samp,cramervonmises_2s,ANSO,0.1087812894866004,0.5452953419879816,,0.930140302084216,False,False,False
scipy,regime_2samp,brunnermunzel,NWIG,-0.605422805656668,0.5451745336663927,,0.930140302084216,False,False,False
statsmodels,autocorr,ljungbox_lag20,ALUT,18.640453959974707,0.5452951279746017,,0.930140302084216,False,False,False
scipy,dist_fit,ks_hypsecant,AMRP,0.0354585919440276,0.5450853021847305,,0.930140302084216,False,False,False
statsmodels,autocorr,ljungbox_lag20,ACIX,18.620964429123408,0.5465721418137808,,0.9319149580579256,False,False,False
statsmodels,autocorr,ljungbox_lag10,EORC,8.843930463645925,0.5469765538342349,,0.9322012863011474,False,False,False
scipy,regime_2samp,bartlett_var,ITPA,0.3612678954585408,0.5478029206981319,,0.9332061855626775,False,False,False
statsmodels,autocorr,boxpierce_lag20,EELT,18.586268271402457,0.5488465596048322,,0.933918476954198,False,False,False
scipy,normality,skewtest,BENI,-0.5998794370785934,0.5485865874693763,,0.933918476954198,False,False,False
statsmodels,autocorr,ljungbox_lag3,IHOZ,2.114433115169742,0.548998369084652,,0.933918476954198,False,False,False
scipy,dist_fit,ks_hypsecant,HETT,0.0353465013475047,0.549168703597116,,0.933918476954198,False,False,False
scipy,normality,skewtest,RCRI,-0.5982264460387379,0.5496888476255555,,0.9343999298576713,False,False,False
statsmodels,spec,rainbow,MHRM,0.984097887128595,0.5503217318466035,,0.9350725288531513,False,False,False
scipy,dist_fit,ks_hypsecant,AENO,0.0352961083110625,0.5510078977362253,,0.9355834619579483,False,False,False
statsmodels,granger,granger_algo_to,SMAH,,0.5510971077286545,,0.9355834619579483,False,False,False
statsmodels,autocorr,boxpierce_lag3,IHOZ,2.100040700895146,0.5519045293152396,,0.9357452277680319,False,False,False
arch,unitroot,PP,SMAH,-1.4635087412435932,0.5514796720181293,,0.9357452277680319,False,False,False
scipy,regime_2samp,epps_singleton,BENI,3.0360042547943262,0.5518183588565801,,0.9357452277680319,False,False,False
scipy,regime_2samp,cramervonmises_2s,HTRK,0.1072662594264812,0.5522237607270115,,0.9358839487471536,False,False,False
statsmodels,model,ar1_coef,SRNA,0.0273231508669013,0.5531277224161791,,0.9370130991682759,False,False,False
statsmodels,autocorr,boxpierce_lag20,CUBO,18.51009125321629,0.5538444170183032,,0.9377682068397918,False,False,False
scipy,normality,shapiro,OTCS,0.997185617498095,0.5540492525950977,,0.9377682068397918,False,False,False
arch,unitroot,DFGLS,SRTX,-0.3662954631268192,0.5550330259079608,,0.9382247805013643,False,False,False
scipy,normality,kstest_norm,MDGI,0.0351908789520901,0.5548550851881181,,0.9382247805013643,False,False,False
scipy,dist_fit,ks_t,MDGI,0.0351907720983107,0.5548589962534223,,0.9382247805013643,False,False,False
scipy,regime_2samp,cramervonmises_2s,CTGI,0.1065802609234509,0.5553934649322055,,0.9382568829064932,False,False,False
statsmodels,autocorr,ljungbox_lag10,HRET,8.754731012243544,0.5555280478700546,,0.9382568829064932,False,False,False
arch,unitroot,ZivotAndrews,FCSG,-3.681369695635233,0.5601177761858693,,0.9392813219891981,False,False,False
scipy,normality,cramervonmises,MMBT,0.1057172247929126,0.5577390906155335,,0.9392813219891981,False,False,False
scipy,normality,jarque_bera,RTTH,1.167612429906028,0.5577713235897228,,0.9392813219891981,False,False,False
scipy,dist_fit,ks_hypsecant,ACIX,0.0351335566958098,0.5569544827798798,,0.9392813219891981,False,False,False
scipy,sign,chi2_signtransition,DIHO,0.3447041432018247,0.5571264054310596,,0.9392813219891981,False,False,False
statsmodels,autocorr,ljungbox_lag10,LSST,8.717045106269936,0.5591510675324989,,0.9392813219891981,False,False,False
statsmodels,unitroot,adf_price,SMAH,-1.446294576421739,0.5598918961366925,,0.9392813219891981,False,False,False
statsmodels,spec,harvey_collier,RRES,0.5842469139303356,0.5593203619434011,,0.9392813219891981,False,False,False
statsmodels,autocorr,ljungbox_lag20,HTRK,18.43552208487267,0.5587418740842514,,0.9392813219891981,False,False,False
scipy,regime_2samp,ttest_ind,HETT,0.5829484279189564,0.5601924195496487,,0.9392813219891981,False,False,False
scipy,sign,Gtest_signtransition,DIHO,0.3447432132105197,0.5571040613642737,,0.9392813219891981,False,False,False
scipy,sign,chi2_signtransition,ITPA,0.3389713877847745,0.5604235589341943,,0.9392813219891981,False,False,False
statsmodels,autocorr,boxpierce_lag10,EORC,8.709290468386257,0.5598972829381789,,0.9392813219891981,False,False,False
scipy,regime_2samp,welch_t,HETT,0.5828786118193073,0.5602404548868468,,0.9392813219891981,False,False,False
arch,unitroot,ADF,SMAH,-1.446294576421739,0.5598918961366925,,0.9392813219891981,False,False,False
scipy,sign,Gtest_signtransition,ITPA,0.3390075074819698,0.5604026683563044,,0.9392813219891981,False,False,False
scipy,normality,jarque_bera,AGVF,1.17013974136988,0.5570669378038642,,0.9392813219891981,False,False,False
statsmodels,unitroot,zivot_andrews_price,FCSG,-3.681369695635233,0.5601177761858693,break_at=416,0.9392813219891981,False,False,False
scipy,dist_fit,ks_logistic,SPLZ,0.0350296201510014,0.5607675694364228,,0.939458460993786,False,False,False
statsmodels,autocorr,ljungbox_lag1,SRTX,0.3379186579567539,0.5610330827667686,,0.9395039984140193,False,False,False
scipy,dist_fit,ks_logistic,IHOZ,0.0350101132641065,0.5614841233128596,,0.9398600484498058,False,False,False
arch,unitroot,PP,ALUT,-1.440527016140261,0.5627002458895705,,0.9403213105359448,False,False,False
arch,unitroot,ZivotAndrews,ELLT,-3.67761578212392,0.5627138436210791,,0.9403213105359448,False,False,False
statsmodels,unitroot,zivot_andrews_price,ELLT,-3.67761578212392,0.5627138436210791,break_at=123,0.9403213105359448,False,False,False
statsmodels,autocorr,boxpierce_lag1,SRTX,0.3358951929390488,0.5622082319576887,,0.9403213105359448,False,False,False
scipy,regime_2samp,cramervonmises_2s,CCNS,0.1049311715801053,0.5630968418095338,,0.9405626061072806,False,False,False
statsmodels,spec,rainbow,EAFC,0.979924709644794,0.5635341802917236,,0.9408944255442501,False,False,False
statsmodels,autocorr,boxpierce_lag10,HRET,8.664962436727356,0.564167347391366,,0.9411543306884319,False,False,False
scipy,regime_2samp,mood_scale,ULXY,0.576909499465284,0.564000593058079,,0.9411543306884319,False,False,False
scipy,dist_fit,ks_skewnorm,HRET,0.0348962605864457,0.5656719109872426,,0.9432174066364196,False,False,False
scipy,regime_2samp,ks_2samp,CUBO,0.0689156626506024,0.565882589217436,,0.9432174066364196,False,False,False
statsmodels,break,cusum_olsresid,DUCT,0.786293246901223,0.5665960343502827,,0.9433222989612218,False,False,False
scipy,normality,jarque_bera,ULXY,1.135135115699018,0.5669027210144938,,0.9433222989612218,False,False,False
statsmodels,autocorr,ljungbox_lag1,RRES,0.3281399738166257,0.5667563969477898,,0.9433222989612218,False,False,False
statsmodels,hetero,goldfeld_quandt,AETS,0.9789987931433548,0.5661965210092619,,0.9433222989612218,False,False,False
statsmodels,autocorr,breusch_godfrey,ACIX,3.8744121745043367,0.5676356654399015,,0.9437502661379019,False,False,False
scipy,dist_fit,ks_logistic,HRND,0.0348428764717648,0.567638731865288,,0.9437502661379019,False,False,False
statsmodels,autocorr,boxpierce_lag1,RRES,0.3261750637937716,0.5679200768724677,,0.9438199591194215,False,False,False
scipy,normality,cramervonmises,AENO,0.1034549562925413,0.5683764465089967,,0.9441803422412409,False,False,False
scipy,normality,cramervonmises,EELT,0.1032906188523737,0.5691578984999295,,0.9450802173069596,False,False,False
statsmodels,hetero,arch_lm,DIHO,3.85952217359352,0.5698135640555815,,0.9457705555819378,False,False,False
statsmodels,spec,reset,RRES,0.3224997784990942,0.5703661991975219,,0.9461556642433328,False,False,False
statsmodels,autocorr,boxpierce_lag10,LSST,8.58916209782879,0.5714857018171932,,0.9461556642433328,False,False,False
scipy,dist_fit,ks_genhyperbolic,MDGI,0.034748403422383,0.5711242647163044,,0.9461556642433328,False,False,False
scipy,regime_2samp,epps_singleton,ALGO,2.9210901236790927,0.5711164403361602,,0.9461556642433328,False,False,False
scipy,dist_fit,ks_hypsecant,BENI,0.034742153687483,0.5713550610794074,,0.9461556642433328,False,False,False
arch,unitroot,VarianceRatio_q5,ALGO,-0.5660965873386639,0.5713281230734644,,0.9461556642433328,False,False,False
statsmodels,hetero,white,BENI,1.11790761186636,0.5718069720918201,,0.9462901276179491,False,False,False
statsmodels,granger,granger_algo_to,DUCT,,0.5742023584758992,,0.947694239606304,False,False,False
statsmodels,autocorr,boxpierce_lag20,ACIX,18.202243715182792,0.5740873777237703,,0.947694239606304,False,False,False
scipy,normality,cramervonmises,GARI,0.1022074485896263,0.5743382898070676,,0.947694239606304,False,False,False
scipy,dist_fit,ks_hypsecant,HTRK,0.0346979741914282,0.5729873143993713,,0.947694239606304,False,False,False
scipy,dist_fit,ks_logistic,DIHO,0.034690447172611,0.5732655371566544,,0.947694239606304,False,False,False
statsmodels,autocorr,ljungbox_lag1,SPLZ,0.3167956196765955,0.5735397538184202,,0.947694239606304,False,False,False
scipy,normality,jarque_bera,EELT,1.1105727065952686,0.5739078972455647,,0.947694239606304,False,False,False
statsmodels,autocorr,boxpierce_lag1,SPLZ,0.314898639918053,0.5746896260107615,,0.9478771990520592,False,False,False
statsmodels,spec,harvey_collier,HTRK,0.5605860105504911,0.5753334278561889,,0.9485421884605172,False,False,False
statsmodels,autocorr,boxpierce_lag20,ALUT,18.175336979502053,0.5758590622031425,,0.9490118826106974,False,False,False
statsmodels,model,ar1_coef,SPLZ,-0.0251435027946753,0.5768995419410223,,0.9503292914047262,False,False,False
scipy,regime_2samp,epps_singleton,NPCK,2.8838094739050013,0.5774540699623076,,0.9506944767493732,False,False,False
scipy,regime_2samp,ks_2samp,BLBT,0.0675341365461847,0.5776035697145482,,0.9506944767493732,False,False,False
statsmodels,autocorr,ljungbox_lag20,SMAH,18.13570572376612,0.5784690063890726,,0.9517215455700019,False,False,False
statsmodels,granger,granger_algo_to,BLBT,,0.579165407162883,,0.9520725750776,False,False,False
scipy,normality,shapiro,BENI,0.9972590097705224,0.5790293883322983,,0.9520725750776,False,False,False
statsmodels,autocorr,ljungbox_lag3,SPLZ,1.9583771672356909,0.5810904655266129,,0.9548389391854557,False,False,False
scipy,dist_fit,ks_hypsecant,DIHO,0.0344390491617216,0.5825788629395181,,0.9568857823781586,False,False,False
statsmodels,autocorr,ljungbox_lag1,NWIG,0.3011505605596952,0.5831620201634864,,0.9574446828340122,False,False,False
arch,unitroot,DFGLS,GARI,-0.2946971940571044,0.5837433737273213,,0.9580001578822234,False,False,False
statsmodels,model,ar1_coef,RRES,0.0256995985242878,0.5848383525200876,,0.9582014902885226,False,False,False
scipy,normality,jarque_bera,ACIX,1.0733009224937833,0.5847034629273565,,0.9582014902885226,False,False,False
statsmodels,autocorr,boxpierce_lag1,NWIG,0.2993472637898766,0.5842919173537209,,0.9582014902885226,False,False,False
statsmodels,autocorr,boxpierce_lag3,SPLZ,1.940897357506865,0.5847638376287729,,0.9582014902885226,False,False,False
statsmodels,autocorr,ljungbox_lag1,EAFC,0.2975909831264259,0.5853966141925708,,0.9587176789144638,False,False,False
scipy,dist_fit,ks_logistic,OTCS,0.0343489358958693,0.5859265809257557,,0.9591871187746382,False,False,False
statsmodels,autocorr,boxpierce_lag1,EAFC,0.2958090011915371,0.5865218087206168,,0.9597629597246455,False,False,False
scipy,normality,kurtosistest,BENI,0.5427998968408865,0.587267584264117,,0.960584571439481,False,False,False
scipy,sign,fisher_signtransition,FWWG,,0.5877895165480433,,0.960762976783231,False,False,False
statsmodels,hetero,goldfeld_quandt,HUXZ,0.9721262528569704,0.5878641045157669,,0.960762976783231,False,False,False
scipy,regime_2samp,ttest_ind,IHOZ,0.5382093603634135,0.5906734603085968,,0.961354980607434,False,False,False
scipy,normality,skewtest,ELLT,-0.5390826506970436,0.5898298261693302,,0.961354980607434,False,False,False
arch,unitroot,VarianceRatio_q5,CUBO,-0.5372065072781431,0.5911249768526887,,0.961354980607434,False,False,False
scipy,regime_2samp,cramervonmises_2s,ULXY,0.099338854415663,0.5901117995127596,,0.961354980607434,False,False,False
scipy,regime_2samp,welch_t,IHOZ,0.5382785635060477,0.5906265938798241,,0.961354980607434,False,False,False
statsmodels,autocorr,breusch_godfrey,FWWG,3.7130140170372106,0.5914284788613106,,0.961354980607434,False,False,False
scipy,sign,fisher_signtransition,SRTX,,0.5904406932044888,,0.961354980607434,False,False,False
scipy,normality,kurtosistest,HRND,-0.5373122688803784,0.5910519320967962,,0.961354980607434,False,False,False
statsmodels,model,ar1_coef,SRTX,0.0259811713658952,0.5916405842094457,,0.961354980607434,False,False,False
scipy,dist_fit,ks_genhyperbolic,SRTX,0.034232579138935,0.5902560521185534,,0.961354980607434,False,False,False
statsmodels,autocorr,ljungbox_lag20,FCSG,17.943989451741412,0.5910980434742756,,0.961354980607434,False,False,False
statsmodels,autocorr,ljungbox_lag5,FWWG,3.7247153937423207,0.5896902783061503,,0.961354980607434,False,False,False
scipy,sign,binomtest_updays,RCRI,0.4869739478957915,0.5911780326904607,,0.961354980607434,False,False,False
scipy,sign,fisher_signtransition,EELT,,0.5891915062777153,,0.961354980607434,False,False,False
scipy,normality,shapiro,ACAC,0.9973032813295384,0.5942729421711977,,0.9629711230522271,False,False,False
scipy,regime_2samp,ranksums,GARI,-0.5330601810551094,0.5939919217952154,,0.9629711230522271,False,False,False
scipy,regime_2samp,kruskal,GARI,0.2841532115127119,0.5939918861588067,,0.9629711230522271,False,False,False
statsmodels,spec,reset,AMRP,0.2859676984921424,0.5930558222144289,,0.9629711230522271,False,False,False
scipy,regime_2samp,mannwhitneyu,GARI,30266.5,0.5942068071796902,,0.9629711230522271,False,False,False
statsmodels,autocorr,boxpierce_lag20,HTRK,17.901540071968896,0.5938942778468508,,0.9629711230522271,False,False,False
scipy,regime_2samp,brunnermunzel,GARI,0.5323390547809106,0.5947292329287563,,0.9629711230522271,False,False,False
scipy,dist_fit,ks_hypsecant,FARS,0.0341097621306197,0.5948337606880195,,0.9629711230522271,False,False,False
scipy,normality,skewtest,GARI,-0.5319857841366782,0.5947358414413029,,0.9629711230522271,False,False,False
statsmodels,autocorr,ljungbox_lag3,MDGI,1.8922011153370928,0.5950793009177184,,0.9629731544407415,False,False,False
statsmodels,unitroot,adf_price,FWWG,-1.3705940146174078,0.596289736206606,,0.9633059604506946,False,False,False
arch,unitroot,ADF,FWWG,-1.3705940146174078,0.596289736206606,,0.9633059604506946,False,False,False
statsmodels,hetero,white,MTNS,1.0297956982375909,0.5975616329480046,,0.9633059604506946,False,False,False
statsmodels,granger,granger_to_algo,ITPA,,0.5977286603912733,,0.9633059604506946,False,False,False
statsmodels,model,ar1_coef,EAFC,0.0243488287041743,0.5973966998729681,,0.9633059604506946,False,False,False
statsmodels,autocorr,ljungbox_lag20,NGTE,17.85167004538684,0.5971788990124931,,0.9633059604506946,False,False,False
statsmodels,autocorr,ljungbox_lag20,CTGI,17.84853163050748,0.597385586067189,,0.9633059604506946,False,False,False
statsmodels,autocorr,ljungbox_lag10,ALGO,8.327073770690356,0.5969221132581289,,0.9633059604506946,False,False,False
statsmodels,autocorr,boxpierce_lag5,FWWG,3.6799346806054,0.5963527951661545,,0.9633059604506946,False,False,False
scipy,normality,skewtest,ALGO,-0.5284185171949815,0.5972088880761144,,0.9633059604506946,False,False,False
statsmodels,autocorr,boxpierce_lag3,MDGI,1.8742504383721503,0.598911996352568,,0.964818589955792,False,False,False
statsmodels,unitroot,zivot_andrews_price,ULXY,-3.6220270858425567,0.5995030540019716,break_at=281,0.9649820493571954,False,False,False
arch,unitroot,ZivotAndrews,ULXY,-3.6220270858425567,0.5995030540019716,,0.9649820493571954,False,False,False
statsmodels,model,ar1_coef,NWIG,-0.0245118941524435,0.5997657243536214,,0.9650108103681533,False,False,False
statsmodels,unitroot,adf_price,ILVX,-1.3557317804184417,0.6033054059662949,,0.9654123787985887,False,False,False
statsmodels,spec,harvey_collier,ULXY,-0.5229119645637174,0.6012694912223132,,0.9654123787985887,False,False,False
arch,unitroot,ADF,ALUT,-1.3588397583700127,0.6018421751935287,,0.9654123787985887,False,False,False
scipy,regime_2samp,bartlett_var,HRET,0.2691511521799459,0.6039017556844117,,0.9654123787985887,False,False,False
arch,unitroot,ADF,ILVX,-1.3557317804184417,0.6033054059662949,,0.9654123787985887,False,False,False
scipy,regime_2samp,brunnermunzel,DUCT,-0.5183807593322914,0.6044235796232665,,0.9654123787985887,False,False,False
scipy,regime_2samp,bartlett_var,NAYO,0.2718300333774366,0.6021068040336917,,0.9654123787985887,False,False,False
statsmodels,hetero,breusch_pagan,NPCK,0.2698644894088624,0.6034226884100375,,0.9654123787985887,False,False,False
scipy,regime_2samp,mannwhitneyu,DUCT,31961.0,0.6039123486839502,,0.9654123787985887,False,False,False
scipy,regime_2samp,ks_2samp,NAYO,0.0664578313253012,0.6030602903994813,,0.9654123787985887,False,False,False
scipy,regime_2samp,kruskal,DUCT,0.2694576139428589,0.6036958416404508,,0.9654123787985887,False,False,False
scipy,regime_2samp,ranksums,DUCT,0.5190894715923954,0.6036983499347185,,0.9654123787985887,False,False,False
statsmodels,unitroot,adf_price,ALUT,-1.3588397583700127,0.6018421751935287,,0.9654123787985887,False,False,False
scipy,normality,cramervonmises,SMAH,0.0963778935348214,0.6031140074631876,,0.9654123787985887,False,False,False
statsmodels,granger,granger_to_algo,RTTH,,0.603509296410719,,0.9654123787985887,False,False,False
scipy,normality,cramervonmises,NAYO,0.0964792135234383,0.6026008881991556,,0.9654123787985887,False,False,False
statsmodels,autocorr,ljungbox_lag10,FWWG,8.252154195416807,0.6042217059956111,,0.9654123787985887,False,False,False
statsmodels,autocorr,ljungbox_lag10,OTCS,8.253459248185186,0.6040944731215937,,0.9654123787985887,False,False,False
statsmodels,granger,granger_to_algo,SRTX,,0.6052406286611431,,0.9663258639863208,False,False,False
statsmodels,autocorr,ljungbox_lag10,ILVX,8.227734486991542,0.6066028987586729,,0.9678069809876042,False,False,False
statsmodels,hetero,breusch_pagan,GARI,0.2649917350057731,0.6067113198092682,,0.9678069809876042,False,False,False
statsmodels,hetero,arch_lm,SPLZ,3.609384299588905,0.606904834348391,,0.9678069809876042,False,False,False
arch,unitroot,PP,ILVX,-1.3454263877245238,0.6081421283708355,,0.9691153672939671,False,False,False
scipy,sign,chi2_signtransition,EELT,0.2617501405126926,0.608920326436013,,0.9691153672939671,False,False,False
statsmodels,autocorr,boxpierce_lag10,ALGO,8.209428656939489,0.6083884528667591,,0.9691153672939671,False,False,False
scipy,dist_fit,ks_skewnorm,SMAH,0.0337321146544327,0.6089545319094766,,0.9691153672939671,False,False,False
scipy,sign,Gtest_signtransition,EELT,0.26179578256066,0.6088891038033308,,0.9691153672939671,False,False,False
scipy,regime_2samp,mood_scale,MSDP,-0.5101934626485893,0.6099159316928748,,0.9701383524294387,False,False,False
statsmodels,autocorr,boxpierce_lag20,SMAH,17.655515615611872,0.6100895422812224,,0.9701383524294387,False,False,False
statsmodels,spec,harvey_collier,MHRM,0.5090958730587526,0.6109118775414589,,0.9710333959943189,False,False,False
scipy,normality,kurtosistest,FARS,0.5084396285280426,0.6111450673419344,,0.9710333959943189,False,False,False
statsmodels,normality,omni_normtest,ACIX,0.9806857066902688,0.612416389178369,,0.9718781828265423,False,False,False
scipy,dist_fit,ks_t,AGVF,0.0336427375018474,0.6123051388650274,,0.9718781828265423,False,False,False
scipy,normality,normaltest_K2,ACIX,0.9806857066902688,0.612416389178369,,0.9718781828265423,False,False,False
statsmodels,autocorr,ljungbox_lag20,MHRM,17.61420606089533,0.6128058163654084,,0.9721048402866961,False,False,False
scipy,normality,shapiro,AMRP,0.9973590110981556,0.6136112688919563,,0.9728195252003732,False,False,False
statsmodels,spec,rainbow,FCSG,0.9639175160460534,0.6139462409482641,,0.9728195252003732,False,False,False
statsmodels,hetero,goldfeld_quandt,ANSO,0.9637866835065468,0.6139966967779118,,0.9728195252003732,False,False,False
statsmodels,hetero,goldfeld_quandt,IHOZ,0.9637053380884438,0.6142503721607717,,0.9728304407624596,False,False,False
statsmodels,autocorr,boxpierce_lag10,ILVX,8.124627480869654,0.6166648523688489,,0.9730295048415007,False,False,False
statsmodels,unitroot,zivot_andrews_price,DUCT,-3.5844043139980046,0.624420677181285,break_at=101,0.9730295048415007,False,False,False
scipy,dist_fit,ks_logistic,EAFC,0.0335650783417807,0.6152187854816007,,0.9730295048415007,False,False,False
statsmodels,spec,harvey_collier,CCNS,-0.4795697409505645,0.6317451798026572,,0.9730295048415007,False,False,False
statsmodels,autocorr,ljungbox_lag3,MHRM,1.7885668167540858,0.6174260796392681,,0.9730295048415007,False,False,False
statsmodels,spec,rainbow,ALUT,0.9585098021107556,0.6307786706750038,,0.9730295048415007,False,False,False
statsmodels,break,cusum_olsresid,SMAH,0.7500828764607194,0.6270275240668897,,0.9730295048415007,False,False,False
statsmodels,model,ar1_coef,OTCS,-0.0218700766912373,0.6296824628870695,,0.9730295048415007,False,False,False
statsmodels,autocorr,boxpierce_lag10,FWWG,8.1167628333576,0.6174327516446789,,0.9730295048415007,False,False,False
scipy,regime_2samp,brunnermunzel,MTNS,0.4804324769789853,0.631131508153133,,0.9730295048415007,False,False,False
scipy,regime_2samp,ranksums,MTNS,-0.4812133259379264,0.6303648907503865,,0.9730295048415007,False,False,False
scipy,normality,kstest_norm,SRTX,0.0331489893280935,0.6308602179319995,,0.9730295048415007,False,False,False
scipy,normality,jarque_bera,RCRI,0.9395005656812144,0.6251583615625245,,0.9730295048415007,False,False,False
statsmodels,granger,granger_to_algo,FCSG,,0.6244733831605791,,0.9730295048415007,False,False,False
statsmodels,autocorr,boxpierce_lag20,CTGI,17.368567058154294,0.6289276433765185,,0.9730295048415007,False,False,False
scipy,regime_2samp,cramervonmises_2s,RCRI,0.0942684404954548,0.6158144610983399,,0.9730295048415007,False,False,False
scipy,regime_2samp,ansari_scale,SPLZ,30802.0,0.6322436965849112,,0.9730295048415007,False,False,False
scipy,regime_2samp,mood_scale,ITPA,-0.4840264160541579,0.6283671218878583,,0.9730295048415007,False,False,False
statsmodels,granger,granger_algo_to,ACIX,,0.6235859904123611,,0.9730295048415007,False,False,False
scipy,regime_2samp,mood_scale,LSST,-0.4955282864111804,0.6202272601656487,,0.9730295048415007,False,False,False
scipy,regime_2samp,ansari_scale,LSST,31584.5,0.6218971139342142,,0.9730295048415007,False,False,False
arch,unitroot,ZivotAndrews,RRES,-3.595689258340719,0.6169432425518689,,0.9730295048415007,False,False,False
statsmodels,unitroot,adf_price,GARI,-1.3079387905264974,0.6255325260209759,,0.9730295048415007,False,False,False
arch,unitroot,ADF,GARI,-1.3079387905264974,0.6255325260209759,,0.9730295048415007,False,False,False
statsmodels,hetero,breusch_pagan,DUCT,0.244314427340893,0.6211072270753337,,0.9730295048415007,False,False,False
scipy,dist_fit,ks_logistic,CTGI,0.0335651059219012,0.6152177503544635,,0.9730295048415007,False,False,False
scipy,dist_fit,ks_t,SRTX,0.0331466679222904,0.630947600649727,,0.9730295048415007,False,False,False
statsmodels,model,ar1_coef,EORC,-0.0213270965151659,0.6249622796096939,,0.9730295048415007,False,False,False
scipy,regime_2samp,kruskal,MTNS,0.2315669359933434,0.6303643953375251,,0.9730295048415007,False,False,False
statsmodels,unitroot,zivot_andrews_price,RRES,-3.595689258340719,0.6169432425518689,break_at=319,0.9730295048415007,False,False,False
scipy,normality,jarque_bera,RRES,0.9276113476991382,0.6288857515408283,,0.9730295048415007,False,False,False
statsmodels,autocorr,ljungbox_lag10,AETS,8.054056016994164,0.6235567194282257,,0.9730295048415007,False,False,False
statsmodels,granger,granger_to_algo,HETT,,0.6287637691347441,,0.9730295048415007,False,False,False
scipy,regime_2samp,cramervonmises_2s,AENO,0.093934052844645,0.6175502588800508,,0.9730295048415007,False,False,False
scipy,regime_2samp,ks_2samp,AENO,0.06570281124498,0.6215012178494785,,0.9730295048415007,False,False,False
statsmodels,autocorr,boxpierce_lag20,FCSG,17.460036592208176,0.6229311682163036,,0.9730295048415007,False,False,False
statsmodels,autocorr,boxpierce_lag20,NGTE,17.384136746919065,0.6279076029877582,,0.9730295048415007,False,False,False
scipy,normality,jarque_bera,NAYO,0.9292578606064557,0.6283682303428205,,0.9730295048415007,False,False,False
scipy,normality,kurtosistest,EELT,0.4783584136621608,0.6323951271953133,,0.9730295048415007,False,False,False
arch,unitroot,DFGLS,SRNA,-0.1797191053847472,0.6283998650409984,,0.9730295048415007,False,False,False
statsmodels,autocorr,boxpierce_lag3,MHRM,1.7775598236084234,0.6198303019633404,,0.9730295048415007,False,False,False
scipy,dist_fit,ks_johnsonsu,SMAH,0.0331172983975786,0.6320532220858275,,0.9730295048415007,False,False,False
scipy,regime_2samp,mannwhitneyu,MTNS,30350.0,0.6305850407750706,,0.9730295048415007,False,False,False
scipy,regime_2samp,ansari_scale,HRND,31589.0,0.6180215433928402,,0.9730295048415007,False,False,False
statsmodels,autocorr,ljungbox_lag5,ACIX,3.496906814571851,0.6238557177707051,,0.9730295048415007,False,False,False
statsmodels,autocorr,boxpierce_lag5,ACIX,3.4699543656202727,0.6279387130882027,,0.9730295048415007,False,False,False
scipy,normality,kurtosistest,MHRM,-0.4939334589886825,0.6213531737492752,,0.9730295048415007,False,False,False
scipy,sign,chi2_signtransition,SRTX,0.2372024514349414,0.6262339934275329,,0.9730295048415007,False,False,False
scipy,sign,Gtest_signtransition,SRTX,0.2372055600544129,0.6262317318659201,,0.9730295048415007,False,False,False
statsmodels,hetero,white,BLBT,0.9374305589769854,0.6258057375226976,,0.9730295048415007,False,False,False
statsmodels,autocorr,ljungbox_lag1,OTCS,0.2388910441690657,0.6250082107902559,,0.9730295048415007,False,False,False
scipy,dist_fit,ks_logistic,EORC,0.033156051758638,0.6305943793239235,,0.9730295048415007,False,False,False
statsmodels,autocorr,boxpierce_lag10,OTCS,8.109065130518276,0.6181843926325236,,0.9730295048415007,False,False,False
arch,unitroot,ZivotAndrews,DUCT,-3.5844043139980046,0.624420677181285,,0.9730295048415007,False,False,False
arch,unitroot,ADF,BLBT,-1.3193586518674514,0.6202698307623036,,0.9730295048415007,False,False,False
scipy,normality,kstest_norm,ALUT,0.0333739485906686,0.6223979078096264,,0.9730295048415007,False,False,False
scipy,regime_2samp,ks_2samp,SMAH,0.065574297188755,0.6246222470560817,,0.9730295048415007,False,False,False
statsmodels,unitroot,adf_price,BLBT,-1.3193586518674514,0.6202698307623036,,0.9730295048415007,False,False,False
statsmodels,autocorr,ljungbox_lag20,DUCT,17.334457178006968,0.6311613161473845,,0.9730295048415007,False,False,False
statsmodels,autocorr,ljungbox_lag10,BENI,8.003735024435,0.6284720853193223,,0.9730295048415007,False,False,False
statsmodels,unitroot,adf_price,CCNS,-1.303911967853138,0.6273806885598531,,0.9730295048415007,False,False,False
scipy,normality,kstest_norm,MMBT,0.03342137592528,0.6206154533458572,,0.9730295048415007,False,False,False
statsmodels,autocorr,boxpierce_lag1,OTCS,0.2374605588746401,0.6260462792697379,,0.9730295048415007,False,False,False
arch,unitroot,PP,CCNS,-1.3132423135886302,0.6230923735383498,,0.9730295048415007,False,False,False
statsmodels,hetero,white,NAYO,0.9179430813780204,0.6319332290278765,,0.9730295048415007,False,False,False
statsmodels,autocorr,ljungbox_lag2,HRND,0.918422257311827,0.6317818435661067,,0.9730295048415007,False,False,False
scipy,dist_fit,ks_gennorm,LSST,0.0331230307663167,0.6318374131670965,,0.9730295048415007,False,False,False
scipy,sign,chi2_signtransition,FWWG,0.2441534014327737,0.6212222721748741,,0.9730295048415007,False,False,False
scipy,sign,Gtest_signtransition,FWWG,0.2441436067966744,0.6212292714838155,,0.9730295048415007,False,False,False
statsmodels,spec,rainbow,ILVX,0.9618320140794254,0.6204539234892248,,0.9730295048415007,False,False,False
statsmodels,hetero,arch_lm,BENI,3.537157935259878,0.6177727703368086,,0.9730295048415007,False,False,False
arch,unitroot,DFGLS,DUCT,-0.176642327870071,0.6295664546592236,,0.9730295048415007,False,False,False
arch,unitroot,ADF,CCNS,-1.303911967853138,0.6273806885598531,,0.9730295048415007,False,False,False
statsmodels,autocorr,boxpierce_lag2,HRND,0.9110899860074388,0.6341022924483928,,0.9748182940393993,False,False,False
scipy,regime_2samp,ttest_ind,RRES,-0.4722185692934519,0.6369780564382104,,0.9748182940393993,False,False,False
scipy,regime_2samp,welch_t,RRES,-0.4721998163469035,0.636991548449367,,0.9748182940393993,False,False,False
statsmodels,autocorr,boxpierce_lag10,AETS,7.930141237045661,0.6356606287695106,,0.9748182940393993,False,False,False
statsmodels,autocorr,ljungbox_lag1,EORC,0.2268063633953703,0.6339020399717873,,0.9748182940393993,False,False,False
scipy,regime_2samp,bartlett_var,ANSO,0.2260585072195313,0.6344619133608569,,0.9748182940393993,False,False,False
arch,unitroot,ZivotAndrews,DIHO,-3.563523713665865,0.6382562194103729,,0.9748182940393993,False,False,False
statsmodels,autocorr,boxpierce_lag2,FCSG,0.9037787226471136,0.6364245790030976,,0.9748182940393993,False,False,False
scipy,regime_2samp,bartlett_var,GARI,0.2240970571126528,0.6359357427117691,,0.9748182940393993,False,False,False
statsmodels,unitroot,zivot_andrews_price,DIHO,-3.563523713665865,0.6382562194103729,break_at=129,0.9748182940393993,False,False,False
statsmodels,autocorr,ljungbox_lag2,FCSG,0.9093770428639965,0.6346456156726736,,0.9748182940393993,False,False,False
statsmodels,hetero,white,RRES,0.9001536356699498,0.6375791722889139,,0.9748182940393993,False,False,False
scipy,dist_fit,ks_t,ITPA,0.0329691683919359,0.6376318548663291,,0.9748182940393993,False,False,False
statsmodels,autocorr,boxpierce_lag1,EORC,0.2254482414588711,0.6349196232948195,,0.9748182940393993,False,False,False
statsmodels,hetero,breusch_pagan,DIHO,0.2213033082506745,0.6380486522361875,,0.9748182940393993,False,False,False
scipy,normality,kstest_norm,ITPA,0.0329748348053388,0.6374183944686787,,0.9748182940393993,False,False,False
statsmodels,hetero,white,ANSO,0.9002484611955367,0.6375489436154741,,0.9748182940393993,False,False,False
statsmodels,hetero,goldfeld_quandt,RTTH,0.956050425017285,0.6379834724253901,,0.9748182940393993,False,False,False
statsmodels,spec,reset,IHOZ,0.2231028310120793,0.6368935665263455,,0.9748182940393993,False,False,False
scipy,dist_fit,ks_genhyperbolic,ITPA,0.0329363944211826,0.6388665706793821,,0.9749949754619142,False,False,False
scipy,regime_2samp,mood_scale,AENO,-0.4694389725324489,0.6387558968333797,,0.9749949754619142,False,False,False
statsmodels,autocorr,boxpierce_lag20,MHRM,17.20576021704147,0.6395751818640382,,0.9753212251094926,False,False,False
scipy,normality,shapiro,SRTX,0.9974326475919736,0.6393470825038907,,0.9753212251094926,False,False,False
arch,unitroot,DFGLS,BENI,-0.1466583251547667,0.640850160840218,,0.9768876001671072,False,False,False
statsmodels,autocorr,boxpierce_lag10,BENI,7.864884614349193,0.6420329355243044,,0.9778861801839263,False,False,False
scipy,regime_2samp,mannwhitneyu,ALUT,30378.0,0.6429936527236775,,0.9778861801839263,False,False,False
scipy,regime_2samp,kruskal,ALUT,0.2151361454430136,0.6427711879778054,,0.9778861801839263,False,False,False
scipy,regime_2samp,ranksums,ALUT,-0.4638275541621045,0.6427713003166902,,0.9778861801839263,False,False,False
scipy,dist_fit,ks_gennorm,SMAH,0.0328362685656871,0.6426394388028294,,0.9778861801839263,False,False,False
statsmodels,granger,granger_algo_to,MSDP,,0.6424273006264076,,0.9778861801839263,False,False,False
scipy,regime_2samp,brunnermunzel,ALUT,0.4631459418430289,0.6434627178698175,,0.9779155064921873,False,False,False
statsmodels,spec,rainbow,EELT,0.9543871794167303,0.6435090877323019,,0.9779155064921873,False,False,False
statsmodels,granger,granger_to_algo,SRNA,,0.6440214777489701,,0.9783170193782044,False,False,False
scipy,dist_fit,ks_genhyperbolic,ILVX,0.032761272480242,0.6454659741302027,,0.9786257192389458,False,False,False
statsmodels,unitroot,zivot_andrews_price,AENO,-3.552866231616479,0.6453178958279358,break_at=79,0.9786257192389458,False,False,False
arch,unitroot,ZivotAndrews,AENO,-3.552866231616479,0.6453178958279358,,0.9786257192389458,False,False,False
arch,unitroot,DFGLS,RRES,-0.136785822967763,0.6445308784628297,,0.9786257192389458,False,False,False
scipy,dist_fit,ks_genhyperbolic,SMAH,0.0327696456022572,0.6451503791845496,,0.9786257192389458,False,False,False
statsmodels,normality,omni_normtest,NAYO,0.8700523974368927,0.6472477097953921,,0.9805728178376002,False,False,False
scipy,normality,normaltest_K2,NAYO,0.8700523974368927,0.6472477097953921,,0.9805728178376002,False,False,False
scipy,dist_fit,ks_logistic,AENO,0.0325738105124639,0.6525323858644747,,0.9834409755309663,False,False,False
statsmodels,hetero,breusch_pagan,ANSO,0.2027670928587148,0.6524965383119358,,0.9834409755309663,False,False,False
arch,unitroot,PP,BLBT,-1.2390680196605246,0.6565680062353741,,0.9834409755309663,False,False,False
scipy,sign,fisher_signtransition,HTRK,,0.651429634772893,,0.9834409755309663,False,False,False
statsmodels,autocorr,ljungbox_lag2,DIHO,0.8448879043880725,0.655442989438862,,0.9834409755309663,False,False,False
statsmodels,autocorr,ljungbox_lag10,CTGI,7.745659746708957,0.6536647554459483,,0.9834409755309663,False,False,False
scipy,normality,skewtest,EORC,-0.4482660945159381,0.6539611671849226,,0.9834409755309663,False,False,False
scipy,regime_2samp,ranksums,LSST,-0.4461313221760001,0.6555023884967045,,0.9834409755309663,False,False,False
scipy,regime_2samp,kruskal,LSST,0.1990331662378653,0.6555023807161122,,0.9834409755309663,False,False,False
scipy,regime_2samp,brunnermunzel,LSST,0.4456756485682734,0.6560258779162811,,0.9834409755309663,False,False,False
scipy,dist_fit,ks_skewnorm,ILVX,0.0324815728210884,0.6560093429116982,,0.9834409755309663,False,False,False
scipy,regime_2samp,ks_2samp,RCRI,0.0633895582329317,0.6564514941221329,,0.9834409755309663,False,False,False
scipy,regime_2samp,bartlett_var,ULXY,0.2028795455336289,0.652406530875157,,0.9834409755309663,False,False,False
statsmodels,hetero,breusch_pagan,RTTH,0.2017846858943729,0.6532841391236555,,0.9834409755309663,False,False,False
scipy,sign,binomtest_updays,HRET,0.5110663983903421,0.6537916608946801,,0.9834409755309663,False,False,False
scipy,dist_fit,ks_hypsecant,MMBT,0.0326155562439119,0.6509587136617564,,0.9834409755309663,False,False,False
scipy,regime_2samp,levene_var,EELT,0.2005802701098119,0.6544480283366099,,0.9834409755309663,False,False,False
statsmodels,autocorr,boxpierce_lag20,DUCT,16.943931703751602,0.656611354289784,,0.9834409755309663,False,False,False
statsmodels,normality,omni_normtest,RCRI,0.8405239717642248,0.6568747053711401,,0.9834409755309663,False,False,False
arch,unitroot,VarianceRatio_q5,MTNS,0.4448505315475308,0.6564277739475495,,0.9834409755309663,False,False,False
scipy,sign,binomtest_updays,LSST,0.4889336016096579,0.6537916608946801,,0.9834409755309663,False,False,False
scipy,normality,kurtosistest,NWIG,0.4448957049612111,0.6563951266747956,,0.9834409755309663,False,False,False
scipy,regime_2samp,ansari_scale,HUXZ,30826.0,0.653599588186043,,0.9834409755309663,False,False,False
arch,unitroot,VarianceRatio_q5,BENI,0.4478612425069525,0.6542533412408988,,0.9834409755309663,False,False,False
scipy,sign,fisher_signtransition,RRES,,0.652537148723254,,0.9834409755309663,False,False,False
scipy,normality,skewtest,NWIG,-0.4516591238051534,0.651514569870447,,0.9834409755309663,False,False,False
scipy,normality,shapiro,ALGO,0.9974808652323992,0.6562632570925726,,0.9834409755309663,False,False,False
statsmodels,granger,granger_algo_to,CCNS,,0.6508643697155471,,0.9834409755309663,False,False,False
scipy,normality,normaltest_K2,RCRI,0.8405239717642248,0.6568747053711401,,0.9834409755309663,False,False,False
scipy,sign,fisher_signtransition,EAFC,,0.6515817769112299,,0.9834409755309663,False,False,False
scipy,regime_2samp,mannwhitneyu,LSST,30406.5,0.6557266431784246,,0.9834409755309663,False,False,False
statsmodels,autocorr,boxpierce_lag2,DIHO,0.8390447472693175,0.6573607176564392,,0.9837949692489306,False,False,False
scipy,regime_2samp,fligner_var,GARI,0.1959741736014537,0.6579901910197694,,0.9839835880768805,False,False,False
scipy,normality,normaltest_K2,RRES,0.8363847244240258,0.658235596590242,,0.9839835880768805,False,False,False
statsmodels,normality,omni_normtest,RRES,0.8363847244240258,0.658235596590242,,0.9839835880768805,False,False,False
statsmodels,hetero,arch_lm,ACIX,3.265233800714019,0.6591684300191716,,0.9846312812184822,False,False,False
scipy,dist_fit,ks_johnsonsu,ILVX,0.0324032573734267,0.6589612191227969,,0.9846312812184822,False,False,False
scipy,regime_2samp,epps_singleton,MSDP,2.402269915427534,0.662217093830237,,0.9888105241965129,False,False,False
statsmodels,autocorr,boxpierce_lag10,CTGI,7.637403758147893,0.6642069956413693,,0.9899069855645662,False,False,False
scipy,regime_2samp,ansari_scale,RRES,31537.5,0.6637092903232857,,0.9899069855645662,False,False,False
statsmodels,hetero,white,RCRI,0.8185652276143953,0.6641265144749219,,0.9899069855645662,False,False,False
scipy,regime_2samp,ansari_scale,HTRK,31538.0,0.663858762373982,,0.9899069855645662,False,False,False
scipy,normality,kurtosistest,ACIX,-0.4342945679901754,0.6640745479103409,,0.9899069855645662,False,False,False
scipy,normality,kurtosistest,HTRK,-0.427913266417316,0.6687142680843889,,0.9906329523713933,False,False,False
scipy,normality,skewtest,FARS,-0.42960207067453,0.6674851305650982,,0.9906329523713933,False,False,False
scipy,regime_2samp,welch_t,EAFC,0.4271809921616389,0.6694325084092887,,0.9906329523713933,False,False,False
scipy,regime_2samp,cramervonmises_2s,CUBO,0.0844607125898306,0.6688077777624668,,0.9906329523713933,False,False,False
statsmodels,autocorr,ljungbox_lag10,FCSG,7.609948173199632,0.6668767177878565,,0.9906329523713933,False,False,False
scipy,regime_2samp,ttest_ind,EAFC,0.4271796448000306,0.6694334879389136,,0.9906329523713933,False,False,False
arch,unitroot,ZivotAndrews,SRNA,-3.520631421849303,0.6662755937342841,,0.9906329523713933,False,False,False
scipy,sign,Gtest_signtransition,EAFC,0.1849901612559152,0.6671193897041304,,0.9906329523713933,False,False,False
statsmodels,unitroot,zivot_andrews_price,SRNA,-3.520631421849303,0.6662755937342841,break_at=153,0.9906329523713933,False,False,False
scipy,dist_fit,ks_t,ACIX,0.0321299305740332,0.669258842132286,,0.9906329523713933,False,False,False
scipy,normality,jarque_bera,ALGO,0.8066927183144396,0.66808066339037,,0.9906329523713933,False,False,False
scipy,sign,chi2_signtransition,EAFC,0.1849926906771458,0.6671172508308876,,0.9906329523713933,False,False,False
scipy,normality,kstest_norm,ACIX,0.0321372668237626,0.6689825851036604,,0.9906329523713933,False,False,False
statsmodels,hetero,white,ACIX,0.8115381163528883,0.6664640640799083,,0.9906329523713933,False,False,False
statsmodels,autocorr,ljungbox_lag20,BENI,16.783256895320815,0.666999520315492,,0.9906329523713933,False,False,False
scipy,regime_2samp,epps_singleton,ACIX,2.362199952231639,0.6694688445249598,,0.9906329523713933,False,False,False
statsmodels,hetero,arch_lm,AGVF,3.2217038690222144,0.665848426618531,,0.9906329523713933,False,False,False
statsmodels,autocorr,ljungbox_lag10,CUBO,7.592458791808206,0.6685763772626231,,0.9906329523713933,False,False,False
statsmodels,hetero,goldfeld_quandt,NGTE,0.9466970988616388,0.6665171091195746,,0.9906329523713933,False,False,False
scipy,sign,chi2_signtransition,RRES,0.1799415158168855,0.6714235057355975,,0.9921839740252651,False,False,False
statsmodels,granger,granger_to_algo,AGVF,,0.6715238058598192,,0.9921839740252651,False,False,False
scipy,normality,cramervonmises,ITPA,0.083634794302233,0.6713157876299447,,0.9921839740252651,False,False,False
scipy,sign,Gtest_signtransition,RRES,0.1799471329972988,0.6714186775389686,,0.9921839740252651,False,False,False
statsmodels,spec,rainbow,ACAC,0.944709871878226,0.6729581802083368,,0.9928205059887313,False,False,False
arch,unitroot,DFGLS,FWWG,-0.0589034439156986,0.6729318016544962,,0.9928205059887313,False,False,False
statsmodels,spec,harvey_collier,AGVF,0.4228844257352149,0.6725632351392119,,0.9928205059887313,False,False,False
statsmodels,autocorr,breusch_godfrey,NGTE,3.1745608093646087,0.6730941166290181,,0.9928205059887313,False,False,False
scipy,dist_fit,ks_gennorm,ACIX,0.0320154328562864,0.6735690883500731,,0.9928205059887313,False,False,False
statsmodels,unitroot,zivot_andrews_price,SMAH,-3.508733602457238,0.6739694759071143,break_at=400,0.9928205059887313,False,False,False
statsmodels,autocorr,breusch_godfrey,NWIG,3.169554819526075,0.6738641095746573,,0.9928205059887313,False,False,False
arch,unitroot,ZivotAndrews,SMAH,-3.508733602457238,0.6739694759071143,,0.9928205059887313,False,False,False
scipy,regime_2samp,epps_singleton,FWWG,2.335316099130466,0.6743468375595055,,0.9930053170188908,False,False,False
scipy,regime_2samp,bartlett_var,MTNS,0.1742493737395157,0.6763625411379733,,0.9956016195541041,False,False,False
statsmodels,autocorr,boxpierce_lag10,CUBO,7.504082888784195,0.6771520176482382,,0.9956483601526873,False,False,False
scipy,normality,shapiro,ALUT,0.9975402830888096,0.6771194250133652,,0.9956483601526873,False,False,False
statsmodels,autocorr,ljungbox_lag10,SMAH,7.505402617110171,0.6770241288890759,,0.9956483601526873,False,False,False
statsmodels,autocorr,ljungbox_lag3,NWIG,1.5186171224544702,0.6779802220826625,,0.9964944203765308,False,False,False
statsmodels,autocorr,ljungbox_lag3,RTTH,1.5148809002369392,0.6788401097378756,,0.9973864005168489,False,False,False
statsmodels,autocorr,boxpierce_lag3,NWIG,1.506985556111112,0.6806590086753084,,0.9978273753060861,False,False,False
statsmodels,autocorr,ljungbox_lag1,MDGI,0.1693940166277307,0.6806509266790475,,0.9978273753060861,False,False,False
statsmodels,autocorr,boxpierce_lag10,FCSG,7.477397565673757,0.6797367508071703,,0.9978273753060861,False,False,False
statsmodels,model,ar1_coef,MDGI,-0.0183908003432713,0.6804985663829467,,0.9978273753060861,False,False,False
scipy,regime_2samp,mood_scale,OTCS,0.4130603308547508,0.6795624123868521,,0.9978273753060861,False,False,False
arch,unitroot,PP,FWWG,-1.183636724811132,0.68059487537856,,0.9978273753060861,False,False,False
statsmodels,autocorr,boxpierce_lag3,RTTH,1.5055437449673954,0.6809914292266492,,0.9979435739819521,False,False,False
statsmodels,autocorr,boxpierce_lag1,MDGI,0.1683796811988221,0.6815558691693915,,0.9980969918062027,False,False,False
arch,unitroot,PP,AGVF,-1.1806312742456693,0.6818716656535597,,0.9980969918062027,False,False,False
statsmodels,autocorr,ljungbox_lag3,BENI,1.5006994672159522,0.6821089030760807,,0.9980969918062027,False,False,False
scipy,regime_2samp,fligner_var,EELT,0.1679572833033184,0.6819336520583288,,0.9980969918062027,False,False,False
scipy,dist_fit,ks_logistic,ANSO,0.0317535885568784,0.6834142854607377,,0.9996360346145559,False,False,False
arch,unitroot,VarianceRatio_q5,ELLT,0.0221278128899207,0.9823460004269152,,1.0,False,False,False
statsmodels,model,ar1_coef,MMBT,0.0107716832490646,0.8190971475087767,,1.0,False,False,False
statsmodels,model,ar1_coef,CTGI,0.0136973646284044,0.7675214477495261,,1.0,False,False,False
statsmodels,model,ar1_coef,GARI,0.0056383305420979,0.9030953752271662,,1.0,False,False,False
statsmodels,model,ar1_coef,ALGO,0.0069418206133665,0.8773516720847262,,1.0,False,False,False
scipy,regime_2samp,brunnermunzel,RTTH,0.2615331236456912,0.7937901532140971,,1.0,False,False,False
scipy,regime_2samp,ks_2samp,RTTH,0.0577188755020079,0.7690092343999236,,1.0,False,False,False
scipy,regime_2samp,cramervonmises_2s,RTTH,0.0462670722971978,0.9011786615335228,,1.0,False,False,False
arch,unitroot,ADF,AENO,-0.2033372448253303,0.9381226558971992,,1.0,False,False,False
arch,unitroot,DFGLS,AENO,0.6191708630001063,0.8629094352168065,,1.0,False,False,False
arch,unitroot,PP,AENO,-0.5575015932899791,0.8802987210661941,,1.0,False,False,False
arch,unitroot,VarianceRatio_q5,AENO,-0.2856289293707612,0.775162343692043,,1.0,False,False,False
arch,unitroot,ADF,SRNA,-0.6617628455191051,0.8564068319356349,,1.0,False,False,False
statsmodels,model,ar1_coef,CCNS,-0.0113262374293248,0.8034159605856213,,1.0,False,False,False
statsmodels,model,ar1_coef,MTNS,-0.0022596538376871,0.9565800820177388,,1.0,False,False,False
scipy,dist_fit,ks_johnsonsu,NPCK,0.029477430704756,0.7672180575458187,,1.0,False,False,False
scipy,dist_fit,ks_gennorm,NPCK,0.0231520834919669,0.946171711302885,,1.0,False,False,False
scipy,dist_fit,ks_genhyperbolic,NPCK,0.0308029433574115,0.7189144539897454,,1.0,False,False,False
scipy,dist_fit,ks_t,MSDP,0.0296842753543747,0.75980858173381,,1.0,False,False,False
scipy,dist_fit,ks_skewnorm,MSDP,0.0291565557427575,0.7785962306584489,,1.0,False,False,False
scipy,dist_fit,ks_johnsonsu,MSDP,0.0284910513006691,0.8016812519783051,,1.0,False,False,False
scipy,dist_fit,ks_gennorm,MSDP,0.0242743526874263,0.9233439858726455,,1.0,False,False,False
scipy,dist_fit,ks_genhyperbolic,MSDP,0.0296472283004934,0.7611397223950176,,1.0,False,False,False
statsmodels,autocorr,ljungbox_lag1,LSST,0.0585977903205298,0.8087260748836941,,1.0,False,False,False
statsmodels,autocorr,boxpierce_lag1,LSST,0.0582469053485506,0.8092885451748115,,1.0,False,False,False
statsmodels,autocorr,ljungbox_lag2,LSST,0.1459744803355199,0.92961269165211,,1.0,False,False,False
statsmodels,autocorr,boxpierce_lag2,LSST,0.1449259770799878,0.9301001703884964,,1.0,False,False,False
scipy,dist_fit,ks_t,NPCK,0.0295304762449535,0.7653232331728178,,1.0,False,False,False
scipy,dist_fit,ks_skewnorm,NPCK,0.030513479896432,0.7296097163530171,,1.0,False,False,False
scipy,dist_fit,ks_t,EORC,0.0207904931082182,0.9792740011588232,,1.0,False,False,False
scipy,dist_fit,ks_skewnorm,EORC,0.019819985077139,0.9874382384854152,,1.0,False,False,False
scipy,dist_fit,ks_johnsonsu,EORC,0.0194685821833545,0.9897247347434917,,1.0,False,False,False
scipy,dist_fit,ks_gennorm,EORC,0.0185730114717337,0.9941706864430188,,1.0,False,False,False
scipy,dist_fit,ks_genhyperbolic,EORC,0.0207318937733056,0.979849503398137,,1.0,False,False,False
statsmodels,unitroot,adf_price,MHRM,-0.825708022847208,0.8114536592502138,,1.0,False,False,False
statsmodels,unitroot,range_unitroot_price,MHRM,2.7727242920997397,0.9,,1.0,False,False,False
statsmodels,unitroot,adf_price,EAFC,-0.9424522113332215,0.773671146025597,,1.0,False,False,False
statsmodels,unitroot,range_unitroot_price,EAFC,2.9068883707497264,0.9,,1.0,False,False,False
statsmodels,autocorr,ljungbox_lag1,ALGO,0.0241910909872614,0.8763996782902751,,1.0,False,False,False
statsmodels,autocorr,boxpierce_lag1,ALGO,0.0240462341550023,0.8767673291918286,,1.0,False,False,False
statsmodels,unitroot,zivot_andrews_price,NGTE,-3.294205061874831,0.7983626675115003,break_at=179,1.0,False,False,False
scipy,dist_fit,ks_skewnorm,HUXZ,0.0215053153287806,0.9713356288958286,,1.0,False,False,False
scipy,dist_fit,ks_johnsonsu,HUXZ,0.0216988078052157,0.9688855166141348,,1.0,False,False,False
scipy,dist_fit,ks_gennorm,HUXZ,0.0205607462017969,0.9814674092753785,,1.0,False,False,False
scipy,dist_fit,ks_hypsecant,HUXZ,0.0290915511693474,0.780882886927689,,1.0,False,False,False
scipy,dist_fit,ks_genhyperbolic,HUXZ,0.0216595084407767,0.9693937918589256,,1.0,False,False,False
scipy,dist_fit,ks_t,DUCT,0.0251709967165061,0.901897807024528,,1.0,False,False,False
scipy,dist_fit,ks_logistic,DUCT,0.0316431824524491,0.6875591992349062,,1.0,False,False,False
scipy,dist_fit,ks_skewnorm,DUCT,0.021235069528527,0.9745398995208576,,1.0,False,False,False
scipy,dist_fit,ks_johnsonsu,DUCT,0.0229931723013253,0.949032000409166,,1.0,False,False,False
scipy,dist_fit,ks_gennorm,DUCT,0.0260343564567829,0.8787446093739644,,1.0,False,False,False
scipy,dist_fit,ks_genhyperbolic,DUCT,0.0235866437616446,0.9378759342631844,,1.0,False,False,False
scipy,dist_fit,ks_skewnorm,OTCS,0.0221061821441693,0.9632929450481116,,1.0,False,False,False
scipy,dist_fit,ks_johnsonsu,OTCS,0.0221404236022048,0.9627957131279236,,1.0,False,False,False
scipy,dist_fit,ks_gennorm,OTCS,0.0218119185238869,0.967392111140536,,1.0,False,False,False
scipy,dist_fit,ks_t,HETT,0.0314353970161815,0.6953472347655287,,1.0,False,False,False
scipy,dist_fit,ks_logistic,HETT,0.0266619815198993,0.8605055869648481,,1.0,False,False,False
scipy,dist_fit,ks_johnsonsu,HETT,0.0292849887426235,0.7740597536648931,,1.0,False,False,False
scipy,dist_fit,ks_gennorm,HETT,0.0278609963188289,0.8227894658369167,,1.0,False,False,False
scipy,dist_fit,ks_genhyperbolic,HETT,0.028073763847412,0.8157504647869497,,1.0,False,False,False
scipy,dist_fit,ks_t,HUXZ,0.0218810638608159,0.9664567832709324,,1.0,False,False,False
scipy,dist_fit,ks_logistic,HUXZ,0.0256262532680321,0.8899809794415423,,1.0,False,False,False
statsmodels,unitroot,range_unitroot_price,ILVX,2.057182539299806,0.9,,1.0,False,False,False
statsmodels,unitroot,zivot_andrews_price,ILVX,-3.361050546421813,0.7628858155069459,break_at=404,1.0,False,False,False
statsmodels,unitroot,range_unitroot_price,FCSG,1.520526224699857,0.9,,1.0,False,False,False
statsmodels,unitroot,range_unitroot_price,FARS,2.817445651649735,0.9,,1.0,False,False,False
scipy,dist_fit,ks_t,CUBO,0.0210552722975693,0.976533741706162,,1.0,False,False,False
scipy,dist_fit,ks_logistic,CUBO,0.0248027551083833,0.9110385201149545,,1.0,False,False,False
scipy,dist_fit,ks_skewnorm,CUBO,0.0204876919851844,0.982129842994112,,1.0,False,False,False
scipy,dist_fit,ks_johnsonsu,CUBO,0.0206157488229941,0.9809575997694242,,1.0,False,False,False
scipy,dist_fit,ks_gennorm,CUBO,0.0190144876655919,0.9922109573934892,,1.0,False,False,False
scipy,dist_fit,ks_hypsecant,CUBO,0.0311364829260804,0.7065151875766088,,1.0,False,False,False
scipy,dist_fit,ks_genhyperbolic,CUBO,0.0203844801113697,0.983037477139838,,1.0,False,False,False
scipy,dist_fit,ks_t,AMRP,0.0214872239418324,0.9715580170166312,,1.0,False,False,False
statsmodels,autocorr,ljungbox_lag2,OTCS,0.2414648998458077,0.8862710497624067,,1.0,False,False,False
statsmodels,autocorr,boxpierce_lag2,OTCS,0.2400138648054601,0.8869142882488126,,1.0,False,False,False
statsmodels,autocorr,ljungbox_lag3,OTCS,1.1553204625168358,0.7637390200179084,,1.0,False,False,False
statsmodels,autocorr,boxpierce_lag3,OTCS,1.1447491124797713,0.7662839062428012,,1.0,False,False,False
statsmodels,autocorr,ljungbox_lag5,OTCS,2.4833142078883035,0.779005861309147,,1.0,False,False,False
statsmodels,autocorr,boxpierce_lag5,OTCS,2.456072012511385,0.783095690844399,,1.0,False,False,False
scipy,dist_fit,ks_logistic,AMRP,0.0278232455215902,0.8240283615398081,,1.0,False,False,False
scipy,dist_fit,ks_skewnorm,AMRP,0.0180058978490441,0.9961127352542276,,1.0,False,False,False
scipy,dist_fit,ks_johnsonsu,AMRP,0.0187996982556797,0.993217420429381,,1.0,False,False,False
scipy,dist_fit,ks_gennorm,AMRP,0.0220186465258882,0.964544833664073,,1.0,False,False,False
scipy,dist_fit,ks_genhyperbolic,AMRP,0.0191963478797504,0.99127564934105,,1.0,False,False,False
scipy,dist_fit,ks_t,OTCS,0.0213526299668355,0.9731768906023976,,1.0,False,False,False
statsmodels,autocorr,breusch_godfrey,OTCS,2.4869470616812284,0.778459573826835,,1.0,False,False,False
statsmodels,autocorr,ljungbox_lag10,HETT,7.1211482685741245,0.7139604627856055,,1.0,False,False,False
statsmodels,autocorr,boxpierce_lag10,HETT,7.045000550128374,0.7211899068294817,,1.0,False,False,False
statsmodels,autocorr,ljungbox_lag20,HETT,10.550846659759392,0.9570496887081534,,1.0,False,False,False
scipy,dist_fit,ks_skewnorm,SRNA,0.0304124153939228,0.7333274346911272,,1.0,False,False,False
scipy,dist_fit,ks_johnsonsu,SRNA,0.0306186840875617,0.7257303586681568,,1.0,False,False,False
scipy,dist_fit,ks_genhyperbolic,SRNA,0.0308566375088487,0.7169234584670814,,1.0,False,False,False
scipy,dist_fit,ks_t,ELLT,0.0292436367044834,0.7755230320994424,,1.0,False,False,False
scipy,dist_fit,ks_skewnorm,ELLT,0.0272356893169168,0.8428965380460113,,1.0,False,False,False
scipy,dist_fit,ks_johnsonsu,ELLT,0.0266931918899164,0.8595698209980054,,1.0,False,False,False
scipy,dist_fit,ks_gennorm,ELLT,0.0255599471998257,0.891757900588391,,1.0,False,False,False
scipy,dist_fit,ks_genhyperbolic,ELLT,0.0276564953041167,0.8294634510717436,,1.0,False,False,False
statsmodels,unitroot,range_unitroot_price,BENI,1.520526224699857,0.9,,1.0,False,False,False
statsmodels,unitroot,range_unitroot_price,ITPA,2.01246117974981,0.9,,1.0,False,False,False
statsmodels,unitroot,zivot_andrews_price,ITPA,-3.429432533178499,0.7234801363929653,break_at=412,1.0,False,False,False
statsmodels,unitroot,adf_price,NGTE,-0.4553730759511898,0.9004348995297891,,1.0,False,False,False
statsmodels,unitroot,range_unitroot_price,NGTE,2.593838853899756,0.9,,1.0,False,False,False
scipy,dist_fit,ks_t,ANSO,0.0255600500224979,0.891755155807711,,1.0,False,False,False
scipy,dist_fit,ks_skewnorm,ANSO,0.0246541235412636,0.9145977865286744,,1.0,False,False,False
scipy,dist_fit,ks_johnsonsu,ANSO,0.024251909621329,0.9238449930383162,,1.0,False,False,False
scipy,dist_fit,ks_gennorm,ANSO,0.025732010146401,0.8871183068034219,,1.0,False,False,False
scipy,dist_fit,ks_genhyperbolic,ANSO,0.0249535004837591,0.9073516957962126,,1.0,False,False,False
scipy,dist_fit,ks_t,DIHO,0.0291337001641672,0.7794009514219048,,1.0,False,False,False
scipy,dist_fit,ks_johnsonsu,LSST,0.0233231738924196,0.9429883097445624,,1.0,False,False,False
scipy,dist_fit,ks_genhyperbolic,LSST,0.0251768487882158,0.9017488916027072,,1.0,False,False,False
statsmodels,autocorr,boxpierce_lag20,HETT,10.351474424034729,0.9613418519205144,,1.0,False,False,False
statsmodels,autocorr,ljungbox_lag2,HUXZ,0.615896695967297,0.73495327884746,,1.0,False,False,False
statsmodels,autocorr,boxpierce_lag2,HUXZ,0.6121024839835101,0.7363488865057815,,1.0,False,False,False
statsmodels,autocorr,ljungbox_lag3,HUXZ,1.478917953368815,0.6871445332580033,,1.0,False,False,False
statsmodels,autocorr,boxpierce_lag3,HUXZ,1.4665107547842149,0.6900209157061826,,1.0,False,False,False
statsmodels,autocorr,ljungbox_lag1,SMAH,0.0187494269255028,0.8910872742814917,,1.0,False,False,False
statsmodels,autocorr,boxpierce_lag1,SMAH,0.0186371549079848,0.8914118230828778,,1.0,False,False,False
statsmodels,autocorr,ljungbox_lag2,SMAH,0.0190755042808542,0.9905075879554892,,1.0,False,False,False
statsmodels,autocorr,boxpierce_lag2,SMAH,0.0189606288513175,0.9905644820817208,,1.0,False,False,False
scipy,dist_fit,ks_johnsonsu,AENO,0.0257138354931139,0.8876127455075636,,1.0,False,False,False
scipy,dist_fit,ks_gennorm,AENO,0.0276683555842481,0.8290789115297679,,1.0,False,False,False
scipy,dist_fit,ks_genhyperbolic,AENO,0.0253099381697455,0.8983318699355034,,1.0,False,False,False
scipy,dist_fit,ks_t,LSST,0.0266763662518156,0.8600746236713378,,1.0,False,False,False
scipy,dist_fit,ks_skewnorm,LSST,0.0230822968619397,0.94743927371094,,1.0,False,False,False
scipy,dist_fit,ks_skewnorm,DIHO,0.0283352592071083,0.8069732494202237,,1.0,False,False,False
statsmodels,unitroot,range_unitroot_price,AETS,1.4310835055998654,0.9,,1.0,False,False,False
statsmodels,unitroot,range_unitroot_price,BLBT,2.370232056149777,0.9,,1.0,False,False,False
scipy,dist_fit,ks_johnsonsu,DIHO,0.0281161927062795,0.8143355799865222,,1.0,False,False,False
scipy,dist_fit,ks_gennorm,DIHO,0.029498441981004,0.7664679707943066,,1.0,False,False,False
scipy,dist_fit,ks_genhyperbolic,DIHO,0.0282100763338056,0.8111919401443628,,1.0,False,False,False
scipy,dist_fit,ks_t,RTTH,0.0207480892667411,0.9796915559419256,,1.0,False,False,False
scipy,dist_fit,ks_logistic,RTTH,0.0317107898044741,0.6850215573928822,,1.0,False,False,False
scipy,dist_fit,ks_skewnorm,RTTH,0.0233534284394277,0.9424141824881622,,1.0,False,False,False
scipy,dist_fit,ks_johnsonsu,RTTH,0.0235324760056369,0.9389477592064052,,1.0,False,False,False
scipy,dist_fit,ks_gennorm,RTTH,0.0215256390108832,0.9710844407021784,,1.0,False,False,False
scipy,dist_fit,ks_genhyperbolic,RTTH,0.0217490443129346,0.968227840563217,,1.0,False,False,False
scipy,dist_fit,ks_johnsonsu,ALGO,0.0278388123467414,0.8235178659434608,,1.0,False,False,False
scipy,dist_fit,ks_gennorm,ALGO,0.0236611489580749,0.9363841929497716,,1.0,False,False,False
scipy,dist_fit,ks_genhyperbolic,ALGO,0.0283555802861396,0.8062855701497789,,1.0,False,False,False
scipy,dist_fit,ks_t,AENO,0.0280363746619614,0.8169942440764382,,1.0,False,False,False
scipy,dist_fit,ks_skewnorm,AENO,0.0309648126612987,0.7129061573797235,,1.0,False,False,False
statsmodels,autocorr,ljungbox_lag3,SMAH,0.0607996792352148,0.9960847182298664,,1.0,False,False,False
statsmodels,autocorr,boxpierce_lag3,SMAH,0.0602683948739978,0.9961353113808796,,1.0,False,False,False
statsmodels,autocorr,ljungbox_lag5,SMAH,2.7056076414588333,0.7452606408542183,,1.0,False,False,False
statsmodels,autocorr,boxpierce_lag5,SMAH,2.6721541834560143,0.7503739255595842,,1.0,False,False,False
statsmodels,autocorr,boxpierce_lag10,SMAH,7.384620512967466,0.6887035273168285,,1.0,False,False,False
statsmodels,autocorr,breusch_godfrey,SMAH,2.8305723687440905,0.7260868214601874,,1.0,False,False,False
statsmodels,autocorr,ljungbox_lag1,MSDP,0.0530357821596994,0.8178625538381387,,1.0,False,False,False
statsmodels,autocorr,boxpierce_lag1,MSDP,0.0527182026258089,0.8183991500651171,,1.0,False,False,False
statsmodels,autocorr,ljungbox_lag2,MSDP,0.2265924300969205,0.8928861346300959,,1.0,False,False,False
statsmodels,autocorr,boxpierce_lag2,MSDP,0.2248891687431721,0.8936468677391505,,1.0,False,False,False
statsmodels,autocorr,ljungbox_lag3,MSDP,0.3555870724514399,0.949256317313978,,1.0,False,False,False
statsmodels,autocorr,boxpierce_lag3,MSDP,0.3525964394175067,0.94985107565457,,1.0,False,False,False
scipy,normality,skewtest,EAFC,-0.4029204780145572,0.6870067260676747,,1.0,False,False,False
scipy,dist_fit,ks_t,ALGO,0.0277613898956653,0.826051640864729,,1.0,False,False,False
scipy,dist_fit,ks_skewnorm,ALGO,0.0253373727347995,0.8976203107358991,,1.0,False,False,False
scipy,dist_fit,ks_t,SPLZ,0.0269905414908835,0.8505246760357044,,1.0,False,False,False
statsmodels,unitroot,range_unitroot_price,FWWG,1.6546903033498443,0.9,,1.0,False,False,False
statsmodels,unitroot,adf_price,HRND,-0.0649261768819046,0.952821889602995,,1.0,False,False,False
statsmodels,unitroot,range_unitroot_price,HRND,3.3541019662496843,0.95,,1.0,False,False,False
scipy,dist_fit,ks_skewnorm,SPLZ,0.0308269641632699,0.7180240121136442,,1.0,False,False,False
scipy,dist_fit,ks_johnsonsu,SPLZ,0.031373784490197,0.6976529087297014,,1.0,False,False,False
scipy,dist_fit,ks_gennorm,SPLZ,0.0279139941184138,0.8210450415745042,,1.0,False,False,False
scipy,dist_fit,ks_genhyperbolic,SPLZ,0.029851936604487,0.7537632024693908,,1.0,False,False,False
scipy,dist_fit,ks_t,NWIG,0.0211608215170068,0.9753764840109856,,1.0,False,False,False
scipy,dist_fit,ks_logistic,NWIG,0.0230961820216891,0.947188500989635,,1.0,False,False,False
scipy,dist_fit,ks_skewnorm,NWIG,0.0246576983878047,0.9145130711579688,,1.0,False,False,False
scipy,dist_fit,ks_johnsonsu,NWIG,0.0237654137170784,0.9342626703862852,,1.0,False,False,False
scipy,dist_fit,ks_gennorm,NWIG,0.0170870594718658,0.9981583199794326,,1.0,False,False,False
scipy,dist_fit,ks_hypsecant,NWIG,0.026681593541024,0.8599178765050035,,1.0,False,False,False
scipy,dist_fit,ks_genhyperbolic,NWIG,0.0236122572211913,0.9373653858941976,,1.0,False,False,False
scipy,normality,kstest_norm,MHRM,0.019365642346421,0.9903330481215848,,1.0,False,False,False
scipy,normality,cramervonmises,MHRM,0.0326896343751926,0.9666468714804922,,1.0,False,False,False
scipy,normality,kstest_norm,EAFC,0.0237608956928111,0.93435541956959,,1.0,False,False,False
scipy,normality,cramervonmises,EAFC,0.0547318900332434,0.847303892603058,,1.0,False,False,False
statsmodels,autocorr,ljungbox_lag20,EORC,14.013877687895864,0.8297916091545265,,1.0,False,False,False
statsmodels,autocorr,boxpierce_lag20,EORC,13.688691712076022,0.8459227180839012,,1.0,False,False,False
scipy,dist_fit,ks_t,MMBT,0.0282324444064041,0.8104403745243279,,1.0,False,False,False
statsmodels,unitroot,range_unitroot_price,IHOZ,2.146625258399798,0.9,,1.0,False,False,False
statsmodels,unitroot,zivot_andrews_price,IHOZ,-3.437302276503722,0.7187478794325183,break_at=274,1.0,False,False,False
scipy,dist_fit,ks_logistic,MMBT,0.0252715450507494,0.8993235457997535,,1.0,False,False,False
scipy,dist_fit,ks_skewnorm,MMBT,0.0269004828007245,0.8532886667391623,,1.0,False,False,False
scipy,dist_fit,ks_johnsonsu,MMBT,0.021820648073531,0.9672749664148254,,1.0,False,False,False
scipy,dist_fit,ks_gennorm,MMBT,0.0245874773184923,0.916169056379862,,1.0,False,False,False
scipy,dist_fit,ks_genhyperbolic,MMBT,0.0181758378223514,0.9955927709933684,,1.0,False,False,False
scipy,dist_fit,ks_skewnorm,MDGI,0.0309405862743449,0.7138065445419821,,1.0,False,False,False
scipy,dist_fit,ks_johnsonsu,MDGI,0.0297265425886831,0.7582877769330715,,1.0,False,False,False
scipy,dist_fit,ks_gennorm,MDGI,0.0289143693202947,0.7870821453898778,,1.0,False,False,False
scipy,normality,kurtosistest,FCSG,-0.3595679422384378,0.7191702606413981,,1.0,False,False,False
scipy,normality,normaltest_K2,FARS,0.4430687949855778,0.8012883593633291,,1.0,False,False,False
scipy,normality,jarque_bera,FARS,0.3059364775908083,0.8581569774778921,,1.0,False,False,False
scipy,normality,kstest_norm,FARS,0.0214102790449625,0.9724911658107154,,1.0,False,False,False
scipy,normality,cramervonmises,FARS,0.0221850219691556,0.9945051249304224,,1.0,False,False,False
scipy,normality,shapiro,MHRM,0.9976324237940382,0.7093298816834396,,1.0,False,False,False
statsmodels,unitroot,range_unitroot_price,ACIX,1.69941166289984,0.9,,1.0,False,False,False
statsmodels,unitroot,range_unitroot_price,CCNS,1.8782971010998235,0.9,,1.0,False,False,False
statsmodels,unitroot,zivot_andrews_price,CCNS,-3.1697953817080253,0.853118686724217,break_at=319,1.0,False,False,False
scipy,dist_fit,ks_logistic,AGVF,0.0270456198769681,0.8488240008935578,,1.0,False,False,False
scipy,dist_fit,ks_johnsonsu,AGVF,0.0311343466821272,0.7065948266783528,,1.0,False,False,False
scipy,dist_fit,ks_gennorm,AGVF,0.0260737055420249,0.8776345348477431,,1.0,False,False,False
scipy,dist_fit,ks_hypsecant,AGVF,0.0282073832016922,0.8112823626394188,,1.0,False,False,False
scipy,dist_fit,ks_genhyperbolic,AGVF,0.0269649236685344,0.851313042512692,,1.0,False,False,False
scipy,dist_fit,ks_skewnorm,RRES,0.0306920693386441,0.7230189360595379,,1.0,False,False,False
scipy,normality,shapiro,NGTE,0.9976333580148904,0.7096548686713375,,1.0,False,False,False
scipy,normality,kstest_norm,NGTE,0.0311104116302268,0.7074869405358387,,1.0,False,False,False
scipy,normality,cramervonmises,NGTE,0.0706152973688573,0.7480179992129372,,1.0,False,False,False
scipy,normality,skewtest,NGTE,0.1086205444685071,0.9135034650385622,,1.0,False,False,False
scipy,normality,kurtosistest,ILVX,0.267007865084734,0.7894631054119637,,1.0,False,False,False
scipy,normality,kstest_norm,FCSG,0.0299546926556915,0.7500416907633592,,1.0,False,False,False
scipy,normality,cramervonmises,FCSG,0.0646013261409005,0.7852858109633971,,1.0,False,False,False
statsmodels,unitroot,range_unitroot_price,ALUT,2.101903898849802,0.9,,1.0,False,False,False
statsmodels,unitroot,adf_price,ACAC,-0.2925865691408119,0.926547753021668,,1.0,False,False,False
statsmodels,unitroot,range_unitroot_price,ACAC,2.683281572999748,0.9,,1.0,False,False,False
statsmodels,unitroot,adf_price,SRTX,-0.628763709956762,0.8643492609554946,,1.0,False,False,False
statsmodels,unitroot,range_unitroot_price,SRTX,2.638560213449752,0.9,,1.0,False,False,False
statsmodels,unitroot,range_unitroot_price,GARI,1.69941166289984,0.9,,1.0,False,False,False
scipy,dist_fit,ks_genhyperbolic,RRES,0.0304729405324769,0.7311020665426649,,1.0,False,False,False
scipy,dist_fit,ks_t,CTGI,0.0210038941656913,0.9770835667309792,,1.0,False,False,False
scipy,dist_fit,ks_skewnorm,CTGI,0.0224672571462364,0.9578352871537228,,1.0,False,False,False
scipy,dist_fit,ks_johnsonsu,CTGI,0.0230081661012583,0.9487660963074912,,1.0,False,False,False
scipy,dist_fit,ks_gennorm,CTGI,0.0203663879541768,0.9831932009066772,,1.0,False,False,False
scipy,dist_fit,ks_genhyperbolic,CTGI,0.0219593543139441,0.9653771268349214,,1.0,False,False,False
scipy,normality,cramervonmises,BENI,0.0522137923056924,0.8629406163053015,,1.0,False,False,False
scipy,normality,shapiro,HTRK,0.9978973916405942,0.7986221621888001,,1.0,False,False,False
scipy,normality,normaltest_K2,HTRK,0.3481847131939817,0.8402192942801489,,1.0,False,False,False
scipy,normality,jarque_bera,HTRK,0.454793714227427,0.7966045813560667,,1.0,False,False,False
scipy,normality,kstest_norm,HTRK,0.0160823680135117,0.9993032446084982,,1.0,False,False,False
scipy,normality,cramervonmises,HTRK,0.0204206807036553,0.9966207418091806,,1.0,False,False,False
scipy,normality,skewtest,HTRK,0.4062941663598492,0.6845264712138883,,1.0,False,False,False
scipy,dist_fit,ks_t,ALUT,0.0314060151930314,0.6964469891554554,,1.0,False,False,False
statsmodels,unitroot,range_unitroot_price,AGVF,2.862167011199731,0.9,,1.0,False,False,False
statsmodels,unitroot,adf_price,RRES,-1.0889955994121758,0.7194403224661167,,1.0,False,False,False
statsmodels,unitroot,range_unitroot_price,RRES,1.9677398201998149,0.9,,1.0,False,False,False
statsmodels,unitroot,range_unitroot_price,CTGI,1.6546903033498443,0.9,,1.0,False,False,False
scipy,dist_fit,ks_skewnorm,ALUT,0.0251206045439823,0.903175436563804,,1.0,False,False,False
scipy,dist_fit,ks_johnsonsu,ALUT,0.0248458058731144,0.90999347701143,,1.0,False,False,False
scipy,dist_fit,ks_gennorm,ALUT,0.0307186553902083,0.7220355915149582,,1.0,False,False,False
statsmodels,unitroot,range_unitroot_price,NWIG,2.996331089849718,0.9,,1.0,False,False,False
statsmodels,autocorr,ljungbox_lag10,RTTH,6.13411854618979,0.803872076025626,,1.0,False,False,False
statsmodels,autocorr,boxpierce_lag10,RTTH,6.056303884100744,0.8105108492573249,,1.0,False,False,False
scipy,normality,cramervonmises,BLBT,0.0439008246596705,0.9122789929529042,,1.0,False,False,False
scipy,normality,skewtest,BLBT,-0.3775952281074495,0.7057313101276046,,1.0,False,False,False
scipy,normality,kurtosistest,BLBT,-0.1696385417824047,0.8652944098659452,,1.0,False,False,False
scipy,normality,normaltest_K2,BENI,0.654487067040207,0.7209081563458675,,1.0,False,False,False
scipy,normality,jarque_bera,BENI,0.5039517137029041,0.7772635034306421,,1.0,False,False,False
scipy,normality,kstest_norm,BENI,0.0267059023575482,0.8591879750170588,,1.0,False,False,False
statsmodels,unitroot,zivot_andrews_price,NWIG,-3.3682661660322304,0.7590562753252148,break_at=85,1.0,False,False,False
statsmodels,unitroot,range_unitroot_price,MMBT,1.6099689437998486,0.9,,1.0,False,False,False
statsmodels,unitroot,range_unitroot_price,MDGI,2.01246117974981,0.9,,1.0,False,False,False
statsmodels,unitroot,zivot_andrews_price,MDGI,-2.337342027140151,0.9911110536776856,break_at=382,1.0,False,False,False
statsmodels,unitroot,adf_price,AGVF,-1.138284637774943,0.6995655609902345,,1.0,False,False,False
scipy,dist_fit,ks_skewnorm,SRTX,0.0293936796846162,0.770201930483845,,1.0,False,False,False
scipy,dist_fit,ks_johnsonsu,SRTX,0.0275995949758849,0.8313038913866715,,1.0,False,False,False
scipy,dist_fit,ks_gennorm,SRTX,0.0270234552220146,0.8495093167519349,,1.0,False,False,False
scipy,dist_fit,ks_gennorm,GARI,0.0303209241855823,0.7366849957429851,,1.0,False,False,False
statsmodels,autocorr,ljungbox_lag1,MMBT,0.0582471816524264,0.809288101553997,,1.0,False,False,False
statsmodels,autocorr,boxpierce_lag1,MMBT,0.0578983961335496,0.8098489846259362,,1.0,False,False,False
statsmodels,autocorr,ljungbox_lag2,SPLZ,0.7177055423604051,0.6984771797525663,,1.0,False,False,False
statsmodels,autocorr,boxpierce_lag2,SPLZ,0.7126076849756446,0.7002598192223004,,1.0,False,False,False
scipy,normality,cramervonmises,ULXY,0.0458971458572962,0.9008833297851998,,1.0,False,False,False
scipy,normality,shapiro,BLBT,0.9978741015868668,0.7910965431625908,,1.0,False,False,False
scipy,normality,normaltest_K2,BLBT,0.1713553911475774,0.91789002356737,,1.0,False,False,False
scipy,normality,jarque_bera,BLBT,0.2357147429579332,0.888822815058005,,1.0,False,False,False
scipy,normality,kstest_norm,BLBT,0.0310744466347751,0.70882679266434,,1.0,False,False,False
statsmodels,autocorr,ljungbox_lag5,NWIG,2.919211325813801,0.7124395715006049,,1.0,False,False,False
statsmodels,autocorr,boxpierce_lag5,NWIG,2.888781433058917,0.7171275494620825,,1.0,False,False,False
statsmodels,autocorr,ljungbox_lag10,NWIG,4.852013688543985,0.9008417499088512,,1.0,False,False,False
statsmodels,autocorr,boxpierce_lag10,NWIG,4.783529311195383,0.905161353828999,,1.0,False,False,False
statsmodels,autocorr,ljungbox_lag20,NWIG,14.574044396430926,0.8002401582677467,,1.0,False,False,False
statsmodels,autocorr,boxpierce_lag20,NWIG,14.173402135233133,0.8215962921414595,,1.0,False,False,False
statsmodels,unitroot,range_unitroot_price,DIHO,1.520526224699857,0.9,,1.0,False,False,False
statsmodels,unitroot,adf_price,SPLZ,-0.7388443604301941,0.8364298351675518,,1.0,False,False,False
statsmodels,unitroot,range_unitroot_price,SPLZ,2.5043961347997645,0.9,,1.0,False,False,False
statsmodels,unitroot,zivot_andrews_price,SPLZ,-3.198656141373593,0.8409857529372371,break_at=157,1.0,False,False,False
statsmodels,unitroot,adf_price,NWIG,-0.6069853501192748,0.8693957988609078,,1.0,False,False,False
scipy,dist_fit,ks_t,RCRI,0.0259036442520592,0.882398858207709,,1.0,False,False,False
scipy,dist_fit,ks_skewnorm,RCRI,0.0248916849470447,0.908872846597746,,1.0,False,False,False
scipy,dist_fit,ks_johnsonsu,RCRI,0.025895461769865,0.8826258970683138,,1.0,False,False,False
scipy,dist_fit,ks_gennorm,RCRI,0.0222497704950481,0.961179406712974,,1.0,False,False,False
scipy,dist_fit,ks_genhyperbolic,RCRI,0.02467969495595,0.913990835003718,,1.0,False,False,False
scipy,dist_fit,ks_logistic,ACIX,0.0316415347237151,0.687621026033999,,1.0,False,False,False
scipy,dist_fit,ks_skewnorm,ACIX,0.0254505369436979,0.8946594993208193,,1.0,False,False,False
scipy,dist_fit,ks_johnsonsu,ACIX,0.0256515932807386,0.8892982470925703,,1.0,False,False,False
statsmodels,autocorr,ljungbox_lag10,MMBT,6.900951489749684,0.7347614908369725,,1.0,False,False,False
statsmodels,autocorr,boxpierce_lag10,MMBT,6.815362401739949,0.7427533283127823,,1.0,False,False,False
statsmodels,autocorr,ljungbox_lag20,MMBT,14.920855837993988,0.7809181994116376,,1.0,False,False,False
statsmodels,autocorr,boxpierce_lag20,MMBT,14.607844337885307,0.7983899540415837,,1.0,False,False,False
statsmodels,autocorr,ljungbox_lag2,MDGI,0.2983224006215759,0.8614302408834392,,1.0,False,False,False
statsmodels,autocorr,boxpierce_lag2,MDGI,0.296278696857387,0.86231094489427,,1.0,False,False,False
scipy,normality,kstest_norm,AETS,0.02944034960895,0.7685403658326413,,1.0,False,False,False
scipy,normality,cramervonmises,AETS,0.0421242447278257,0.9220864207511972,,1.0,False,False,False
scipy,normality,shapiro,ULXY,0.997804443627322,0.7681404535326003,,1.0,False,False,False
scipy,normality,kstest_norm,ULXY,0.0242200527114427,0.9245530825941524,,1.0,False,False,False
statsmodels,unitroot,zivot_andrews_price,EORC,-2.814147376487484,0.9526277365970386,break_at=170,1.0,False,False,False
statsmodels,unitroot,adf_price,CUBO,-0.7250093848610356,0.84016476403819,,1.0,False,False,False
statsmodels,unitroot,range_unitroot_price,CUBO,1.9677398201998149,0.9,,1.0,False,False,False
statsmodels,unitroot,range_unitroot_price,HRET,1.744133022449836,0.9,,1.0,False,False,False
statsmodels,unitroot,range_unitroot_price,ANSO,2.2807893370497854,0.9,,1.0,False,False,False
scipy,dist_fit,ks_genhyperbolic,ACIX,0.0255216841266946,0.8927769814718473,,1.0,False,False,False
scipy,dist_fit,ks_t,CCNS,0.0298906478046621,0.7523626254724902,,1.0,False,False,False
scipy,dist_fit,ks_skewnorm,CCNS,0.0266817735660781,0.8599124768998829,,1.0,False,False,False
scipy,dist_fit,ks_johnsonsu,CCNS,0.025929291441293,0.8816859123608357,,1.0,False,False,False
statsmodels,autocorr,boxpierce_lag5,RRES,2.529040595090365,0.772115289894491,,1.0,False,False,False
statsmodels,autocorr,ljungbox_lag10,RRES,7.18118067723009,0.7082368386105419,,1.0,False,False,False
statsmodels,autocorr,boxpierce_lag10,RRES,7.064876214061747,0.7193063775419059,,1.0,False,False,False
statsmodels,autocorr,breusch_godfrey,RRES,2.5718190754618817,0.7656422534354855,,1.0,False,False,False
statsmodels,autocorr,ljungbox_lag1,CTGI,0.0934917933326342,0.759784129119695,,1.0,False,False,False
scipy,dist_fit,ks_gennorm,CCNS,0.0285514167715386,0.7996186535758425,,1.0,False,False,False
scipy,dist_fit,ks_genhyperbolic,CCNS,0.027329147049411,0.8399493518509195,,1.0,False,False,False
scipy,dist_fit,ks_t,MTNS,0.021579931581839,0.970406346173837,,1.0,False,False,False
scipy,dist_fit,ks_skewnorm,MTNS,0.0215819785686254,0.9703805783394002,,1.0,False,False,False
statsmodels,unitroot,range_unitroot_price,SMAH,2.101903898849802,0.9,,1.0,False,False,False
statsmodels,unitroot,adf_price,NPCK,-0.8888639004014359,0.7916175704464015,,1.0,False,False,False
statsmodels,unitroot,range_unitroot_price,NPCK,3.5777087639996634,0.95,,1.0,False,False,False
statsmodels,unitroot,adf_price,MSDP,-0.855123078939279,0.8023917423820986,,1.0,False,False,False
statsmodels,unitroot,range_unitroot_price,MSDP,2.2807893370497854,0.9,,1.0,False,False,False
statsmodels,unitroot,adf_price,EORC,-0.2166773170943371,0.9365043093189944,,1.0,False,False,False
statsmodels,unitroot,range_unitroot_price,EORC,3.3093806066996887,0.95,,1.0,False,False,False
statsmodels,unitroot,range_unitroot_price,HETT,1.8335757415498275,0.9,,1.0,False,False,False
statsmodels,unitroot,zivot_andrews_price,HETT,-2.818514991977144,0.951977212991191,break_at=295,1.0,False,False,False
scipy,normality,normaltest_K2,HRND,0.2972270475746283,0.8619021552193871,,1.0,False,False,False
scipy,normality,jarque_bera,HRND,0.4136957273334721,0.8131433492253273,,1.0,False,False,False
scipy,normality,kstest_norm,HRND,0.0303003626355538,0.7374384835897357,,1.0,False,False,False
scipy,normality,cramervonmises,HRND,0.0672616959129014,0.7686974204718493,,1.0,False,False,False
scipy,normality,skewtest,HRND,-0.0923177842306038,0.9264455589346356,,1.0,False,False,False
statsmodels,autocorr,ljungbox_lag5,RRES,2.5511344635472346,0.7687751964384124,,1.0,False,False,False
scipy,normality,kstest_norm,FWWG,0.0306136532878622,0.7259160768002191,,1.0,False,False,False
scipy,normality,cramervonmises,FWWG,0.0605675351425463,0.8106318468051021,,1.0,False,False,False
statsmodels,autocorr,boxpierce_lag1,CTGI,0.092931962234834,0.7604823474977181,,1.0,False,False,False
statsmodels,autocorr,ljungbox_lag2,CTGI,0.2056572369071535,0.9022815946465306,,1.0,False,False,False
statsmodels,autocorr,boxpierce_lag2,CTGI,0.2042018733257244,0.902938407479438,,1.0,False,False,False
statsmodels,autocorr,ljungbox_lag3,CTGI,1.4146884713488197,0.7020953127753224,,1.0,False,False,False
statsmodels,autocorr,boxpierce_lag3,CTGI,1.4011669277829428,0.7052612196341769,,1.0,False,False,False
statsmodels,unitroot,adf_price,HUXZ,-0.750046516548042,0.8333571618604655,,1.0,False,False,False
statsmodels,unitroot,range_unitroot_price,HUXZ,1.9677398201998149,0.9,,1.0,False,False,False
statsmodels,unitroot,adf_price,DUCT,-0.5782551828351432,0.8758201542381363,,1.0,False,False,False
statsmodels,unitroot,range_unitroot_price,DUCT,2.817445651649735,0.9,,1.0,False,False,False
scipy,dist_fit,ks_johnsonsu,MTNS,0.0216043363440722,0.9700981784571614,,1.0,False,False,False
scipy,dist_fit,ks_gennorm,MTNS,0.0206098468576336,0.9810127617514096,,1.0,False,False,False
scipy,dist_fit,ks_genhyperbolic,MTNS,0.0219640272418502,0.965311990695384,,1.0,False,False,False
scipy,dist_fit,ks_t,IHOZ,0.0313077248817846,0.700122957412171,,1.0,False,False,False
scipy,dist_fit,ks_skewnorm,IHOZ,0.0293373270494736,0.7722041765511191,,1.0,False,False,False
scipy,dist_fit,ks_johnsonsu,IHOZ,0.0259773399291647,0.8803449040026035,,1.0,False,False,False
scipy,dist_fit,ks_gennorm,IHOZ,0.0294079602720112,0.7696938260614746,,1.0,False,False,False
scipy,dist_fit,ks_genhyperbolic,IHOZ,0.0270969366840332,0.8472325454471755,,1.0,False,False,False
statsmodels,unitroot,range_unitroot_price,ELLT,2.817445651649735,0.9,,1.0,False,False,False
statsmodels,unitroot,range_unitroot_price,AMRP,1.8782971010998235,0.9,,1.0,False,False,False
statsmodels,unitroot,adf_price,OTCS,-0.9499177907316247,0.7710898640839707,,1.0,False,False,False
statsmodels,unitroot,range_unitroot_price,OTCS,2.54911749434976,0.9,,1.0,False,False,False
scipy,dist_fit,ks_gennorm,NAYO,0.0300244387103228,0.747508912931528,,1.0,False,False,False
scipy,dist_fit,ks_t,FWWG,0.0306406944167558,0.7249175785483541,,1.0,False,False,False
scipy,dist_fit,ks_skewnorm,FWWG,0.0305239310561293,0.7292247531617572,,1.0,False,False,False
scipy,dist_fit,ks_johnsonsu,FWWG,0.0306184461860441,0.7257391415592997,,1.0,False,False,False
scipy,dist_fit,ks_gennorm,FWWG,0.0244429730906663,0.919522923401472,,1.0,False,False,False
scipy,dist_fit,ks_genhyperbolic,FWWG,0.0295209678783632,0.765663155384209,,1.0,False,False,False
scipy,normality,kurtosistest,MTNS,-0.0505768676881371,0.9596626961391698,,1.0,False,False,False
scipy,normality,skewtest,NAYO,-0.192186082270879,0.8475964474311466,,1.0,False,False,False
scipy,normality,cramervonmises,ACIX,0.0508752936586285,0.8711618046268021,,1.0,False,False,False
statsmodels,autocorr,ljungbox_lag2,SRTX,0.3416139406152302,0.8429842787636536,,1.0,False,False,False
statsmodels,autocorr,boxpierce_lag2,SRTX,0.3395609723427669,0.8438500330183831,,1.0,False,False,False
scipy,normality,kstest_norm,CCNS,0.0283300573333226,0.8071491575444157,,1.0,False,False,False
scipy,normality,cramervonmises,CCNS,0.0509388020011842,0.8707734633284477,,1.0,False,False,False
scipy,normality,shapiro,MTNS,0.99866203713292,0.9727739079237432,,1.0,False,False,False
scipy,normality,normaltest_K2,MTNS,0.0025843985559311,0.998708635252023,,1.0,False,False,False
scipy,normality,jarque_bera,MTNS,0.0404365980815961,0.9799847202303062,,1.0,False,False,False
scipy,normality,kstest_norm,MTNS,0.0215792851159608,0.9704144809519214,,1.0,False,False,False
scipy,normality,cramervonmises,MTNS,0.0236580711360155,0.9922017853902276,,1.0,False,False,False
scipy,normality,skewtest,MTNS,0.0051360501153928,0.9959020429261018,,1.0,False,False,False
statsmodels,unitroot,adf_price,AENO,-0.2033372448253303,0.9381226558971992,,1.0,False,False,False
statsmodels,unitroot,range_unitroot_price,AENO,3.488266044899672,0.95,,1.0,False,False,False
statsmodels,unitroot,range_unitroot_price,LSST,1.6546903033498443,0.9,,1.0,False,False,False
statsmodels,unitroot,adf_price,SRNA,-0.6617628455191051,0.8564068319356349,,1.0,False,False,False
statsmodels,unitroot,range_unitroot_price,SRNA,3.3541019662496843,0.95,,1.0,False,False,False
scipy,dist_fit,ks_skewnorm,EELT,0.0274920378063979,0.8347626431868878,,1.0,False,False,False
scipy,dist_fit,ks_johnsonsu,EELT,0.0274057323454767,0.8375185685209012,,1.0,False,False,False
scipy,dist_fit,ks_genhyperbolic,EELT,0.0253460109096478,0.8973957603644586,,1.0,False,False,False
scipy,dist_fit,ks_t,HRND,0.0302995564449325,0.7374680185788809,,1.0,False,False,False
scipy,normality,shapiro,RCRI,0.9980295536023128,0.8395840335638334,,1.0,False,False,False
statsmodels,autocorr,ljungbox_lag1,GARI,0.0159340185438399,0.8995498470339435,,1.0,False,False,False
statsmodels,autocorr,boxpierce_lag1,GARI,0.0158386052591463,0.8998494583390897,,1.0,False,False,False
scipy,normality,kstest_norm,RCRI,0.0259020214697207,0.8824439016054331,,1.0,False,False,False
scipy,normality,cramervonmises,RCRI,0.0233331796886184,0.9927536161050176,,1.0,False,False,False
scipy,normality,shapiro,ACIX,0.9977791516198152,0.7596589704725965,,1.0,False,False,False
scipy,dist_fit,ks_skewnorm,HRND,0.0300081374938997,0.7481013606699838,,1.0,False,False,False
scipy,dist_fit,ks_johnsonsu,HRND,0.0303061615340449,0.7372260211435282,,1.0,False,False,False
scipy,dist_fit,ks_gennorm,HRND,0.0299031707147062,0.7519091733405161,,1.0,False,False,False
scipy,cross,anova_means_51inst,ALL,0.6576579078786234,0.9705217932653188,,1.0,False,False,False
scipy,cross,alexandergovern_means,ALL,36.267505446620206,0.9272476079137384,,1.0,False,False,False
scipy,cross,kruskal_51inst,ALL,32.82719351234459,0.971100150010684,,1.0,False,False,False
sklearn,feat_dep,f_regression,own_lag1,0.1065973039118302,0.7440545259580824,,1.0,False,False,False
sklearn,feat_dep,f_regression,own_lag3,0.1122150718206775,0.7376390479822772,,1.0,False,False,False
statsmodels,unitroot,adf_price,ALGO,-1.0869391985053634,0.7202521987113772,,1.0,False,False,False
statsmodels,unitroot,range_unitroot_price,ALGO,1.9677398201998149,0.9,,1.0,False,False,False
statsmodels,autocorr,ljungbox_lag5,RCRI,2.8281272279956826,0.7264628641210148,,1.0,False,False,False
statsmodels,autocorr,boxpierce_lag5,RCRI,2.8070925342102324,0.7296966300541631,,1.0,False,False,False
statsmodels,autocorr,ljungbox_lag10,RCRI,3.742474023168741,0.958217530005816,,1.0,False,False,False
statsmodels,autocorr,boxpierce_lag10,RCRI,3.702909671759983,0.9597556849742952,,1.0,False,False,False
statsmodels,autocorr,ljungbox_lag20,RCRI,12.667571711062823,0.8911872129250781,,1.0,False,False,False
statsmodels,autocorr,boxpierce_lag20,RCRI,12.290771493112205,0.9057043013163638,,1.0,False,False,False
statsmodels,autocorr,breusch_godfrey,RCRI,2.943486453029976,0.7086983328793115,,1.0,False,False,False
scipy,normality,cramervonmises,SRTX,0.0586445907399443,0.8227445900440495,,1.0,False,False,False
statsmodels,autocorr,ljungbox_lag3,MTNS,0.932520338460898,0.8175736480270832,,1.0,False,False,False
statsmodels,autocorr,boxpierce_lag3,MTNS,0.9232754500068264,0.8198075827182955,,1.0,False,False,False
statsmodels,autocorr,ljungbox_lag5,MTNS,0.9795329652564264,0.9641996300917224,,1.0,False,False,False
statsmodels,autocorr,boxpierce_lag5,MTNS,0.9696514436190272,0.9649762636386126,,1.0,False,False,False
statsmodels,autocorr,ljungbox_lag1,CCNS,0.0643961687279226,0.7996778854680269,,1.0,False,False,False
statsmodels,autocorr,boxpierce_lag1,CCNS,0.0640105629271566,0.8002658263419324,,1.0,False,False,False
statsmodels,autocorr,ljungbox_lag2,CCNS,0.6793902139017434,0.7119873696729616,,1.0,False,False,False
statsmodels,autocorr,boxpierce_lag2,CCNS,0.6740944760037811,0.7138751170720967,,1.0,False,False,False
statsmodels,autocorr,ljungbox_lag3,CCNS,0.8255012120079585,0.843358256902664,,1.0,False,False,False
statsmodels,autocorr,boxpierce_lag3,CCNS,0.8187472805161218,0.844977875789196,,1.0,False,False,False
scipy,sign,chi2_signtransition,MHRM,0.0,1.0,,1.0,False,False,False
scipy,sign,Gtest_signtransition,MHRM,0.0,1.0,,1.0,False,False,False
scipy,sign,fisher_signtransition,MHRM,,1.0,,1.0,False,False,False
scipy,dist_fit,ks_t,AETS,0.0294402414637288,0.7685442195379641,,1.0,False,False,False
scipy,dist_fit,ks_skewnorm,AETS,0.0254941574156127,0.8935072389302513,,1.0,False,False,False
scipy,dist_fit,ks_johnsonsu,AETS,0.0259020049563131,0.8824443599252844,,1.0,False,False,False
scipy,dist_fit,ks_gennorm,AETS,0.0216075346865649,0.9700576370212628,,1.0,False,False,False
scipy,dist_fit,ks_genhyperbolic,AETS,0.0298990539973704,0.7520582587747093,,1.0,False,False,False
scipy,dist_fit,ks_t,ULXY,0.0198915915738226,0.9869309983901008,,1.0,False,False,False
scipy,dist_fit,ks_logistic,ULXY,0.0221748903115521,0.9622909247139378,,1.0,False,False,False
scipy,dist_fit,ks_skewnorm,ULXY,0.0245252905573087,0.9176212985038866,,1.0,False,False,False
scipy,dist_fit,ks_johnsonsu,ULXY,0.0197101416951333,0.9881887108246884,,1.0,False,False,False
statsmodels,autocorr,boxpierce_lag5,IHOZ,2.408474786070017,0.7902113927925792,,1.0,False,False,False
statsmodels,autocorr,ljungbox_lag20,IHOZ,13.239076783105585,0.866892212053968,,1.0,False,False,False
statsmodels,autocorr,boxpierce_lag20,IHOZ,12.958840142752878,0.8791430366422021,,1.0,False,False,False
statsmodels,autocorr,ljungbox_lag5,CCNS,1.5701271507009378,0.904838042247428,,1.0,False,False,False
statsmodels,autocorr,boxpierce_lag5,CCNS,1.5543418618169464,0.9067148680062892,,1.0,False,False,False
statsmodels,autocorr,ljungbox_lag10,CCNS,6.48943481105822,0.7726050201701896,,1.0,False,False,False
statsmodels,autocorr,boxpierce_lag10,CCNS,6.387736300934678,0.7817037099661223,,1.0,False,False,False
statsmodels,autocorr,ljungbox_lag20,CCNS,11.805830276263476,0.9225969918780216,,1.0,False,False,False
statsmodels,autocorr,boxpierce_lag20,CCNS,11.501021797891624,0.9321810756105618,,1.0,False,False,False
statsmodels,autocorr,breusch_godfrey,CCNS,1.5726180222237256,0.9045406431607168,,1.0,False,False,False
statsmodels,autocorr,ljungbox_lag1,MTNS,0.0025595491929105,0.9596506477487996,,1.0,False,False,False
statsmodels,autocorr,boxpierce_lag1,MTNS,0.0025442225510368,0.9597715328580048,,1.0,False,False,False
statsmodels,autocorr,ljungbox_lag2,MTNS,0.0283530276216655,0.9859234997885498,,1.0,False,False,False
statsmodels,autocorr,boxpierce_lag2,MTNS,0.0281317650242728,0.986032579819468,,1.0,False,False,False
scipy,sign,binomtest_updays,ITPA,0.5081632653061224,0.7518664904741041,,1.0,False,False,False
scipy,sign,binomtest_updays,HTRK,0.5030800821355236,0.9277999232261924,,1.0,False,False,False
scipy,sign,chi2_signtransition,HTRK,0.1327913086035374,0.715555290299517,,1.0,False,False,False
scipy,sign,Gtest_signtransition,HTRK,0.1327975580406093,0.7155488881607193,,1.0,False,False,False
scipy,sign,chi2_signtransition,NGTE,0.0032072820423541,0.954837649532828,,1.0,False,False,False
scipy,sign,Gtest_signtransition,NGTE,0.0032073132223217,0.9548374302424196,,1.0,False,False,False
scipy,sign,fisher_signtransition,NGTE,,0.9283147146053166,,1.0,False,False,False
scipy,sign,Gtest_signtransition,HRND,0.0020038700345207,0.9642949363678148,,1.0,False,False,False
scipy,sign,fisher_signtransition,HRND,,0.928311288300843,,1.0,False,False,False
scipy,sign,binomtest_updays,AETS,0.4909090909090909,0.7192058380367843,,1.0,False,False,False
scipy,normality,cramervonmises,ALUT,0.0466143584383491,0.8967050583799732,,1.0,False,False,False
scipy,normality,cramervonmises,ACAC,0.0749569334516039,0.7217425362003445,,1.0,False,False,False
scipy,normality,skewtest,ACAC,0.3809134727836455,0.7032674549847473,,1.0,False,False,False
statsmodels,autocorr,breusch_godfrey,MTNS,0.9713577561400142,0.9648427267160388,,1.0,False,False,False
statsmodels,autocorr,ljungbox_lag5,IHOZ,2.4270066260277003,0.7874456314155204,,1.0,False,False,False
statsmodels,autocorr,breusch_godfrey,IHOZ,2.4741863710346594,0.7803775378442508,,1.0,False,False,False
statsmodels,autocorr,ljungbox_lag1,NAYO,0.0228457673937869,0.879858839752677,,1.0,False,False,False
statsmodels,autocorr,boxpierce_lag1,NAYO,0.0227089663914289,0.8802163611519184,,1.0,False,False,False
statsmodels,autocorr,ljungbox_lag2,NAYO,0.189318031549189,0.9096830691664108,,1.0,False,False,False
statsmodels,autocorr,boxpierce_lag2,NAYO,0.1878521106733348,0.9103500752818476,,1.0,False,False,False
statsmodels,autocorr,ljungbox_lag3,NAYO,0.1908178461486382,0.979057820940262,,1.0,False,False,False
statsmodels,autocorr,boxpierce_lag3,NAYO,0.1893369570632086,0.9792920402457786,,1.0,False,False,False
statsmodels,autocorr,ljungbox_lag5,NAYO,1.2343067143507132,0.9415440661253878,,1.0,False,False,False
statsmodels,autocorr,boxpierce_lag5,NAYO,1.219836490246042,0.9429602247985276,,1.0,False,False,False
statsmodels,autocorr,breusch_godfrey,NAYO,1.3212595677100591,0.932728956006474,,1.0,False,False,False
statsmodels,autocorr,ljungbox_lag1,FWWG,0.0022531371288425,0.9621408542288862,,1.0,False,False,False
statsmodels,autocorr,boxpierce_lag1,FWWG,0.0022396452897476,0.9622542903104194,,1.0,False,False,False
scipy,normality,cramervonmises,CTGI,0.030067186827419,0.9760555887340394,,1.0,False,False,False
scipy,normality,kurtosistest,CTGI,-0.3097229899800193,0.7567716184184943,,1.0,False,False,False
statsmodels,autocorr,ljungbox_lag2,FWWG,0.502323286091289,0.7778966198169601,,1.0,False,False,False
statsmodels,autocorr,boxpierce_lag2,FWWG,0.4983172182125737,0.779456334707212,,1.0,False,False,False
statsmodels,autocorr,ljungbox_lag3,FWWG,0.6534598720524606,0.8840921149169424,,1.0,False,False,False
statsmodels,autocorr,boxpierce_lag3,FWWG,0.6479454550124563,0.8853738612018024,,1.0,False,False,False
statsmodels,autocorr,ljungbox_lag1,EELT,0.0032406885923882,0.9546033094676258,,1.0,False,False,False
statsmodels,autocorr,boxpierce_lag1,EELT,0.0032212832714757,0.9547392854648202,,1.0,False,False,False
statsmodels,autocorr,ljungbox_lag2,EELT,0.3609668137628032,0.8348665336214178,,1.0,False,False,False
statsmodels,autocorr,boxpierce_lag2,EELT,0.3580913116341429,0.836067727170439,,1.0,False,False,False
scipy,sign,chi2_signtransition,AETS,0.0690401261931082,0.7927395154752793,,1.0,False,False,False
scipy,sign,Gtest_signtransition,AETS,0.069041381825325,0.7927376737377243,,1.0,False,False,False
scipy,sign,fisher_signtransition,AETS,,0.7871653591290164,,1.0,False,False,False
scipy,sign,binomtest_updays,ULXY,0.4909819639278557,0.7202857848916937,,1.0,False,False,False
scipy,sign,chi2_signtransition,ULXY,0.1244824946491903,0.7242228128379217,,1.0,False,False,False
scipy,sign,Gtest_signtransition,ULXY,0.1244870143631602,0.7242180107355669,,1.0,False,False,False
scipy,sign,fisher_signtransition,ULXY,,0.7199527686174276,,1.0,False,False,False
scipy,sign,binomtest_updays,BENI,0.5010224948875256,1.0,,1.0,False,False,False
scipy,dist_fit,ks_gennorm,ULXY,0.0185122049063126,0.9944082714804192,,1.0,False,False,False
scipy,dist_fit,ks_hypsecant,ULXY,0.0285575663594085,0.7994081599829508,,1.0,False,False,False
scipy,dist_fit,ks_genhyperbolic,ULXY,0.0183170083536903,0.9951216732908356,,1.0,False,False,False
scipy,dist_fit,ks_t,BLBT,0.0310745869585191,0.7088215665231288,,1.0,False,False,False
scipy,dist_fit,ks_skewnorm,BLBT,0.0298456359660868,0.7539909950542162,,1.0,False,False,False
scipy,dist_fit,ks_johnsonsu,BLBT,0.0309623180700959,0.7129988882683075,,1.0,False,False,False
scipy,dist_fit,ks_gennorm,BLBT,0.0273342083092404,0.8397891424351837,,1.0,False,False,False
statsmodels,autocorr,ljungbox_lag20,AETS,15.782985140099036,0.7299929317062336,,1.0,False,False,False
statsmodels,autocorr,ljungbox_lag1,HRND,0.0002211057487476,0.9881361929521384,,1.0,False,False,False
statsmodels,autocorr,boxpierce_lag1,HRND,0.0002197817622282,0.9881717640565522,,1.0,False,False,False
statsmodels,autocorr,ljungbox_lag5,HRND,2.990187990404241,0.7014986507017577,,1.0,False,False,False
statsmodels,autocorr,boxpierce_lag5,HRND,2.962050943596179,0.705836598366332,,1.0,False,False,False
scipy,dist_fit,ks_genhyperbolic,BLBT,0.0300282085162011,0.7473718626381367,,1.0,False,False,False
scipy,dist_fit,ks_t,BENI,0.0265438444872246,0.8640235931993671,,1.0,False,False,False
scipy,dist_fit,ks_logistic,BENI,0.0277792675877954,0.8254677247577021,,1.0,False,False,False
scipy,sign,Gtest_signtransition,IHOZ,0.0005849790089879,0.980703974599322,,1.0,False,False,False
scipy,sign,fisher_signtransition,IHOZ,,0.9285420811378696,,1.0,False,False,False
scipy,sign,chi2_signtransition,NAYO,0.0,1.0,,1.0,False,False,False
scipy,sign,Gtest_signtransition,NAYO,0.0,1.0,,1.0,False,False,False
scipy,sign,fisher_signtransition,NAYO,,1.0,,1.0,False,False,False
scipy,sign,binomtest_updays,HRND,0.4979757085020243,0.964119639116284,,1.0,False,False,False
scipy,sign,chi2_signtransition,HRND,0.0020038687433041,0.9642949478636178,,1.0,False,False,False
scipy,normality,kurtosistest,RRES,-0.3964357974132252,0.6917835622120608,,1.0,False,False,False
scipy,normality,kstest_norm,CTGI,0.0210035729238005,0.9770869768750304,,1.0,False,False,False
statsmodels,autocorr,ljungbox_lag10,HRND,5.7793099540817545,0.8334512585279253,,1.0,False,False,False
statsmodels,autocorr,boxpierce_lag10,HRND,5.689435380951129,0.8406458145065558,,1.0,False,False,False
statsmodels,autocorr,ljungbox_lag2,AETS,0.6297681508435162,0.7298734796403383,,1.0,False,False,False
statsmodels,autocorr,boxpierce_lag2,AETS,0.625913503174634,0.7312815386507592,,1.0,False,False,False
statsmodels,autocorr,ljungbox_lag3,AETS,0.8749534577899067,0.8314675184887723,,1.0,False,False,False
statsmodels,autocorr,boxpierce_lag3,AETS,0.8686518509698631,0.8329854789234141,,1.0,False,False,False
scipy,sign,binomtest_updays,ACIX,0.5010183299389002,1.0,,1.0,False,False,False
scipy,sign,binomtest_updays,MTNS,0.4898373983739837,0.6849676554621439,,1.0,False,False,False
scipy,sign,chi2_signtransition,MTNS,0.0159622078077729,0.8994615032287888,,1.0,False,False,False
scipy,sign,Gtest_signtransition,MTNS,0.0159622447315925,0.8994613875632987,,1.0,False,False,False
scipy,sign,fisher_signtransition,MTNS,,0.8569185392344234,,1.0,False,False,False
scipy,sign,chi2_signtransition,IHOZ,0.0005849813805831,0.980703935492456,,1.0,False,False,False
scipy,dist_fit,ks_skewnorm,BENI,0.027566395582017,0.8323743300846276,,1.0,False,False,False
scipy,dist_fit,ks_johnsonsu,BENI,0.026224367508845,0.8733420037203439,,1.0,False,False,False
scipy,dist_fit,ks_gennorm,BENI,0.0264974000043031,0.8653961385202329,,1.0,False,False,False
scipy,dist_fit,ks_genhyperbolic,BENI,0.0257935524514894,0.885436467938004,,1.0,False,False,False
scipy,dist_fit,ks_skewnorm,ITPA,0.0279936550738033,0.8184118154801754,,1.0,False,False,False
scipy,dist_fit,ks_johnsonsu,ITPA,0.0274788733080849,0.8351841422728266,,1.0,False,False,False
scipy,dist_fit,ks_gennorm,ITPA,0.0241163299064124,0.926833538083382,,1.0,False,False,False
scipy,normality,cramervonmises,MDGI,0.0758204213024259,0.7165935290777541,,1.0,False,False,False
statsmodels,autocorr,boxpierce_lag20,AETS,15.404370113389128,0.7528208963020997,,1.0,False,False,False
scipy,normality,skewtest,AGVF,-0.1860044944404765,0.8524412367833243,,1.0,False,False,False
scipy,normality,shapiro,RRES,0.9981470909056676,0.8729777281330043,,1.0,False,False,False
scipy,normality,cramervonmises,RRES,0.0473089431677046,0.8926208248778135,,1.0,False,False,False
scipy,dist_fit,ks_t,HTRK,0.0160742340465355,0.9993092369600478,,1.0,False,False,False
scipy,dist_fit,ks_logistic,HTRK,0.0267972750312932,0.8564302228194454,,1.0,False,False,False
scipy,dist_fit,ks_skewnorm,HTRK,0.0170064937524176,0.9982854034922378,,1.0,False,False,False
scipy,dist_fit,ks_johnsonsu,HTRK,0.0171296634233779,0.998088151172327,,1.0,False,False,False
scipy,dist_fit,ks_gennorm,HTRK,0.0174393225408379,0.9975120601611774,,1.0,False,False,False
scipy,dist_fit,ks_genhyperbolic,HTRK,0.0164531573431327,0.9989811700509604,,1.0,False,False,False
scipy,dist_fit,ks_t,NGTE,0.0311110841424338,0.7074618791185263,,1.0,False,False,False
scipy,dist_fit,ks_skewnorm,NGTE,0.030975103141051,0.7125235882530623,,1.0,False,False,False
scipy,dist_fit,ks_johnsonsu,NGTE,0.0304122219845026,0.7333345406186962,,1.0,False,False,False
scipy,dist_fit,ks_gennorm,NGTE,0.023211758887627,0.9450735846002702,,1.0,False,False,False
scipy,dist_fit,ks_genhyperbolic,NGTE,0.0306685080437453,0.7238899414075475,,1.0,False,False,False
scipy,sign,binomtest_updays,CTGI,0.5090180360721442,0.7202857848916937,,1.0,False,False,False
scipy,sign,chi2_signtransition,CTGI,0.0762623040574353,0.7824280172562947,,1.0,False,False,False
scipy,sign,Gtest_signtransition,CTGI,0.0762646618733993,0.7824247385595695,,1.0,False,False,False
scipy,sign,fisher_signtransition,CTGI,,0.720838806008447,,1.0,False,False,False
statsmodels,autocorr,ljungbox_lag3,ITPA,1.4801817261853554,0.6868518730320134,,1.0,False,False,False
statsmodels,autocorr,boxpierce_lag3,ITPA,1.47032499067403,0.6891360456456186,,1.0,False,False,False
statsmodels,autocorr,ljungbox_lag10,BLBT,7.0456288071724,0.721130408183244,,1.0,False,False,False
statsmodels,autocorr,boxpierce_lag10,BLBT,6.972298041716858,0.7280575753261839,,1.0,False,False,False
scipy,sign,binomtest_updays,MMBT,0.4979919678714859,0.9642638822110738,,1.0,False,False,False
scipy,sign,binomtest_updays,MDGI,0.4979919678714859,0.9642638822110738,,1.0,False,False,False
scipy,dist_fit,ks_t,FCSG,0.029956940980036,0.7499601288407797,,1.0,False,False,False
scipy,dist_fit,ks_logistic,FCSG,0.0310983929322562,0.7079347761143835,,1.0,False,False,False
scipy,dist_fit,ks_skewnorm,FCSG,0.0253852838345031,0.8963718115444569,,1.0,False,False,False
scipy,dist_fit,ks_johnsonsu,FCSG,0.0252938085908512,0.8987490742210962,,1.0,False,False,False
scipy,normality,jarque_bera,NWIG,0.2819599743061985,0.8685066928152201,,1.0,False,False,False
scipy,normality,kstest_norm,NWIG,0.0218910809964002,0.9663198667093098,,1.0,False,False,False
scipy,normality,cramervonmises,NWIG,0.0415128864277308,0.9253788565928794,,1.0,False,False,False
statsmodels,autocorr,boxpierce_lag3,BENI,1.489726387255557,0.6846434967231467,,1.0,False,False,False
statsmodels,autocorr,ljungbox_lag5,BENI,1.6062040779564737,0.9004980705203955,,1.0,False,False,False
statsmodels,autocorr,boxpierce_lag5,BENI,1.5939118297921735,0.9019846031668493,,1.0,False,False,False
statsmodels,autocorr,boxpierce_lag20,BENI,16.404991421182622,0.6912028145179538,,1.0,False,False,False
statsmodels,autocorr,breusch_godfrey,BENI,1.7298334104952706,0.8851200286309517,,1.0,False,False,False
statsmodels,autocorr,ljungbox_lag5,HTRK,2.7449805013754336,0.7392307403332353,,1.0,False,False,False
statsmodels,autocorr,boxpierce_lag5,HTRK,2.7234727673982246,0.7425261074367383,,1.0,False,False,False
statsmodels,autocorr,ljungbox_lag10,HTRK,5.910355164923045,0.8227377148519648,,1.0,False,False,False
statsmodels,autocorr,boxpierce_lag10,HTRK,5.831984927446791,0.8291760111300684,,1.0,False,False,False
scipy,normality,kurtosistest,RTTH,0.230035531492748,0.8180641598275884,,1.0,False,False,False
scipy,normality,normaltest_K2,SPLZ,0.3990333484013127,0.8191265624183882,,1.0,False,False,False
scipy,normality,jarque_bera,SPLZ,0.3851338652265972,0.8248391077189023,,1.0,False,False,False
scipy,normality,kstest_norm,SPLZ,0.0269892925781819,0.8505631493126873,,1.0,False,False,False
scipy,normality,cramervonmises,SPLZ,0.0529620943473494,0.8583143472520796,,1.0,False,False,False
scipy,normality,kurtosistest,SPLZ,0.0900460433006299,0.9282506261517094,,1.0,False,False,False
scipy,normality,shapiro,NWIG,0.9979642491381366,0.8197415137637991,,1.0,False,False,False
scipy,normality,normaltest_K2,NWIG,0.4019281524093719,0.8179418146004075,,1.0,False,False,False
scipy,dist_fit,ks_gennorm,FCSG,0.0308440234606235,0.717391377361134,,1.0,False,False,False
scipy,sign,binomtest_updays,DIHO,0.4938271604938271,0.8206044574402508,,1.0,False,False,False
scipy,sign,binomtest_updays,RTTH,0.4929577464788732,0.7878567368076885,,1.0,False,False,False
scipy,dist_fit,ks_genhyperbolic,FCSG,0.0260748596930824,0.8776019057514217,,1.0,False,False,False
scipy,dist_fit,ks_t,FARS,0.0199753855053118,0.9863190635721368,,1.0,False,False,False
scipy,dist_fit,ks_logistic,FARS,0.026207143365306,0.8738361011580327,,1.0,False,False,False
scipy,dist_fit,ks_skewnorm,FARS,0.0228695863496933,0.9511921644496432,,1.0,False,False,False
scipy,dist_fit,ks_johnsonsu,FARS,0.0218798619428824,0.966473187275502,,1.0,False,False,False
statsmodels,autocorr,breusch_godfrey,HTRK,2.81773792809435,0.728060336898936,,1.0,False,False,False
statsmodels,autocorr,ljungbox_lag3,NGTE,1.46237773126171,0.6909803478669181,,1.0,False,False,False
statsmodels,autocorr,boxpierce_lag3,NGTE,1.4527223322620364,0.6932241714244018,,1.0,False,False,False
statsmodels,autocorr,ljungbox_lag5,NGTE,2.780508767864488,0.7337801050462445,,1.0,False,False,False
statsmodels,autocorr,boxpierce_lag5,NGTE,2.752880715218761,0.7380194439943388,,1.0,False,False,False
statsmodels,autocorr,ljungbox_lag10,NGTE,5.218408116788095,0.876118614001587,,1.0,False,False,False
statsmodels,autocorr,boxpierce_lag10,NGTE,5.142177268445921,0.8814801913601882,,1.0,False,False,False
scipy,dist_fit,ks_gennorm,FARS,0.0181255207352128,0.9957519723482908,,1.0,False,False,False
scipy,dist_fit,ks_genhyperbolic,FARS,0.0218778922405957,0.9665000589882348,,1.0,False,False,False
scipy,dist_fit,ks_t,MHRM,0.0193692916111042,0.990311943911766,,1.0,False,False,False
scipy,dist_fit,ks_logistic,MHRM,0.0233356902358482,0.9427512002167512,,1.0,False,False,False
scipy,dist_fit,ks_skewnorm,MHRM,0.022024848124032,0.9644570507011464,,1.0,False,False,False
scipy,sign,Gtest_signtransition,SMAH,1.295525205802575e-07,0.9997128141845428,,1.0,False,False,False
scipy,sign,fisher_signtransition,SMAH,,0.928881113591389,,1.0,False,False,False
scipy,sign,chi2_signtransition,NPCK,0.0460071733733019,0.8301627590533285,,1.0,False,False,False
scipy,sign,Gtest_signtransition,NPCK,0.0460063336425151,0.830164285385675,,1.0,False,False,False
scipy,sign,fisher_signtransition,NPCK,,0.7853272615348865,,1.0,False,False,False
scipy,sign,binomtest_updays,HETT,0.5020161290322581,0.96419197855355,,1.0,False,False,False
scipy,sign,chi2_signtransition,HETT,0.0019475510320922,0.9647999293991516,,1.0,False,False,False
scipy,normality,shapiro,RTTH,0.997604086664634,0.6994538267729857,,1.0,False,False,False
scipy,normality,kstest_norm,RTTH,0.0210774877880355,0.976293273802754,,1.0,False,False,False
scipy,normality,cramervonmises,RTTH,0.0244714750350071,0.990708999900864,,1.0,False,False,False
statsmodels,autocorr,ljungbox_lag20,ILVX,15.524754203414114,0.7456355178128689,,1.0,False,False,False
statsmodels,autocorr,boxpierce_lag20,ILVX,15.171935060040695,0.7664863358521591,,1.0,False,False,False
scipy,sign,Gtest_signtransition,HETT,0.00194755212038,0.9647999195706704,,1.0,False,False,False
scipy,sign,fisher_signtransition,HETT,,0.9284561327438856,,1.0,False,False,False
scipy,sign,binomtest_updays,SMAH,0.501002004008016,1.0,,1.0,False,False,False
scipy,sign,chi2_signtransition,SMAH,1.2955254942779738e-07,0.9997128141525689,,1.0,False,False,False
scipy,dist_fit,ks_johnsonsu,MHRM,0.0193641863949682,0.9903414587163326,,1.0,False,False,False
scipy,dist_fit,ks_gennorm,MHRM,0.0198541644407488,0.9871979113683638,,1.0,False,False,False
scipy,dist_fit,ks_hypsecant,MHRM,0.0295559545911651,0.7644117974011791,,1.0,False,False,False
scipy,dist_fit,ks_t,EAFC,0.0237601931964251,0.9343698342539232,,1.0,False,False,False
scipy,dist_fit,ks_skewnorm,EAFC,0.0237798139533478,0.933966557877376,,1.0,False,False,False
scipy,dist_fit,ks_johnsonsu,EAFC,0.0239203770161038,0.9310367132579512,,1.0,False,False,False
scipy,dist_fit,ks_gennorm,EAFC,0.02675015930852,0.8578550258606666,,1.0,False,False,False
statsmodels,autocorr,ljungbox_lag3,FCSG,0.9096327980881264,0.82310259279299,,1.0,False,False,False
statsmodels,autocorr,boxpierce_lag3,FCSG,0.9040319254238968,0.82445470514745,,1.0,False,False,False
statsmodels,autocorr,ljungbox_lag5,FCSG,1.8628406468794017,0.8677794612455212,,1.0,False,False,False
statsmodels,autocorr,boxpierce_lag5,FCSG,1.8452970463593523,0.8701101726043158,,1.0,False,False,False
statsmodels,autocorr,breusch_godfrey,FCSG,1.838244255323228,0.8710435718066539,,1.0,False,False,False
scipy,normality,kstest_norm,ANSO,0.0269679791240577,0.8512191020858919,,1.0,False,False,False
scipy,normality,cramervonmises,ANSO,0.0546346441327487,0.8479110364989269,,1.0,False,False,False
scipy,normality,kstest_norm,DIHO,0.0291330868277447,0.7794225354385375,,1.0,False,False,False
scipy,normality,cramervonmises,DIHO,0.0631324371656749,0.7944960119395406,,1.0,False,False,False
scipy,normality,kurtosistest,EORC,-0.2277806662514959,0.8198167577232309,,1.0,False,False,False
scipy,normality,shapiro,CUBO,0.9980535456432612,0.8466558745303989,,1.0,False,False,False
statsmodels,autocorr,ljungbox_lag5,MHRM,2.5006903992801486,0.7763910920278208,,1.0,False,False,False
statsmodels,autocorr,boxpierce_lag5,MHRM,2.479871306661785,0.7795233943403942,,1.0,False,False,False
scipy,normality,normaltest_K2,CUBO,0.5195796603096682,0.7712136546263627,,1.0,False,False,False
scipy,normality,jarque_bera,CUBO,0.4335537627248059,0.8051095842200863,,1.0,False,False,False
scipy,normality,kstest_norm,CUBO,0.0218451304751112,0.9669449811319556,,1.0,False,False,False
scipy,normality,cramervonmises,CUBO,0.0221744687155806,0.9945198138244856,,1.0,False,False,False
scipy,normality,kurtosistest,CUBO,0.3151747035453204,0.7526290111531257,,1.0,False,False,False
scipy,normality,kurtosistest,HRET,-0.1393005025314963,0.8892126927909327,,1.0,False,False,False
scipy,sign,chi2_signtransition,SRNA,0.0156632770363767,0.9004024136937484,,1.0,False,False,False
scipy,sign,Gtest_signtransition,SRNA,0.0156649790492249,0.9003970307682916,,1.0,False,False,False
scipy,sign,fisher_signtransition,SRNA,,0.8560744400079255,,1.0,False,False,False
scipy,sign,binomtest_updays,ELLT,0.5070140280561122,0.7882720378191246,,1.0,False,False,False
scipy,sign,chi2_signtransition,ELLT,0.0342438329407925,0.8531891181189132,,1.0,False,False,False
scipy,sign,Gtest_signtransition,ELLT,0.0342443239510847,0.8531880775474474,,1.0,False,False,False
scipy,sign,fisher_signtransition,ELLT,,0.7887380374065234,,1.0,False,False,False
scipy,sign,binomtest_updays,AMRP,0.4979757085020243,0.964119639116284,,1.0,False,False,False
scipy,sign,chi2_signtransition,AMRP,0.018231050078061,0.8925941592531128,,1.0,False,False,False
scipy,sign,Gtest_signtransition,AMRP,0.0182311618386625,0.8925938320379243,,1.0,False,False,False
scipy,sign,fisher_signtransition,AMRP,,0.857200711373455,,1.0,False,False,False
scipy,regime_2samp,epps_singleton,EAFC,1.6565447894206138,0.7985953393816043,,1.0,False,False,False
scipy,regime_2samp,levene_var,EAFC,0.0045326710796884,0.946349958686022,,1.0,False,False,False
scipy,regime_2samp,bartlett_var,EAFC,0.0006118604075945,0.9802656897690144,,1.0,False,False,False
scipy,normality,kstest_norm,MSDP,0.0296847462288929,0.7597916515918233,,1.0,False,False,False
scipy,normality,cramervonmises,MSDP,0.0514730350962654,0.8674996440082801,,1.0,False,False,False
scipy,normality,shapiro,EORC,0.9984567671288638,0.9429636654475968,,1.0,False,False,False
scipy,normality,normaltest_K2,EORC,0.2528265234105473,0.8812505844014706,,1.0,False,False,False
scipy,normality,jarque_bera,EORC,0.3283839867821871,0.8485790846631973,,1.0,False,False,False
scipy,normality,kstest_norm,EORC,0.0207886068533391,0.9792926988921974,,1.0,False,False,False
scipy,normality,cramervonmises,EORC,0.0215766514873713,0.995311055502003,,1.0,False,False,False
scipy,regime_2samp,fligner_var,EAFC,0.0001015746874212,0.9919587149651076,,1.0,False,False,False
scipy,regime_2samp,mood_scale,EAFC,-0.1911529631236066,0.8484057540095982,,1.0,False,False,False
scipy,regime_2samp,ansari_scale,EAFC,31246.0,0.9419629373953026,,1.0,False,False,False
scipy,sign,binomtest_updays,ALGO,0.4899193548387097,0.686172331416121,,1.0,False,False,False
scipy,sign,chi2_signtransition,ALGO,0.0,1.0,,1.0,False,False,False
scipy,sign,Gtest_signtransition,ALGO,0.0,1.0,,1.0,False,False,False
scipy,sign,fisher_signtransition,ALGO,,1.0,,1.0,False,False,False
scipy,regime_2samp,levene_var,ALGO,0.157881113474382,0.6912854500381442,,1.0,False,False,False
scipy,regime_2samp,fligner_var,ALGO,0.1569676489234526,0.6919638132881416,,1.0,False,False,False
scipy,regime_2samp,mood_scale,ALGO,-0.3394944148293233,0.73423730384874,,1.0,False,False,False
scipy,regime_2samp,ansari_scale,ALGO,31042.0,0.8567354972322334,,1.0,False,False,False
scipy,normality,shapiro,NPCK,0.9975808897999328,0.6913465184642678,,1.0,False,False,False
scipy,normality,kstest_norm,NPCK,0.0295296087567379,0.7653542506807177,,1.0,False,False,False
scipy,normality,cramervonmises,NPCK,0.0400182699975067,0.9332305769848832,,1.0,False,False,False
scipy,normality,skewtest,NPCK,-0.3384725428821271,0.7350071149610029,,1.0,False,False,False
statsmodels,granger,granger_to_algo,AMRP,,0.7389418425407894,,1.0,False,False,False
statsmodels,autocorr,breusch_godfrey,MHRM,2.781075812233101,0.7336930453185792,,1.0,False,False,False
scipy,regime_2samp,ks_2samp,MHRM,0.0445140562248996,0.9527375150105646,,1.0,False,False,False
scipy,regime_2samp,cramervonmises_2s,MHRM,0.0410396214114996,0.9301417480389472,,1.0,False,False,False
scipy,regime_2samp,mannwhitneyu,EAFC,31579.0,0.7782597902562718,,1.0,False,False,False
scipy,regime_2samp,ranksums,EAFC,0.28189787093654,0.7780218221084734,,1.0,False,False,False
scipy,regime_2samp,kruskal,EAFC,0.0794664863865251,0.7780217177256241,,1.0,False,False,False
scipy,regime_2samp,brunnermunzel,EAFC,-0.281499834218727,0.7784442349662465,,1.0,False,False,False
scipy,regime_2samp,ks_2samp,EAFC,0.0435180722891566,0.9581071914439244,,1.0,False,False,False
scipy,regime_2samp,cramervonmises_2s,EAFC,0.0311733507174949,0.9738041342363613,,1.0,False,False,False
scipy,normality,jarque_bera,HUXZ,0.0632415935473128,0.9688739125419036,,1.0,False,False,False
scipy,normality,kstest_norm,HUXZ,0.0218800230492032,0.9664709887653188,,1.0,False,False,False
scipy,normality,cramervonmises,HUXZ,0.0255065933204926,0.988576257938046,,1.0,False,False,False
scipy,normality,skewtest,HUXZ,-0.2357188231856821,0.8136508626344885,,1.0,False,False,False
scipy,normality,kurtosistest,HUXZ,0.0598024265902895,0.9523129928985208,,1.0,False,False,False
scipy,normality,kstest_norm,DUCT,0.0239918094526275,0.9295204668810322,,1.0,False,False,False
statsmodels,granger,granger_to_algo,NPCK,,0.719525796244966,,1.0,False,False,False
scipy,normality,cramervonmises,DUCT,0.033008410349794,0.9654012003114952,,1.0,False,False,False
scipy,regime_2samp,ttest_ind,MHRM,0.2187207524912616,0.8269573678189281,,1.0,False,False,False
scipy,regime_2samp,welch_t,MHRM,0.2186805970151482,0.8269894503204512,,1.0,False,False,False
scipy,regime_2samp,mannwhitneyu,MHRM,31109.0,0.9923210537572976,,1.0,False,False,False
scipy,regime_2samp,ranksums,MHRM,-0.009934726729041,0.992073365318866,,1.0,False,False,False
scipy,regime_2samp,kruskal,MHRM,9.869908142163376e-05,0.9920733538250536,,1.0,False,False,False
scipy,regime_2samp,brunnermunzel,MHRM,0.0099143138223631,0.9920936537557082,,1.0,False,False,False
scipy,regime_2samp,epps_singleton,AENO,1.4911892943363887,0.8282010189544894,,1.0,False,False,False
scipy,regime_2samp,levene_var,AENO,0.0366502049673727,0.8482571634111122,,1.0,False,False,False
scipy,regime_2samp,bartlett_var,AENO,0.0006232741824799,0.9800825141115626,,1.0,False,False,False
scipy,regime_2samp,fligner_var,AENO,0.0717180887542191,0.7888514759853539,,1.0,False,False,False
scipy,regime_2samp,ansari_scale,AENO,31394.0,0.7974921075675733,,1.0,False,False,False
statsmodels,granger,granger_to_algo,ACIX,,0.7346010181152556,,1.0,False,False,False
statsmodels,granger,granger_algo_to,RTTH,,0.7313198588442233,,1.0,False,False,False
scipy,normality,cramervonmises,HETT,0.0608789913372221,0.8086702691289159,,1.0,False,False,False
scipy,normality,skewtest,HETT,0.197643472656045,0.843324019394985,,1.0,False,False,False
scipy,normality,shapiro,HUXZ,0.9982865771079142,0.9080260951053448,,1.0,False,False,False
scipy,normality,normaltest_K2,HUXZ,0.0591396938301298,0.9708630634829822,,1.0,False,False,False
scipy,regime_2samp,ks_2samp,LSST,0.0426987951807228,0.9649381395968334,,1.0,False,False,False
scipy,regime_2samp,cramervonmises_2s,LSST,0.0358525162775293,0.9553148147700928,,1.0,False,False,False
scipy,regime_2samp,mannwhitneyu,FCSG,30636.0,0.7616462913149569,,1.0,False,False,False
scipy,regime_2samp,ranksums,FCSG,-0.3036300856563174,0.7614097279983356,,1.0,False,False,False
scipy,regime_2samp,kruskal,FCSG,0.0921912289156807,0.7614097279983129,,1.0,False,False,False
scipy,regime_2samp,brunnermunzel,FCSG,0.3030183269034495,0.7620029579669718,,1.0,False,False,False
scipy,regime_2samp,ks_2samp,FCSG,0.0465381526104416,0.9312582606656828,,1.0,False,False,False
scipy,regime_2samp,cramervonmises_2s,FCSG,0.0598743833047592,0.8175555554369863,,1.0,False,False,False
scipy,regime_2samp,epps_singleton,FCSG,1.981404366977434,0.7391793083724123,,1.0,False,False,False
scipy,normality,kstest_norm,OTCS,0.0213515843235102,0.9731892226358028,,1.0,False,False,False
scipy,normality,cramervonmises,OTCS,0.0325700241004451,0.9671087541590436,,1.0,False,False,False
scipy,normality,skewtest,OTCS,-0.3203445545077473,0.7487071516045345,,1.0,False,False,False
scipy,normality,kurtosistest,OTCS,-0.3181720375402979,0.7503544422894248,,1.0,False,False,False
statsmodels,granger,granger_algo_to,ACAC,,0.6907923559937663,,1.0,False,False,False
statsmodels,granger,granger_algo_to,RCRI,,0.772480487114477,,1.0,False,False,False
scipy,regime_2samp,ttest_ind,FCSG,-0.4017808162593123,0.6880180552246784,,1.0,False,False,False
scipy,regime_2samp,welch_t,FCSG,-0.4018248675726548,0.6879860961568459,,1.0,False,False,False
scipy,regime_2samp,epps_singleton,LSST,2.256313913514427,0.6887336688235062,,1.0,False,False,False
scipy,regime_2samp,levene_var,SRNA,0.0142695384588383,0.9049630215990604,,1.0,False,False,False
scipy,regime_2samp,mood_scale,HTRK,-0.3451380742960216,0.729990570910868,,1.0,False,False,False
statsmodels,granger,granger_algo_to,EELT,,0.705804733248579,,1.0,False,False,False
statsmodels,granger,granger_to_algo,AETS,,0.8204389388766943,,1.0,False,False,False
scipy,normality,kstest_norm,AMRP,0.0214067776590863,0.972533141152255,,1.0,False,False,False
scipy,normality,cramervonmises,AMRP,0.0354494586764901,0.9551843951778082,,1.0,False,False,False
scipy,normality,normaltest_K2,OTCS,0.2038540790753117,0.903095439526052,,1.0,False,False,False
scipy,normality,jarque_bera,OTCS,0.2985110317714882,0.8613489984262604,,1.0,False,False,False
scipy,regime_2samp,levene_var,NGTE,1.7587188033380576e-05,0.9966555975607458,,1.0,False,False,False
scipy,regime_2samp,bartlett_var,NGTE,0.0745700646188499,0.7847954103378122,,1.0,False,False,False
scipy,regime_2samp,fligner_var,NGTE,0.0011096861160884,0.9734258230912148,,1.0,False,False,False
scipy,regime_2samp,mood_scale,NGTE,0.3784215571072451,0.7051174565359833,,1.0,False,False,False
scipy,regime_2samp,ansari_scale,NGTE,31064.0,0.8782319665079067,,1.0,False,False,False
scipy,regime_2samp,bartlett_var,SRNA,0.0416804136780646,0.8382301752941314,,1.0,False,False,False
scipy,regime_2samp,fligner_var,SRNA,0.0032476188818859,0.954554846909808,,1.0,False,False,False
scipy,regime_2samp,mood_scale,SRNA,0.0251615973594767,0.9799260681184736,,1.0,False,False,False
scipy,regime_2samp,ansari_scale,SRNA,31399.0,0.7927021950145499,,1.0,False,False,False
scipy,regime_2samp,levene_var,ELLT,0.045338831285747,0.8314695186839924,,1.0,False,False,False
scipy,regime_2samp,bartlett_var,ELLT,0.0048750158145936,0.9443358828796922,,1.0,False,False,False
scipy,regime_2samp,fligner_var,ELLT,0.0354324729655352,0.8506923165980349,,1.0,False,False,False
scipy,normality,shapiro,ELLT,0.9979520624150168,0.8159490256001276,,1.0,False,False,False
scipy,normality,normaltest_K2,ELLT,0.2906114851619426,0.8647578593886323,,1.0,False,False,False
scipy,normality,jarque_bera,ELLT,0.3066416398509817,0.8578544608549414,,1.0,False,False,False
scipy,normality,kstest_norm,ELLT,0.0292347498706413,0.7758371745487567,,1.0,False,False,False
scipy,normality,cramervonmises,ELLT,0.042633238296224,0.9193119012397184,,1.0,False,False,False
scipy,normality,kurtosistest,ELLT,-0.0011751082468603,0.9990623994883436,,1.0,False,False,False
statsmodels,granger,granger_to_algo,HTRK,,0.737088968654057,,1.0,False,False,False
scipy,regime_2samp,epps_singleton,HTRK,1.3315644099521542,0.8559978632187206,,1.0,False,False,False
scipy,regime_2samp,levene_var,HTRK,0.1038208982203603,0.7474272000534242,,1.0,False,False,False
scipy,regime_2samp,bartlett_var,HTRK,0.0126342379144364,0.910504569759986,,1.0,False,False,False
scipy,regime_2samp,fligner_var,HTRK,0.0828433131505626,0.7734805898030231,,1.0,False,False,False
scipy,regime_2samp,mood_scale,ELLT,0.0063855806361437,0.994905078423464,,1.0,False,False,False
scipy,regime_2samp,ansari_scale,ELLT,30931.0,0.750200714460922,,1.0,False,False,False
scipy,regime_2samp,ttest_ind,OTCS,-0.020989292190783,0.9832626211797664,,1.0,False,False,False
scipy,regime_2samp,welch_t,OTCS,-0.0209900803213881,0.9832619946133334,,1.0,False,False,False
scipy,regime_2samp,mannwhitneyu,OTCS,31384.5,0.8722363772592372,,1.0,False,False,False
scipy,regime_2samp,ranksums,OTCS,0.1611288491366347,0.8719919187863804,,1.0,False,False,False
scipy,regime_2samp,kruskal,OTCS,0.0259625323521332,0.8719918544409903,,1.0,False,False,False
statsmodels,hetero,white,AENO,0.1834239189384251,0.9123679106376048,,1.0,False,False,False
statsmodels,hetero,goldfeld_quandt,AENO,0.8741992603302036,0.8545086416567416,,1.0,False,False,False
scipy,normality,kstest_norm,ALGO,0.0277616432225485,0.8260433716682982,,1.0,False,False,False
scipy,normality,cramervonmises,ALGO,0.0387940350567221,0.939434765285866,,1.0,False,False,False
scipy,normality,kstest_norm,LSST,0.0266795573621148,0.8599789428040816,,1.0,False,False,False
scipy,normality,cramervonmises,LSST,0.0510531049263722,0.8700740626563688,,1.0,False,False,False
scipy,regime_2samp,brunnermunzel,OTCS,-0.160766407844677,0.8723427979942133,,1.0,False,False,False
scipy,regime_2samp,ks_2samp,OTCS,0.0501044176706828,0.8888778031778076,,1.0,False,False,False
scipy,regime_2samp,cramervonmises_2s,OTCS,0.0551550892950558,0.8472282580421115,,1.0,False,False,False
scipy,regime_2samp,levene_var,OTCS,3.5006266421156736e-06,0.9985079126561665,,1.0,False,False,False
scipy,regime_2samp,bartlett_var,OTCS,0.0867274265474135,0.7683795258988951,,1.0,False,False,False
scipy,regime_2samp,fligner_var,OTCS,0.0012721717521758,0.9715474719293766,,1.0,False,False,False
scipy,regime_2samp,ansari_scale,OTCS,30962.5,0.7800471947068995,,1.0,False,False,False
scipy,regime_2samp,levene_var,BENI,0.0647759423351262,0.7992059364073826,,1.0,False,False,False
scipy,regime_2samp,bartlett_var,BENI,0.0765670719703276,0.7820046689045674,,1.0,False,False,False
scipy,regime_2samp,fligner_var,BENI,0.0732540403835258,0.7866565160666381,,1.0,False,False,False
scipy,regime_2samp,mood_scale,BENI,-0.3755230045904131,0.7072715409707655,,1.0,False,False,False
statsmodels,hetero,arch_lm,SRNA,2.2515388286936773,0.8133575324879597,,1.0,False,False,False
statsmodels,hetero,goldfeld_quandt,SRNA,0.930391500998772,0.714575049965426,,1.0,False,False,False
statsmodels,hetero,white,ELLT,0.7282894879115828,0.6947906207214555,,1.0,False,False,False
statsmodels,hetero,arch_lm,AMRP,0.2127410923980304,0.998970581278976,,1.0,False,False,False
statsmodels,hetero,goldfeld_quandt,AMRP,0.8173282190838073,0.9433533506124084,,1.0,False,False,False
statsmodels,hetero,arch_lm,OTCS,2.0498762129759927,0.8422015698065068,,1.0,False,False,False
scipy,normality,normaltest_K2,ALGO,0.7012792655922336,0.7042374922293252,,1.0,False,False,False
statsmodels,hetero,arch_lm,ALGO,1.3020883723564496,0.9347166403942592,,1.0,False,False,False
statsmodels,hetero,breusch_pagan,AENO,0.0058026684468583,0.9392796744912923,,1.0,False,False,False
scipy,regime_2samp,epps_singleton,ITPA,1.2869545513771776,0.8635849664960091,,1.0,False,False,False
statsmodels,hetero,arch_lm,HUXZ,2.583836754619191,0.7638195269341786,,1.0,False,False,False
statsmodels,hetero,breusch_pagan,HUXZ,0.124118783598765,0.724609570090758,,1.0,False,False,False
statsmodels,hetero,white,HUXZ,0.125730182127227,0.9390701540994632,,1.0,False,False,False
arch,unitroot,ADF,MHRM,-0.825708022847208,0.8114536592502138,,1.0,False,False,False
arch,unitroot,DFGLS,MHRM,0.976543454667978,0.9212556073278024,,1.0,False,False,False
arch,unitroot,PP,MHRM,-0.8136216308367432,0.8150880340794588,,1.0,False,False,False
arch,unitroot,ADF,EAFC,-0.9424522113332215,0.773671146025597,,1.0,False,False,False
arch,unitroot,DFGLS,EAFC,0.9559371107721324,0.9185642478013956,,1.0,False,False,False
arch,unitroot,PP,EAFC,-0.7840042648331443,0.8237755985756415,,1.0,False,False,False
scipy,regime_2samp,kruskal,ULXY,0.1149362891567307,0.7345927429155602,,1.0,False,False,False
scipy,regime_2samp,brunnermunzel,ULXY,-0.3380174823545038,0.7354931019950868,,1.0,False,False,False
scipy,regime_2samp,epps_singleton,ULXY,0.4981899804916531,0.9736769450454844,,1.0,False,False,False
scipy,regime_2samp,ttest_ind,BLBT,0.0402733138462965,0.9678914016975058,,1.0,False,False,False
scipy,regime_2samp,welch_t,BLBT,0.0402822540152116,0.9678844614392118,,1.0,False,False,False
scipy,regime_2samp,mannwhitneyu,BLBT,31539.5,0.7971315938803869,,1.0,False,False,False
scipy,regime_2samp,ranksums,BLBT,0.2573715143242199,0.7968919906532153,,1.0,False,False,False
scipy,regime_2samp,kruskal,BLBT,0.0662401283725544,0.796891942686569,,1.0,False,False,False
scipy,regime_2samp,brunnermunzel,BLBT,-0.2564439269032107,0.7977153198262407,,1.0,False,False,False
scipy,regime_2samp,mannwhitneyu,AETS,30764.5,0.823121939247361,,1.0,False,False,False
arch,unitroot,VarianceRatio_q5,FCSG,0.2280672683480341,0.8195939456250414,,1.0,False,False,False
arch,unitroot,DFGLS,FARS,0.9710625478821904,0.9205470661069138,,1.0,False,False,False
statsmodels,hetero,goldfeld_quandt,SMAH,0.8913960004556726,0.8167504273410537,,1.0,False,False,False
statsmodels,hetero,white,NPCK,0.3564252486381193,0.8367644880932481,,1.0,False,False,False
statsmodels,hetero,goldfeld_quandt,NPCK,0.8862930453747736,0.8284663663111902,,1.0,False,False,False
statsmodels,hetero,breusch_pagan,HETT,0.0125994639833605,0.9106272992015612,,1.0,False,False,False
statsmodels,hetero,white,HETT,0.3488550605917075,0.839937722061866,,1.0,False,False,False
statsmodels,hetero,goldfeld_quandt,HETT,0.9025422318430782,0.7897284000632369,,1.0,False,False,False
scipy,regime_2samp,ranksums,AETS,-0.2238418116137064,0.8228803943671367,,1.0,False,False,False
scipy,regime_2samp,kruskal,AETS,0.0501051832416281,0.822880348105919,,1.0,False,False,False
scipy,regime_2samp,brunnermunzel,AETS,0.2233166321370476,0.8233808407835426,,1.0,False,False,False
scipy,regime_2samp,ks_2samp,AETS,0.0531726907630522,0.8468105120381223,,1.0,False,False,False
scipy,regime_2samp,cramervonmises_2s,AETS,0.0648725000201153,0.7860958010973933,,1.0,False,False,False
scipy,regime_2samp,levene_var,AETS,0.1333948962600799,0.715093117141021,,1.0,False,False,False
scipy,regime_2samp,bartlett_var,AETS,0.1414137165343801,0.7068796121017109,,1.0,False,False,False
scipy,regime_2samp,fligner_var,AETS,0.1111210411261429,0.7388714383792335,,1.0,False,False,False
scipy,regime_2samp,mood_scale,AETS,-0.0818583516371993,0.9347593538207052,,1.0,False,False,False
scipy,regime_2samp,ansari_scale,AETS,30888.5,0.7105235559665467,,1.0,False,False,False
scipy,regime_2samp,ttest_ind,ULXY,0.3964235391248183,0.6919627506227539,,1.0,False,False,False
scipy,regime_2samp,welch_t,ULXY,0.3964007768544436,0.6919797099047262,,1.0,False,False,False
scipy,regime_2samp,mannwhitneyu,ULXY,31671.0,0.7348266324339194,,1.0,False,False,False
scipy,regime_2samp,ranksums,ULXY,0.3390225496285262,0.734592742915676,,1.0,False,False,False
statsmodels,hetero,white,DIHO,0.4327899896752289,0.805417103436263,,1.0,False,False,False
statsmodels,hetero,goldfeld_quandt,DIHO,0.8067477622170663,0.9540694350675976,,1.0,False,False,False
statsmodels,hetero,arch_lm,RTTH,0.6521141866445181,0.985493046369304,,1.0,False,False,False
statsmodels,hetero,white,RTTH,0.2684651636778982,0.874386674491122,,1.0,False,False,False
arch,unitroot,ZivotAndrews,ILVX,-3.361050546421813,0.7628858155069459,,1.0,False,False,False
scipy,regime_2samp,ttest_ind,AETS,0.1347997143887506,0.892824804518645,,1.0,False,False,False
scipy,regime_2samp,welch_t,AETS,0.1347932518660511,0.892829954007742,,1.0,False,False,False
scipy,regime_2samp,epps_singleton,HETT,1.5093783703732873,0.8249789184143853,,1.0,False,False,False
scipy,regime_2samp,mood_scale,EELT,-0.3722311583641635,0.7097207491821832,,1.0,False,False,False
scipy,regime_2samp,ansari_scale,EELT,31155.5,0.9684254763301504,,1.0,False,False,False
scipy,regime_2samp,levene_var,HUXZ,0.07903608032239,0.778724961262862,,1.0,False,False,False
scipy,regime_2samp,fligner_var,HUXZ,0.0618402440893002,0.8036106510957486,,1.0,False,False,False
scipy,regime_2samp,mood_scale,HUXZ,-0.0326170639588084,0.9739799619990436,,1.0,False,False,False
arch,unitroot,PP,NGTE,-0.4350381194365512,0.9040822548224088,,1.0,False,False,False
arch,unitroot,ZivotAndrews,NGTE,-3.294205061874831,0.7983626675115003,,1.0,False,False,False
statsmodels,hetero,white,SPLZ,0.6435472600893124,0.7248622587962708,,1.0,False,False,False
statsmodels,hetero,goldfeld_quandt,SPLZ,0.8465474576356535,0.9045906139164896,,1.0,False,False,False
statsmodels,hetero,breusch_pagan,NWIG,0.0993216357003786,0.7526452212953658,,1.0,False,False,False
statsmodels,hetero,white,NWIG,0.1021121328794336,0.950225393284178,,1.0,False,False,False
statsmodels,hetero,goldfeld_quandt,NWIG,0.9315735895741146,0.7111769450010533,,1.0,False,False,False
statsmodels,hetero,goldfeld_quandt,MMBT,0.8715591172343211,0.8598635849320093,,1.0,False,False,False
statsmodels,hetero,goldfeld_quandt,CUBO,0.8662010055867905,0.8703613803439169,,1.0,False,False,False
scipy,regime_2samp,ttest_ind,FWWG,0.3124202035861645,0.7548522357467575,,1.0,False,False,False
scipy,regime_2samp,welch_t,FWWG,0.3123704952222109,0.7548908935649681,,1.0,False,False,False
scipy,regime_2samp,mannwhitneyu,FWWG,31638.0,0.7503166451034672,,1.0,False,False,False
scipy,regime_2samp,ranksums,FWWG,0.318532175749879,0.7500812919100107,,1.0,False,False,False
scipy,regime_2samp,kruskal,FWWG,0.1014628449795868,0.7500811752523426,,1.0,False,False,False
scipy,regime_2samp,brunnermunzel,FWWG,-0.3178235220301745,0.7507540289319475,,1.0,False,False,False
scipy,regime_2samp,ks_2samp,FWWG,0.0536867469879518,0.8372116219532297,,1.0,False,False,False
scipy,regime_2samp,cramervonmises_2s,FWWG,0.0635108932724932,0.7946439725393832,,1.0,False,False,False
statsmodels,hetero,breusch_pagan,AGVF,0.012757866374976,0.9100696205327896,,1.0,False,False,False
statsmodels,hetero,white,AGVF,0.3041832374771541,0.8589095849234503,,1.0,False,False,False
statsmodels,hetero,breusch_pagan,RRES,0.0110117605197247,0.9164258501300414,,1.0,False,False,False
statsmodels,hetero,goldfeld_quandt,RRES,0.8916359039332857,0.816189282223337,,1.0,False,False,False
statsmodels,hetero,breusch_pagan,CTGI,0.063718689759497,0.8007121052050252,,1.0,False,False,False
arch,unitroot,ZivotAndrews,ITPA,-3.429432533178499,0.7234801363929653,,1.0,False,False,False
arch,unitroot,VarianceRatio_q5,ITPA,-0.1202842205095879,0.9042580035620572,,1.0,False,False,False
arch,unitroot,ADF,NGTE,-0.4553730759511898,0.9004348995297891,,1.0,False,False,False
scipy,regime_2samp,ks_2samp,DUCT,0.0504899598393574,0.8828217904231715,,1.0,False,False,False
scipy,regime_2samp,cramervonmises_2s,DUCT,0.0593697917924203,0.8207374432353338,,1.0,False,False,False
scipy,regime_2samp,epps_singleton,DUCT,1.8357282080396045,0.7659395850604487,,1.0,False,False,False
scipy,regime_2samp,levene_var,DUCT,0.0144496401114254,0.9043680228148993,,1.0,False,False,False
scipy,regime_2samp,bartlett_var,DUCT,0.0043814294869684,0.9472246734722208,,1.0,False,False,False
scipy,regime_2samp,fligner_var,DUCT,0.0368209782233915,0.8478299911093226,,1.0,False,False,False
scipy,regime_2samp,mood_scale,DUCT,0.3548166607993329,0.722726945938974,,1.0,False,False,False
scipy,regime_2samp,ansari_scale,DUCT,31110.0,0.9234497219501914,,1.0,False,False,False
statsmodels,hetero,goldfeld_quandt,ALUT,0.9403407912774708,0.6855378785405377,,1.0,False,False,False
statsmodels,hetero,breusch_pagan,ACAC,0.1420956417057783,0.7062064854378848,,1.0,False,False,False
statsmodels,hetero,breusch_pagan,SRTX,0.0470027699996625,0.8283632593414243,,1.0,False,False,False
statsmodels,hetero,white,SRTX,0.664238279214747,0.7174018467883967,,1.0,False,False,False
statsmodels,hetero,goldfeld_quandt,SRTX,0.711058831496,0.9962387534777204,,1.0,False,False,False
statsmodels,hetero,arch_lm,RCRI,3.0611504975370267,0.6905586013747292,,1.0,False,False,False
arch,unitroot,DFGLS,BLBT,0.5510725603043286,0.8487161706049118,,1.0,False,False,False
statsmodels,hetero,arch_lm,CCNS,1.850788333284563,0.8693820015878531,,1.0,False,False,False
statsmodels,hetero,goldfeld_quandt,CCNS,0.9091938546196462,0.7727148266732705,,1.0,False,False,False
arch,unitroot,VarianceRatio_q5,NAYO,-0.3544092003088637,0.7230322406110425,,1.0,False,False,False
arch,unitroot,VarianceRatio_q5,FWWG,-0.3418134860272829,0.7324912598582483,,1.0,False,False,False
arch,unitroot,VarianceRatio_q5,EELT,0.1107839003821804,0.9117877123914404,,1.0,False,False,False
arch,unitroot,ADF,HRND,-0.0649261768819046,0.952821889602995,,1.0,False,False,False
arch,unitroot,DFGLS,HRND,0.0274485522052113,0.7030060265321705,,1.0,False,False,False
arch,unitroot,PP,HRND,-0.3561596336770882,0.9171652477584766,,1.0,False,False,False
scipy,regime_2samp,ks_2samp,MTNS,0.0467791164658634,0.9284023098277456,,1.0,False,False,False
scipy,regime_2samp,cramervonmises_2s,MTNS,0.0636044780323743,0.7940556771901066,,1.0,False,False,False
scipy,regime_2samp,epps_singleton,MTNS,0.9571278894583388,0.9162256190580612,,1.0,False,False,False
scipy,regime_2samp,levene_var,MTNS,0.0604620661230016,0.8058686229563202,,1.0,False,False,False
scipy,regime_2samp,fligner_var,MTNS,0.0683985365980429,0.7936829395209469,,1.0,False,False,False
scipy,regime_2samp,mood_scale,MTNS,0.3410479422191165,0.733067490270018,,1.0,False,False,False
scipy,regime_2samp,ansari_scale,MTNS,31135.0,0.9481412859576204,,1.0,False,False,False
scipy,regime_2samp,mannwhitneyu,IHOZ,31689.0,0.7264222600573824,,1.0,False,False,False
scipy,regime_2samp,ranksums,IHOZ,0.3501991171986974,0.7261892692432861,,1.0,False,False,False
scipy,regime_2samp,kruskal,IHOZ,0.1226394216866992,0.7261892692433372,,1.0,False,False,False
scipy,regime_2samp,brunnermunzel,IHOZ,-0.3487741237238878,0.7274108461286458,,1.0,False,False,False
scipy,regime_2samp,kruskal,CCNS,0.0265663125265983,0.8705249256248745,,1.0,False,False,False
statsmodels,hetero,breusch_pagan,NAYO,0.0688358320034282,0.793039409104386,,1.0,False,False,False
statsmodels,hetero,goldfeld_quandt,FWWG,0.9244172669081048,0.7315148528717776,,1.0,False,False,False
statsmodels,hetero,arch_lm,EELT,2.582786305145656,0.7639789202762288,,1.0,False,False,False
statsmodels,hetero,breusch_pagan,HRND,0.004122832019854,0.9488035859065138,,1.0,False,False,False
arch,unitroot,ZivotAndrews,CCNS,-3.1697953817080253,0.853118686724217,,1.0,False,False,False
arch,unitroot,VarianceRatio_q5,CCNS,0.3786835486987871,0.7049228713508247,,1.0,False,False,False
arch,unitroot,ZivotAndrews,IHOZ,-3.437302276503722,0.7187478794325183,,1.0,False,False,False
scipy,regime_2samp,brunnermunzel,CCNS,-0.1624148661364311,0.8710464469729674,,1.0,False,False,False
scipy,regime_2samp,ks_2samp,CCNS,0.0618313253012048,0.6933273355460939,,1.0,False,False,False
scipy,regime_2samp,levene_var,SMAH,0.0385781553218857,0.8443670318303583,,1.0,False,False,False
scipy,regime_2samp,bartlett_var,SMAH,0.0205488598302296,0.8860147682574397,,1.0,False,False,False
scipy,regime_2samp,fligner_var,SMAH,0.0210622834082758,0.884609411594002,,1.0,False,False,False
scipy,regime_2samp,mood_scale,SMAH,0.3717275405340975,0.710095717683817,,1.0,False,False,False
scipy,regime_2samp,ansari_scale,SMAH,30887.0,0.7091369938165204,,1.0,False,False,False
scipy,regime_2samp,ttest_ind,NPCK,0.3784986549493682,0.7052218152739744,,1.0,False,False,False
scipy,regime_2samp,welch_t,NPCK,0.3784691549688285,0.705244008331529,,1.0,False,False,False
scipy,regime_2samp,mannwhitneyu,ACIX,31632.5,0.7529079635091627,,1.0,False,False,False
scipy,regime_2samp,ranksums,ACIX,0.3151171134367711,0.752672735321523,,1.0,False,False,False
scipy,regime_2samp,kruskal,ACIX,0.0992992075587282,0.7526722385340743,,1.0,False,False,False
scipy,regime_2samp,brunnermunzel,ACIX,-0.3140355403014104,0.7536263576140647,,1.0,False,False,False
scipy,regime_2samp,bartlett_var,ACIX,0.1277774183182032,0.7207477103362274,,1.0,False,False,False
statsmodels,hetero,arch_lm,ULXY,1.272821339366087,0.937703336821322,,1.0,False,False,False
statsmodels,hetero,breusch_pagan,ULXY,0.1549379846866944,0.6938604121521919,,1.0,False,False,False
statsmodels,hetero,white,ULXY,0.4306348556969873,0.806285462092686,,1.0,False,False,False
statsmodels,hetero,goldfeld_quandt,ULXY,0.9128707074849532,0.7630419162799618,,1.0,False,False,False
statsmodels,hetero,arch_lm,BLBT,0.9592974880426908,0.9657814515994094,,1.0,False,False,False
arch,unitroot,VarianceRatio_q5,GARI,-0.3994880051038801,0.6895336602451203,,1.0,False,False,False
arch,unitroot,PP,SRTX,-0.7065806298602172,0.8450376350300419,,1.0,False,False,False
arch,unitroot,VarianceRatio_q5,SRTX,-0.1989235377078811,0.8423225570208179,,1.0,False,False,False
arch,unitroot,PP,GARI,-1.1748068774070397,0.6843382015309082,,1.0,False,False,False
statsmodels,hetero,goldfeld_quandt,BENI,0.8840807334937084,0.833413332744931,,1.0,False,False,False
statsmodels,hetero,white,ITPA,0.3962662951530588,0.8202606301515772,,1.0,False,False,False
statsmodels,hetero,arch_lm,HTRK,1.4449509713244322,0.919333694246676,,1.0,False,False,False
statsmodels,hetero,breusch_pagan,HTRK,0.0656756601224705,0.7977403309622952,,1.0,False,False,False
statsmodels,hetero,white,HTRK,0.0745747604161973,0.9633992336906708,,1.0,False,False,False
statsmodels,hetero,arch_lm,NGTE,1.197609682652884,0.9451064780872228,,1.0,False,False,False
statsmodels,hetero,breusch_pagan,NGTE,0.0738308653140326,0.7858385856296888,,1.0,False,False,False
statsmodels,hetero,arch_lm,FARS,1.374888409185503,0.9270403762271162,,1.0,False,False,False
statsmodels,hetero,breusch_pagan,FARS,0.0319492181243773,0.8581391565128346,,1.0,False,False,False
statsmodels,hetero,white,FARS,0.3502807720743113,0.839339180996422,,1.0,False,False,False
statsmodels,hetero,goldfeld_quandt,FARS,0.7688402728037245,0.9804175626310628,,1.0,False,False,False
statsmodels,hetero,breusch_pagan,MHRM,0.1332769114914677,0.7150583296171912,,1.0,False,False,False
statsmodels,hetero,white,MHRM,0.5982552420567885,0.7414647768992422,,1.0,False,False,False
statsmodels,hetero,goldfeld_quandt,MHRM,0.799784792128522,0.9602474418164282,,1.0,False,False,False
statsmodels,hetero,arch_lm,EAFC,2.7647975663856013,0.7361914907395739,,1.0,False,False,False
statsmodels,hetero,breusch_pagan,EAFC,0.1364340163012358,0.7118521381595776,,1.0,False,False,False
statsmodels,hetero,white,EAFC,0.1836930084744633,0.912245164566326,,1.0,False,False,False
arch,unitroot,DFGLS,ACAC,0.5574461920538045,0.8500895642811428,,1.0,False,False,False
arch,unitroot,PP,ACAC,-0.5255041695255945,0.8869427068244811,,1.0,False,False,False
arch,unitroot,ADF,SRTX,-0.628763709956762,0.8643492609554946,,1.0,False,False,False
scipy,regime_2samp,ttest_ind,CCNS,-0.0558237114614704,0.9555046794063357,,1.0,False,False,False
scipy,regime_2samp,welch_t,CCNS,-0.0558146503616058,0.9555120556295216,,1.0,False,False,False
scipy,regime_2samp,mannwhitneyu,CCNS,31387.5,0.8707693748006654,,1.0,False,False,False
scipy,regime_2samp,ranksums,CCNS,0.1629916103983299,0.8705250402716198,,1.0,False,False,False
scipy,regime_2samp,ttest_ind,RCRI,-0.204238041418121,0.8382510911322522,,1.0,False,False,False
scipy,regime_2samp,welch_t,RCRI,-0.2042686605629063,0.8382275951933004,,1.0,False,False,False
scipy,regime_2samp,mannwhitneyu,RCRI,30736.0,0.8093787335826909,,1.0,False,False,False
scipy,regime_2samp,ranksums,RCRI,-0.2415380435998108,0.8091381346041244,,1.0,False,False,False
scipy,regime_2samp,kruskal,RCRI,0.0583406265059238,0.8091381346042852,,1.0,False,False,False
scipy,regime_2samp,brunnermunzel,RCRI,0.2408383779676192,0.8097811775722816,,1.0,False,False,False
scipy,regime_2samp,epps_singleton,RCRI,2.076787145231095,0.7216380804553145,,1.0,False,False,False
scipy,regime_2samp,ttest_ind,ACIX,0.1376862871778098,0.8905441200070022,,1.0,False,False,False
statsmodels,spec,harvey_collier,ALGO,0.3252202515143926,0.745151796227611,,1.0,False,False,False
statsmodels,spec,reset,AENO,0.0015120093039839,0.9689980691934148,,1.0,False,False,False
statsmodels,spec,harvey_collier,AENO,0.0982000350138441,0.9218132058197508,,1.0,False,False,False
statsmodels,spec,rainbow,AENO,0.8438013741352889,0.9093830962597528,,1.0,False,False,False
statsmodels,spec,reset,LSST,0.0690991782477862,0.7927620706341711,,1.0,False,False,False
statsmodels,spec,rainbow,LSST,0.7946241271502482,0.9647574756368696,,1.0,False,False,False
statsmodels,spec,reset,SRNA,0.1600728148101028,0.6892617363491289,,1.0,False,False,False
statsmodels,spec,harvey_collier,SRNA,-0.1022412365987133,0.9186066006130944,,1.0,False,False,False
statsmodels,spec,rainbow,ELLT,0.9178154376859344,0.7503099374836723,,1.0,False,False,False
arch,unitroot,VarianceRatio_q5,CTGI,-0.0532954633952447,0.9574964947527836,,1.0,False,False,False
arch,unitroot,ADF,ACAC,-0.2925865691408119,0.926547753021668,,1.0,False,False,False
statsmodels,hetero,arch_lm,FCSG,0.918781738078533,0.9688470407109354,,1.0,False,False,False
arch,unitroot,ADF,RRES,-1.0889955994121758,0.7194403224661167,,1.0,False,False,False
arch,unitroot,PP,RRES,-1.1664492632850425,0.68785937968095,,1.0,False,False,False
statsmodels,spec,reset,OTCS,0.0684460482796081,0.7937215186370074,,1.0,False,False,False
statsmodels,spec,reset,HETT,0.020498146157265,0.8862126948497725,,1.0,False,False,False
statsmodels,spec,rainbow,HETT,0.7747076064234423,0.9776790613635478,,1.0,False,False,False
statsmodels,spec,reset,HUXZ,0.0999248943900587,0.7520527607828582,,1.0,False,False,False
statsmodels,spec,harvey_collier,HUXZ,-0.3409516619934022,0.733284637250329,,1.0,False,False,False
statsmodels,spec,harvey_collier,DUCT,-0.1503289248531479,0.8805663491194635,,1.0,False,False,False
statsmodels,spec,rainbow,DUCT,0.9053170429920792,0.7833001119665635,,1.0,False,False,False
statsmodels,spec,reset,ALGO,0.1439388162773188,0.7045586470342597,,1.0,False,False,False
scipy,regime_2samp,welch_t,ACIX,0.1376925623383663,0.8905391824337475,,1.0,False,False,False
scipy,regime_2samp,mood_scale,SRTX,0.2696449978663256,0.7874333788185917,,1.0,False,False,False
scipy,regime_2samp,ansari_scale,SRTX,30887.0,0.7091369938165204,,1.0,False,False,False
scipy,regime_2samp,ttest_ind,GARI,-0.3954670509673612,0.6926679230376608,,1.0,False,False,False
scipy,regime_2samp,welch_t,GARI,-0.3954909180124823,0.6926504388028191,,1.0,False,False,False
scipy,regime_2samp,ks_2samp,GARI,0.0582811244979919,0.7566536425624099,,1.0,False,False,False
scipy,regime_2samp,cramervonmises_2s,GARI,0.0634186525661704,0.7952239175145874,,1.0,False,False,False
scipy,regime_2samp,epps_singleton,GARI,0.9917350013933608,0.9110466330991964,,1.0,False,False,False
scipy,regime_2samp,levene_var,GARI,0.1526745799867122,0.6961598567989374,,1.0,False,False,False
scipy,regime_2samp,mood_scale,GARI,-0.3596191361417841,0.7191319711554477,,1.0,False,False,False
statsmodels,spec,harvey_collier,NPCK,-0.1086180203917838,0.9135494818200804,,1.0,False,False,False
statsmodels,spec,harvey_collier,MSDP,-0.3922497318049976,0.695042534051037,,1.0,False,False,False
statsmodels,spec,rainbow,EORC,0.9071484929056391,0.7786021980911969,,1.0,False,False,False
statsmodels,spec,reset,CUBO,0.020237262584016,0.8869341967860371,,1.0,False,False,False
arch,unitroot,ZivotAndrews,MDGI,-2.337342027140151,0.9911110536776856,,1.0,False,False,False
arch,unitroot,ADF,AGVF,-1.138284637774943,0.6995655609902345,,1.0,False,False,False
arch,unitroot,DFGLS,AGVF,0.2233077056216276,0.7651133839353249,,1.0,False,False,False
arch,unitroot,VarianceRatio_q5,AGVF,-0.285961884757809,0.7749073145951937,,1.0,False,False,False
statsmodels,spec,reset,ALUT,0.0075269998215923,0.930898659534123,,1.0,False,False,False
statsmodels,spec,rainbow,HRET,0.8331324500243348,0.9246407817647948,,1.0,False,False,False
statsmodels,spec,harvey_collier,ANSO,-0.3242225807364727,0.7459064839250367,,1.0,False,False,False
statsmodels,spec,rainbow,ANSO,0.8707611242179321,0.8620595580177175,,1.0,False,False,False
statsmodels,spec,reset,DIHO,0.0203570248026174,0.8866023957393646,,1.0,False,False,False
statsmodels,spec,harvey_collier,DIHO,0.0158482374309426,0.9873618509348652,,1.0,False,False,False
statsmodels,spec,rainbow,DIHO,0.821538052309746,0.9390853549160016,,1.0,False,False,False
statsmodels,spec,harvey_collier,RTTH,0.0545012194597615,0.9565578264790456,,1.0,False,False,False
statsmodels,spec,rainbow,RTTH,0.8670401710254091,0.8693462569200803,,1.0,False,False,False
statsmodels,spec,reset,NWIG,0.1616209370391906,0.6878417005202904,,1.0,False,False,False
statsmodels,spec,harvey_collier,NWIG,-0.0854657803226839,0.931925655867608,,1.0,False,False,False
statsmodels,spec,harvey_collier,SMAH,0.0495330622445733,0.9605144694783972,,1.0,False,False,False
statsmodels,spec,rainbow,SMAH,0.9159943704035988,0.7552483699582255,,1.0,False,False,False
statsmodels,spec,reset,NPCK,0.0351589548739657,0.8513396479059873,,1.0,False,False,False
scipy,regime_2samp,ansari_scale,GARI,31359.5,0.8307412686548392,,1.0,False,False,False
scipy,regime_2samp,ks_2samp,SRTX,0.0533493975903615,0.8435721077470886,,1.0,False,False,False
scipy,regime_2samp,cramervonmises_2s,SRTX,0.0588470434845618,0.8240329342187412,,1.0,False,False,False
scipy,regime_2samp,epps_singleton,SRTX,0.8823472039407722,0.9270796275923616,,1.0,False,False,False
scipy,regime_2samp,levene_var,SRTX,0.0572149209699977,0.8110518948571943,,1.0,False,False,False
scipy,regime_2samp,bartlett_var,SRTX,0.0004440300334588,0.9831882046187428,,1.0,False,False,False
scipy,regime_2samp,fligner_var,SRTX,0.040990284242968,0.8395566770996344,,1.0,False,False,False
scipy,regime_2samp,epps_singleton,ALUT,0.6482978486753291,0.957548417591351,,1.0,False,False,False
scipy,regime_2samp,levene_var,ALUT,0.0640833577957935,0.8002593652125508,,1.0,False,False,False
scipy,regime_2samp,bartlett_var,ALUT,0.0927041680843096,0.7607671090018776,,1.0,False,False,False
arch,unitroot,ADF,NWIG,-0.6069853501192748,0.8693957988609078,,1.0,False,False,False
arch,unitroot,DFGLS,NWIG,0.0776373844938244,0.7197527308816211,,1.0,False,False,False
arch,unitroot,PP,NWIG,-0.5552540697576168,0.8807756744278845,,1.0,False,False,False
arch,unitroot,ZivotAndrews,NWIG,-3.3682661660322304,0.7590562753252148,,1.0,False,False,False
arch,unitroot,VarianceRatio_q5,NWIG,0.2971247840027221,0.7663712434314842,,1.0,False,False,False
statsmodels,spec,harvey_collier,MMBT,-0.3602714570056974,0.718797815294467,,1.0,False,False,False
statsmodels,spec,reset,MDGI,0.0545244737634272,0.8154658102049392,,1.0,False,False,False
statsmodels,spec,reset,AGVF,0.1086741208922583,0.7417978794232383,,1.0,False,False,False
statsmodels,spec,rainbow,RRES,0.8927203188017458,0.8142481658728543,,1.0,False,False,False
statsmodels,spec,harvey_collier,CTGI,-0.1964656969204407,0.84432631267624,,1.0,False,False,False
statsmodels,spec,harvey_collier,ACAC,-0.3459580759317782,0.7295212108554947,,1.0,False,False,False
statsmodels,spec,reset,SRTX,0.006284392262639,0.9368465322965096,,1.0,False,False,False
statsmodels,spec,harvey_collier,GARI,0.0936738023072935,0.9254061842721444,,1.0,False,False,False
statsmodels,spec,harvey_collier,RCRI,0.2472582517839896,0.8048108854990778,,1.0,False,False,False
statsmodels,spec,reset,ACIX,0.152313592173048,0.6965016873870533,,1.0,False,False,False
statsmodels,spec,harvey_collier,ACIX,0.1293524542469269,0.8971313101319897,,1.0,False,False,False
arch,unitroot,DFGLS,SPLZ,0.2002570033227223,0.7582658077992275,,1.0,False,False,False
arch,unitroot,PP,SPLZ,-0.5349346916821409,0.8850170634996061,,1.0,False,False,False
arch,unitroot,ZivotAndrews,SPLZ,-3.198656141373593,0.8409857529372371,,1.0,False,False,False
arch,unitroot,VarianceRatio_q5,SPLZ,-0.1463532322261268,0.8836425449681595,,1.0,False,False,False
scipy,regime_2samp,fligner_var,ALUT,0.0574596263849776,0.8105571159693882,,1.0,False,False,False
scipy,regime_2samp,mood_scale,ALUT,0.3618820015891608,0.7174402103511917,,1.0,False,False,False
scipy,regime_2samp,ansari_scale,ALUT,31015.0,0.8304994853560015,,1.0,False,False,False
scipy,regime_2samp,ttest_ind,MSDP,-0.3352225671263431,0.7375986444440041,,1.0,False,False,False
scipy,regime_2samp,welch_t,MSDP,-0.3352650039654181,0.7375671473165792,,1.0,False,False,False
scipy,regime_2samp,mannwhitneyu,MSDP,30633.5,0.7604632269732259,,1.0,False,False,False
scipy,regime_2samp,ranksums,MSDP,-0.30518238670773,0.7602272463080999,,1.0,False,False,False
scipy,regime_2samp,kruskal,MSDP,0.0931366669475093,0.7602267749214227,,1.0,False,False,False
scipy,regime_2samp,brunnermunzel,MSDP,0.3046867502681954,0.7607324573447077,,1.0,False,False,False
scipy,regime_2samp,ks_2samp,MSDP,0.0427951807228914,0.9641948113862884,,1.0,False,False,False
scipy,regime_2samp,cramervonmises_2s,MSDP,0.0434234171153491,0.9172982214056972,,1.0,False,False,False
scipy,regime_2samp,epps_singleton,CTGI,1.1855946175461494,0.880464627872539,,1.0,False,False,False
statsmodels,spec,reset,CCNS,0.1380039250937932,0.7104321345219119,,1.0,False,False,False
statsmodels,spec,rainbow,CCNS,0.9004994011039776,0.7954223795288545,,1.0,False,False,False
statsmodels,spec,harvey_collier,IHOZ,-0.2479596441669643,0.8042684571870727,,1.0,False,False,False
statsmodels,spec,harvey_collier,NAYO,-0.2656399120762887,0.790627140904928,,1.0,False,False,False
statsmodels,spec,rainbow,NAYO,0.8498176150784131,0.8999211767594648,,1.0,False,False,False
statsmodels,spec,harvey_collier,FWWG,0.1674019840655969,0.8671221302977502,,1.0,False,False,False
arch,unitroot,ADF,SPLZ,-0.7388443604301941,0.8364298351675518,,1.0,False,False,False
scipy,regime_2samp,levene_var,CTGI,0.0332231500206666,0.8554434459266403,,1.0,False,False,False
scipy,regime_2samp,bartlett_var,CTGI,0.0022560235055974,0.9621166305179754,,1.0,False,False,False
scipy,regime_2samp,fligner_var,CTGI,0.0302994104181556,0.8618126044201878,,1.0,False,False,False
scipy,regime_2samp,mood_scale,CTGI,-0.1915674190843138,0.848081065593997,,1.0,False,False,False
scipy,regime_2samp,ansari_scale,CTGI,31444.0,0.7499647857691157,,1.0,False,False,False
scipy,regime_2samp,ttest_ind,ALUT,-0.2983934804597016,0.7655275753415214,,1.0,False,False,False
scipy,regime_2samp,welch_t,ALUT,-0.2983818971966027,0.765536477792515,,1.0,False,False,False
scipy,regime_2samp,ks_2samp,ALUT,0.0506827309236946,0.8797544642250337,,1.0,False,False,False
scipy,regime_2samp,cramervonmises_2s,ALUT,0.0543623149914225,0.8521767169546178,,1.0,False,False,False
scipy,regime_2samp,kruskal,RRES,0.1181156290060287,0.7310872966011508,,1.0,False,False,False
scipy,regime_2samp,brunnermunzel,RRES,0.3429850395120384,0.7317547630499497,,1.0,False,False,False
statsmodels,spec,harvey_collier,BLBT,0.3199604545622206,0.749133313946754,,1.0,False,False,False
statsmodels,spec,reset,BENI,0.0042588202257519,0.9479935726173584,,1.0,False,False,False
arch,unitroot,ADF,CUBO,-0.7250093848610356,0.84016476403819,,1.0,False,False,False
arch,unitroot,DFGLS,CUBO,0.10221102448327,0.7277478008680132,,1.0,False,False,False
arch,unitroot,PP,CUBO,-0.7092025367382269,0.8443514518391207,,1.0,False,False,False
scipy,regime_2samp,cramervonmises_2s,RRES,0.0630966269889228,0.7972493214937201,,1.0,False,False,False
scipy,regime_2samp,epps_singleton,RRES,1.0921851932559508,0.8955101223871464,,1.0,False,False,False
scipy,regime_2samp,levene_var,RRES,0.0048637854739007,0.9444279824676476,,1.0,False,False,False
scipy,regime_2samp,bartlett_var,RRES,0.0970227132336608,0.7554321786413671,,1.0,False,False,False
scipy,regime_2samp,fligner_var,RRES,0.0032259544580282,0.9547065162932576,,1.0,False,False,False
scipy,regime_2samp,mood_scale,RRES,-0.2163314317735845,0.8287294100797997,,1.0,False,False,False
scipy,regime_2samp,mannwhitneyu,AGVF,30776.0,0.8286831629939744,,1.0,False,False,False
scipy,regime_2samp,ranksums,AGVF,-0.2167012267772081,0.8284411918921413,,1.0,False,False,False
scipy,regime_2samp,kruskal,AGVF,0.046959421686779,0.8284411918920835,,1.0,False,False,False
statsmodels,break,cusum_olsresid,AENO,0.6512680416401898,0.790046492573932,,1.0,False,False,False
statsmodels,break,cusum_olsresid,LSST,0.5950872071693395,0.8707202437470027,,1.0,False,False,False
statsmodels,break,cusum_olsresid,ELLT,0.4690583567490953,0.9803830623309562,,1.0,False,False,False
statsmodels,break,cusum_olsresid,AMRP,0.5534056955545805,0.9193554512401786,,1.0,False,False,False
statsmodels,spec,reset,ITPA,0.0058173072388602,0.939234033524685,,1.0,False,False,False
statsmodels,spec,harvey_collier,ITPA,-0.3129019645184483,0.7544869312213194,,1.0,False,False,False
statsmodels,spec,rainbow,ITPA,0.9256079409896322,0.7287089487661318,,1.0,False,False,False
statsmodels,spec,rainbow,HTRK,0.9317319265249157,0.7112361799666769,,1.0,False,False,False
statsmodels,spec,rainbow,NGTE,0.8825447621425266,0.8374094429745815,,1.0,False,False,False
statsmodels,spec,harvey_collier,ILVX,-0.0709459964723912,0.9434693893356528,,1.0,False,False,False
statsmodels,break,cusum_olsresid,HRET,0.6879589410029034,0.7311757176026423,,1.0,False,False,False
statsmodels,break,cusum_olsresid,ANSO,0.6573474672530171,0.7805451413226054,,1.0,False,False,False
statsmodels,break,cusum_olsresid,DIHO,0.5283843889534913,0.9428448478216598,,1.0,False,False,False
statsmodels,break,cusum_olsresid,RTTH,0.4120712821307976,0.9957464232671844,,1.0,False,False,False
statsmodels,break,cusum_olsresid,SPLZ,0.5745922420958794,0.8960332486679631,,1.0,False,False,False
statsmodels,break,cusum_olsresid,NWIG,0.7111863468980243,0.6925416174602945,,1.0,False,False,False
statsmodels,break,cusum_olsresid,MMBT,0.5171075894094563,0.9519369742026776,,1.0,False,False,False
statsmodels,spec,reset,FARS,0.1228271035509524,0.7261370546845414,,1.0,False,False,False
statsmodels,spec,reset,MHRM,0.105837607156664,0.7450708416760845,,1.0,False,False,False
statsmodels,spec,harvey_collier,EAFC,0.1461841564580417,0.8838355247379296,,1.0,False,False,False
statsmodels,break,cusum_olsresid,ALGO,0.4642780180775352,0.9823528685884284,,1.0,False,False,False
scipy,regime_2samp,brunnermunzel,AGVF,0.2162790437305451,0.8288590310039551,,1.0,False,False,False
scipy,regime_2samp,ks_2samp,AGVF,0.0484819277108434,0.9122783957768548,,1.0,False,False,False
scipy,regime_2samp,cramervonmises_2s,AGVF,0.0466291297454404,0.8990737192960001,,1.0,False,False,False
scipy,regime_2samp,levene_var,AGVF,7.461484516501279e-05,0.9931114341700924,,1.0,False,False,False
scipy,regime_2samp,bartlett_var,AGVF,0.0773159741925392,0.7809682185358399,,1.0,False,False,False
scipy,regime_2samp,fligner_var,AGVF,0.0001177816489686,0.9913409479273468,,1.0,False,False,False
scipy,regime_2samp,mood_scale,AGVF,0.2386954138321252,0.811341773211573,,1.0,False,False,False
scipy,regime_2samp,ansari_scale,AGVF,30985.0,0.8015700260114964,,1.0,False,False,False
scipy,regime_2samp,mannwhitneyu,RRES,30571.5,0.7313208148384382,,1.0,False,False,False
scipy,regime_2samp,ranksums,RRES,-0.3436794527827642,0.7310873652540976,,1.0,False,False,False
scipy,regime_2samp,ttest_ind,AGVF,0.1724714901050912,0.8631370832663576,,1.0,False,False,False
scipy,regime_2samp,welch_t,AGVF,0.1724776048376087,0.8631322920640462,,1.0,False,False,False
statsmodels,break,cusum_olsresid,ACIX,0.5263291629116708,0.9445717370446066,,1.0,False,False,False
statsmodels,break,cusum_olsresid,CCNS,0.5199300295519576,0.9497492879267196,,1.0,False,False,False
statsmodels,break,cusum_olsresid,MTNS,0.4065950094232745,0.996460063932468,,1.0,False,False,False
statsmodels,break,cusum_olsresid,IHOZ,0.6247826679098184,0.8298680661719486,,1.0,False,False,False
statsmodels,break,cusum_olsresid,NAYO,0.3505674150095973,0.9996876259926216,,1.0,False,False,False
statsmodels,break,cusum_olsresid,FWWG,0.4744153237313219,0.978001918097484,,1.0,False,False,False
statsmodels,break,cusum_olsresid,EELT,0.3723326562274744,0.9990809985496324,,1.0,False,False,False
statsmodels,break,cusum_olsresid,OTCS,0.6595169018698471,0.7771265667246642,,1.0,False,False,False
statsmodels,break,cusum_olsresid,HETT,0.6558905009119107,0.7828329184384868,,1.0,False,False,False
statsmodels,break,cusum_olsresid,HUXZ,0.5423580426075807,0.9302836947553056,,1.0,False,False,False
statsmodels,break,cusum_olsresid,NPCK,0.634699573287813,0.8152845152820217,,1.0,False,False,False
statsmodels,break,cusum_olsresid,MSDP,0.5933541386648186,0.872958375086826,,1.0,False,False,False
statsmodels,break,cusum_olsresid,EORC,0.6218777381234915,0.8340578771342705,,1.0,False,False,False
statsmodels,break,cusum_olsresid,CUBO,0.5864335582350033,0.8817201877680679,,1.0,False,False,False
arch,unitroot,PP,MSDP,-0.8014512225483944,0.8186954102561332,,1.0,False,False,False
arch,unitroot,VarianceRatio_q5,MSDP,-0.0073945625656321,0.9941000464628464,,1.0,False,False,False
arch,unitroot,ADF,EORC,-0.2166773170943371,0.9365043093189944,,1.0,False,False,False
arch,unitroot,PP,EORC,-0.0586286899649254,0.953406522072047,,1.0,False,False,False
arch,unitroot,ZivotAndrews,EORC,-2.814147376487484,0.9526277365970386,,1.0,False,False,False
statsmodels,break,cusum_olsresid,MDGI,0.3959677561423141,0.9975778645493945,,1.0,False,False,False
statsmodels,break,cusum_olsresid,RRES,0.6053932454483362,0.8570618631236915,,1.0,False,False,False
statsmodels,break,cusum_olsresid,CTGI,0.470003080516614,0.9799766213233267,,1.0,False,False,False
statsmodels,break,cusum_olsresid,ALUT,0.502676684177327,0.9622073716865538,,1.0,False,False,False
statsmodels,break,cusum_olsresid,ACAC,0.4857970982524038,0.9723095601796752,,1.0,False,False,False
statsmodels,break,cusum_olsresid,SRTX,0.5119305010344618,0.9557971971058832,,1.0,False,False,False
statsmodels,break,cusum_olsresid,GARI,0.5261691843156365,0.9447048538143508,,1.0,False,False,False
statsmodels,break,cusum_olsresid,RCRI,0.6209447870270286,0.8353952326286556,,1.0,False,False,False
statsmodels,break,cusum_olsresid,AETS,0.671871629272388,0.7574040271559984,,1.0,False,False,False
statsmodels,break,cusum_olsresid,ULXY,0.4303324153792254,0.9925520634383926,,1.0,False,False,False
statsmodels,break,cusum_olsresid,BLBT,0.4058121445674071,0.996553994283452,,1.0,False,False,False
statsmodels,break,cusum_olsresid,BENI,0.4867636473565286,0.971785405752682,,1.0,False,False,False
statsmodels,break,cusum_olsresid,ITPA,0.3949146708047182,0.997671341520026,,1.0,False,False,False
statsmodels,break,cusum_olsresid,HTRK,0.4391034238554391,0.9905004492489056,,1.0,False,False,False
statsmodels,break,cusum_olsresid,NGTE,0.6621263749676018,0.772996042434509,,1.0,False,False,False
statsmodels,break,cusum_olsresid,FCSG,0.4316773693195355,0.9922610623259944,,1.0,False,False,False
statsmodels,break,cusum_olsresid,FARS,0.4699602536135053,0.9799951703024676,,1.0,False,False,False
statsmodels,break,cusum_olsresid,MHRM,0.424580449559137,0.9937055622654978,,1.0,False,False,False
statsmodels,break,cusum_olsresid,EAFC,0.6007262544492811,0.8633196690413878,,1.0,False,False,False
statsmodels,normality,omni_normtest,ALGO,0.7012792655922336,0.7042374922293252,,1.0,False,False,False
arch,unitroot,DFGLS,NPCK,0.3113186114245689,0.7900909295818408,,1.0,False,False,False
arch,unitroot,PP,NPCK,-1.0587950213989994,0.7312212857253788,,1.0,False,False,False
arch,unitroot,ADF,MSDP,-0.855123078939279,0.8023917423820986,,1.0,False,False,False
arch,unitroot,DFGLS,MSDP,0.3406119002450254,0.7979914029595939,,1.0,False,False,False
scipy,regime_2samp,epps_singleton,CUBO,1.108346527328672,0.8929456853296964,,1.0,False,False,False
scipy,regime_2samp,levene_var,CUBO,0.0142073869414051,0.9051692336468437,,1.0,False,False,False
scipy,regime_2samp,bartlett_var,CUBO,0.0743018313299642,0.7851733026034058,,1.0,False,False,False
scipy,regime_2samp,fligner_var,CUBO,0.0022622493907878,0.962064433044732,,1.0,False,False,False
scipy,regime_2samp,mood_scale,CUBO,0.0582557726261933,0.9535448959812456,,1.0,False,False,False
scipy,regime_2samp,ansari_scale,CUBO,31220.0,0.9676824493672196,,1.0,False,False,False
scipy,regime_2samp,mood_scale,NWIG,0.1632491762028187,0.8703222484888157,,1.0,False,False,False
scipy,regime_2samp,ansari_scale,NWIG,31112.0,0.9254246229843148,,1.0,False,False,False
scipy,regime_2samp,epps_singleton,ANSO,2.0280403356794223,0.7306013186250165,,1.0,False,False,False
scipy,regime_2samp,levene_var,ANSO,0.1251732748551517,0.7236400440933298,,1.0,False,False,False
scipy,regime_2samp,fligner_var,ANSO,0.0425933980893238,0.8364927795690749,,1.0,False,False,False
arch,unitroot,VarianceRatio_q5,SMAH,-0.1405393646148341,0.8882338526380356,,1.0,False,False,False
arch,unitroot,ADF,NPCK,-0.8888639004014359,0.7916175704464015,,1.0,False,False,False
statsmodels,normality,omni_normtest,ELLT,0.2906114851619426,0.8647578593886323,,1.0,False,False,False
statsmodels,normality,omni_normtest,OTCS,0.2038540790753117,0.903095439526052,,1.0,False,False,False
statsmodels,normality,omni_normtest,HUXZ,0.0591396938301298,0.9708630634829822,,1.0,False,False,False
statsmodels,normality,omni_normtest,EORC,0.2528265234105473,0.8812505844014706,,1.0,False,False,False
statsmodels,normality,omni_normtest,CUBO,0.5195796603096682,0.7712136546263627,,1.0,False,False,False
statsmodels,break,cusum_olsresid,HRND,0.5712788287868841,0.8998786635712538,,1.0,False,False,False
scipy,regime_2samp,mood_scale,ANSO,0.1306128350194484,0.8960815888365028,,1.0,False,False,False
scipy,regime_2samp,ansari_scale,ANSO,31296.0,0.892695319923227,,1.0,False,False,False
scipy,regime_2samp,ttest_ind,DIHO,0.11016722679335,0.912321223494244,,1.0,False,False,False
scipy,regime_2samp,welch_t,DIHO,0.1101570483871123,0.9123294026454092,,1.0,False,False,False
scipy,regime_2samp,mannwhitneyu,DIHO,31102.5,0.9891009396264886,,1.0,False,False,False
scipy,regime_2samp,ranksums,DIHO,-0.0139707094627139,0.9888533492193105,,1.0,False,False,False
scipy,regime_2samp,kruskal,DIHO,0.0001951842101803,0.988853249647778,,1.0,False,False,False
scipy,regime_2samp,brunnermunzel,DIHO,0.0139346251052193,0.9888877588569366,,1.0,False,False,False
statsmodels,normality,omni_normtest,MTNS,0.0025843985559311,0.998708635252023,,1.0,False,False,False
arch,unitroot,VarianceRatio_q5,HUXZ,0.1300228244668799,0.8965483686649978,,1.0,False,False,False
arch,unitroot,ADF,DUCT,-0.5782551828351432,0.8758201542381363,,1.0,False,False,False
arch,unitroot,PP,DUCT,-0.5473298659021897,0.8824448331015706,,1.0,False,False,False
scipy,regime_2samp,ks_2samp,NWIG,0.0567871485943776,0.7884740459038312,,1.0,False,False,False
scipy,regime_2samp,cramervonmises_2s,NWIG,0.0601260995887287,0.8159681135297944,,1.0,False,False,False
scipy,regime_2samp,levene_var,NWIG,0.0464442313561835,0.8294587221241955,,1.0,False,False,False
scipy,regime_2samp,bartlett_var,NWIG,0.1358120868410343,0.712480380095474,,1.0,False,False,False
scipy,regime_2samp,fligner_var,NWIG,0.0603943795340604,0.8058736899708621,,1.0,False,False,False
scipy,regime_2samp,epps_singleton,RTTH,1.4927040921636534,0.8279330553180114,,1.0,False,False,False
scipy,regime_2samp,mannwhitneyu,SPLZ,31679.0,0.7310873652540976,,1.0,False,False,False
scipy,regime_2samp,ranksums,SPLZ,0.3439899129930467,0.7308538719862607,,1.0,False,False,False
scipy,regime_2samp,kruskal,SPLZ,0.118329060240967,0.7308538719862572,,1.0,False,False,False
arch,unitroot,DFGLS,HUXZ,0.1986562399110021,0.7577855996279999,,1.0,False,False,False
arch,unitroot,PP,HUXZ,-0.7794279419310041,0.8250903952561516,,1.0,False,False,False
statsmodels,normality,omni_normtest,HRND,0.2972270475746283,0.8619021552193871,,1.0,False,False,False
statsmodels,normality,omni_normtest,BLBT,0.1713553911475774,0.91789002356737,,1.0,False,False,False
statsmodels,normality,omni_normtest,BENI,0.654487067040207,0.7209081563458675,,1.0,False,False,False
statsmodels,normality,omni_normtest,HTRK,0.3481847131939817,0.8402192942801489,,1.0,False,False,False
statsmodels,normality,omni_normtest,FARS,0.4430687949855778,0.8012883593633291,,1.0,False,False,False
statsmodels,normality,omni_normtest,SPLZ,0.3990333484013127,0.8191265624183882,,1.0,False,False,False
statsmodels,normality,omni_normtest,NWIG,0.4019281524093719,0.8179418146004075,,1.0,False,False,False
statsmodels,model,ar1_coef,LSST,0.0108094943772317,0.8030282497225549,,1.0,False,False,False
statsmodels,model,ar1_coef,SMAH,0.0061235077252157,0.8937868304057637,,1.0,False,False,False
statsmodels,model,ar1_coef,MSDP,-0.0103473884830119,0.827586901679984,,1.0,False,False,False
arch,unitroot,VarianceRatio_q5,AMRP,0.0591605809043872,0.9528242065031156,,1.0,False,False,False
arch,unitroot,ADF,OTCS,-0.9499177907316247,0.7710898640839707,,1.0,False,False,False
arch,unitroot,DFGLS,OTCS,0.2821888594898971,0.7820296715891004,,1.0,False,False,False
arch,unitroot,PP,OTCS,-0.8503258654158029,0.8038906361675784,,1.0,False,False,False
arch,unitroot,VarianceRatio_q5,OTCS,0.2844890733562156,0.776035606465324,,1.0,False,False,False
arch,unitroot,ZivotAndrews,HETT,-2.818514991977144,0.951977212991191,,1.0,False,False,False
arch,unitroot,ADF,HUXZ,-0.750046516548042,0.8333571618604655,,1.0,False,False,False
scipy,regime_2samp,brunnermunzel,SPLZ,-0.3427450811505368,0.7319356731308948,,1.0,False,False,False
scipy,regime_2samp,ks_2samp,DIHO,0.0530441767068273,0.8491176805254451,,1.0,False,False,False
scipy,regime_2samp,cramervonmises_2s,DIHO,0.0636865618787823,0.7935397642121008,,1.0,False,False,False
scipy,regime_2samp,epps_singleton,DIHO,1.1949056603296986,0.8789366533525101,,1.0,False,False,False
scipy,regime_2samp,ttest_ind,RTTH,-0.0911092660164183,0.9274424783057296,,1.0,False,False,False
scipy,regime_2samp,welch_t,RTTH,-0.0910979719793014,0.9274516063431912,,1.0,False,False,False
scipy,regime_2samp,mannwhitneyu,RTTH,30703.0,0.7935388901945021,,1.0,False,False,False
scipy,regime_2samp,ranksums,RTTH,-0.2620284174784579,0.7932995334122871,,1.0,False,False,False
scipy,regime_2samp,kruskal,RTTH,0.0686588948816948,0.7932995285348419,,1.0,False,False,False
statsmodels,model,ar1_coef,NAYO,-0.0067654971405446,0.8692865080084425,,1.0,False,False,False
arch,unitroot,PP,SRNA,-0.843675654495716,0.8059549450913144,,1.0,False,False,False
statsmodels,model,ar1_coef,FWWG,0.002121729277919,0.9629440993722952,,1.0,False,False,False
arch,unitroot,PP,ALGO,-0.902037860650871,0.7873005801098344,,1.0,False,False,False
statsmodels,model,ar1_coef,EELT,0.0025413181008128,0.9554071777130232,,1.0,False,False,False
arch,unitroot,ADF,ALGO,-1.0869391985053634,0.7202521987113772,,1.0,False,False,False
statsmodels,model,ar1_coef,HRND,-0.0006641305791427,0.9890076283526352,,1.0,False,False,False
