library,family,test,target,statistic,pvalue,note
scipy,normality,shapiro,ALGO,0.9974808652323991,0.6562632570925726,
scipy,normality,normaltest_K2,ALGO,0.7012792655922336,0.7042374922293252,
scipy,normality,jarque_bera,ALGO,0.8066927183144396,0.66808066339037,
scipy,normality,kstest_norm,ALGO,0.027761643222548593,0.8260433716682982,
scipy,normality,cramervonmises,ALGO,0.03879403505672218,0.9394347652858659,
scipy,normality,skewtest,ALGO,-0.5284185171949815,0.5972088880761144,
scipy,normality,kurtosistest,ALGO,-0.6496561677362039,0.5159143430626344,
scipy,normality,anderson_darling,ALGO,0.26364677177707563,,crit5%=0.751 reject=False
scipy,normality,shapiro,AENO,0.9952011067771941,0.12573664249743932,
scipy,normality,normaltest_K2,AENO,5.902546275396489,0.05227311269585954,
scipy,normality,jarque_bera,AENO,7.214100514427438,0.027131760661125798,
scipy,normality,kstest_norm,AENO,0.03654015457828963,0.5062799310511288,
scipy,normality,cramervonmises,AENO,0.10345495629254131,0.5683764465089967,
scipy,normality,skewtest,AENO,-1.102151772247798,0.27039569475355185,
scipy,normality,kurtosistest,AENO,2.1651345792646532,0.030377380533730472,
scipy,normality,anderson_darling,AENO,0.6036119414453651,,crit5%=0.751 reject=False
scipy,normality,shapiro,LSST,0.9969127392087918,0.4655200749114474,
scipy,normality,normaltest_K2,LSST,2.2326828894378203,0.3274756935860759,
scipy,normality,jarque_bera,LSST,2.2184632221063096,0.32981228785249667,
scipy,normality,kstest_norm,LSST,0.026679557362114803,0.8599789428040816,
scipy,normality,cramervonmises,LSST,0.051053104926372266,0.8700740626563688,
scipy,normality,skewtest,LSST,1.0762007243000786,0.2818374959040508,
scipy,normality,kurtosistest,LSST,-1.0365688064252205,0.2999368571396046,
scipy,normality,anderson_darling,LSST,0.33376662536409185,,crit5%=0.751 reject=False
scipy,normality,shapiro,SRNA,0.9967963615497986,0.430352222675465,
scipy,normality,normaltest_K2,SRNA,1.3825746763107096,0.5009307864920889,
scipy,normality,jarque_bera,SRNA,1.4606385319248703,0.4817551575107353,
scipy,normality,kstest_norm,SRNA,0.03771709525730371,0.46548181712518377,
scipy,normality,cramervonmises,SRNA,0.10982738988506513,0.5389789133064882,
scipy,normality,skewtest,SRNA,0.8895793246928317,0.37369181198542667,
scipy,normality,kurtosistest,SRNA,-0.7689104638316187,0.44194646516399483,
scipy,normality,anderson_darling,SRNA,0.5650141759682015,,crit5%=0.751 reject=False
scipy,normality,shapiro,ELLT,0.9979520624150167,0.8159490256001276,
scipy,normality,normaltest_K2,ELLT,0.2906114851619426,0.8647578593886323,
scipy,normality,jarque_bera,ELLT,0.30664163985098175,0.8578544608549414,
scipy,normality,kstest_norm,ELLT,0.02923474987064134,0.7758371745487567,
scipy,normality,cramervonmises,ELLT,0.042633238296224035,0.9193119012397183,
scipy,normality,skewtest,ELLT,-0.5390826506970436,0.5898298261693302,
scipy,normality,kurtosistest,ELLT,-0.001175108246860385,0.9990623994883435,
scipy,normality,anderson_darling,ELLT,0.26539200896718285,,crit5%=0.751 reject=False
scipy,normality,shapiro,AMRP,0.9973590110981556,0.6136112688919563,
scipy,normality,normaltest_K2,AMRP,2.1894990848490794,0.3346234054210025,
scipy,normality,jarque_bera,AMRP,1.9807573613828708,0.37143600874228083,
scipy,normality,kstest_norm,AMRP,0.021406777659086385,0.972533141152255,
scipy,normality,cramervonmises,AMRP,0.035449458676490124,0.9551843951778082,
scipy,normality,skewtest,AMRP,-1.2975681087483724,0.19443578683404583,
scipy,normality,kurtosistest,AMRP,0.7112074859056615,0.476955670395521,
scipy,normality,anderson_darling,AMRP,0.25437693010348994,,crit5%=0.751 reject=False
scipy,normality,shapiro,OTCS,0.997185617498095,0.5540492525950977,
scipy,normality,normaltest_K2,OTCS,0.20385407907531178,0.903095439526052,
scipy,normality,jarque_bera,OTCS,0.2985110317714882,0.8613489984262604,
scipy,normality,kstest_norm,OTCS,0.02135158432351028,0.9731892226358028,
scipy,normality,cramervonmises,OTCS,0.0325700241004451,0.9671087541590436,
scipy,normality,skewtest,OTCS,-0.3203445545077473,0.7487071516045345,
scipy,normality,kurtosistest,OTCS,-0.3181720375402979,0.7503544422894248,
scipy,normality,anderson_darling,OTCS,0.2657504572351286,,crit5%=0.751 reject=False
scipy,normality,shapiro,HETT,0.9968435947643562,0.44441867459387785,
scipy,normality,normaltest_K2,HETT,1.3720554380487544,0.5035724325763768,
scipy,normality,jarque_bera,HETT,1.2163708942560687,0.5443377030148734,
scipy,normality,kstest_norm,HETT,0.03744070840571634,0.4749146848689514,
scipy,normality,cramervonmises,HETT,0.060878991337222195,0.8086702691289159,
scipy,normality,skewtest,HETT,0.19764347265604507,0.843324019394985,
scipy,normality,kurtosistest,HETT,1.1545529419499192,0.2482735466642425,
scipy,normality,anderson_darling,HETT,0.40534779765027906,,crit5%=0.751 reject=False
scipy,normality,shapiro,HUXZ,0.9982865771079142,0.9080260951053449,
scipy,normality,normaltest_K2,HUXZ,0.059139693830129826,0.9708630634829822,
scipy,normality,jarque_bera,HUXZ,0.06324159354731283,0.9688739125419036,
scipy,normality,kstest_norm,HUXZ,0.02188002304920328,0.9664709887653188,
scipy,normality,cramervonmises,HUXZ,0.025506593320492685,0.988576257938046,
scipy,normality,skewtest,HUXZ,-0.2357188231856821,0.8136508626344885,
scipy,normality,kurtosistest,HUXZ,0.059802426590289504,0.9523129928985209,
scipy,normality,anderson_darling,HUXZ,0.21164604788725683,,crit5%=0.751 reject=False
scipy,normality,shapiro,DUCT,0.9951289312230268,0.1184720180402129,
scipy,normality,normaltest_K2,DUCT,6.176152148759437,0.04558958104701557,
scipy,normality,jarque_bera,DUCT,7.455116912070035,0.0240514869707747,
scipy,normality,kstest_norm,DUCT,0.023991809452627577,0.9295204668810322,
scipy,normality,cramervonmises,DUCT,0.03300841034979402,0.9654012003114953,
scipy,normality,skewtest,DUCT,1.2361582726965736,0.2163997377621918,
scipy,normality,kurtosistest,DUCT,2.1559371219038974,0.03108857531468171,
scipy,normality,anderson_darling,DUCT,0.3243318914566089,,crit5%=0.751 reject=False
scipy,normality,shapiro,SMAH,0.9965717941797219,0.36755996336599905,
scipy,normality,normaltest_K2,SMAH,1.516191721379982,0.4685577773958872,
scipy,normality,jarque_bera,SMAH,1.565730613238229,0.4570944174833651,
scipy,normality,kstest_norm,SMAH,0.0379232801312277,0.4585074071457781,
scipy,normality,cramervonmises,SMAH,0.0963778935348214,0.6031140074631876,
scipy,normality,skewtest,SMAH,0.8501549377599417,0.39523895120661146,
scipy,normality,kurtosistest,SMAH,-0.8907459251561984,0.3730654909362833,
scipy,normality,anderson_darling,SMAH,0.5230133735883555,,crit5%=0.751 reject=False
scipy,normality,shapiro,NPCK,0.9975808897999328,0.6913465184642678,
scipy,normality,normaltest_K2,NPCK,1.2954895041009846,0.5232244480270092,
scipy,normality,jarque_bera,NPCK,1.2791038422226806,0.5275287455878062,
scipy,normality,kstest_norm,NPCK,0.029529608756737935,0.7653542506807177,
scipy,normality,cramervonmises,NPCK,0.04001826999750673,0.9332305769848832,
scipy,normality,skewtest,NPCK,-0.3384725428821271,0.7350071149610029,
scipy,normality,kurtosistest,NPCK,-1.086704118799543,0.2771675931533337,
scipy,normality,anderson_darling,NPCK,0.24094368371123664,,crit5%=0.751 reject=False
scipy,normality,shapiro,MSDP,0.9966891343362756,0.39951182331967056,
scipy,normality,normaltest_K2,MSDP,1.2432571141197177,0.5370690773635292,
scipy,normality,jarque_bera,MSDP,1.2893192203418296,0.5248411622981517,
scipy,normality,kstest_norm,MSDP,0.029684746228892972,0.7597916515918233,
scipy,normality,cramervonmises,MSDP,0.05147303509626549,0.8674996440082801,
scipy,normality,skewtest,MSDP,0.62318004743628,0.5331662118269764,
scipy,normality,kurtosistest,MSDP,-0.9246100489379474,0.35516878400927665,
scipy,normality,anderson_darling,MSDP,0.3579195353467526,,crit5%=0.751 reject=False
scipy,normality,shapiro,EORC,0.9984567671288638,0.9429636654475969,
scipy,normality,normaltest_K2,EORC,0.2528265234105473,0.8812505844014706,
scipy,normality,jarque_bera,EORC,0.3283839867821871,0.8485790846631973,
scipy,normality,kstest_norm,EORC,0.020788606853339164,0.9792926988921974,
scipy,normality,cramervonmises,EORC,0.021576651487371392,0.995311055502003,
scipy,normality,skewtest,EORC,-0.4482660945159381,0.6539611671849226,
scipy,normality,kurtosistest,EORC,-0.22778066625149593,0.8198167577232309,
scipy,normality,anderson_darling,EORC,0.18128028970215837,,crit5%=0.751 reject=False
scipy,normality,shapiro,CUBO,0.9980535456432613,0.8466558745303989,
scipy,normality,normaltest_K2,CUBO,0.5195796603096682,0.7712136546263627,
scipy,normality,jarque_bera,CUBO,0.43355376272480595,0.8051095842200863,
scipy,normality,kstest_norm,CUBO,0.021845130475111274,0.9669449811319556,
scipy,normality,cramervonmises,CUBO,0.022174468715580608,0.9945198138244856,
scipy,normality,skewtest,CUBO,-0.6482627295740421,0.5168150355407015,
scipy,normality,kurtosistest,CUBO,0.31517470354532046,0.7526290111531257,
scipy,normality,anderson_darling,CUBO,0.16985304285475422,,crit5%=0.751 reject=False
scipy,normality,shapiro,HRET,0.9921601224300078,0.009994109733711853,
scipy,normality,normaltest_K2,HRET,4.669191102974328,0.0968496453012741,
scipy,normality,jarque_bera,HRET,4.716746470419184,0.09457394769379962,
scipy,normality,kstest_norm,HRET,0.051047429873507744,0.14338184735839132,
scipy,normality,cramervonmises,HRET,0.20557520536413476,0.25696657901695685,
scipy,normality,skewtest,HRET,-2.156336354321561,0.031057410503780386,
scipy,normality,kurtosistest,HRET,-0.13930050253149634,0.8892126927909327,
scipy,normality,anderson_darling,HRET,1.2425876684828836,,crit5%=0.751 reject=True
scipy,normality,shapiro,ANSO,0.9951408671517786,0.11964511506924852,
scipy,normality,normaltest_K2,ANSO,5.510814939766636,0.06358310618878926,
scipy,normality,jarque_bera,ANSO,6.664468919201456,0.0357132161079627,
scipy,normality,kstest_norm,ANSO,0.026967979124057795,0.8512191020858919,
scipy,normality,cramervonmises,ANSO,0.05463464413274879,0.8479110364989269,
scipy,normality,skewtest,ANSO,-1.0258995874683572,0.3049389171341479,
scipy,normality,kurtosistest,ANSO,2.111479333595025,0.03473113242602868,
scipy,normality,anderson_darling,ANSO,0.448250833341433,,crit5%=0.751 reject=False
scipy,normality,shapiro,DIHO,0.9961092279548055,0.260257705984558,
scipy,normality,normaltest_K2,DIHO,1.4865875594826612,0.47554499263343053,
scipy,normality,jarque_bera,DIHO,1.565770432309962,0.4570853170362592,
scipy,normality,kstest_norm,DIHO,0.029133086827744736,0.7794225354385375,
scipy,normality,cramervonmises,DIHO,0.06313243716567495,0.7944960119395406,
scipy,normality,skewtest,DIHO,0.9628962601738739,0.33559958656334865,
scipy,normality,kurtosistest,DIHO,-0.7479427462218138,0.45449469248706,
scipy,normality,anderson_darling,DIHO,0.45546203429273646,,crit5%=0.751 reject=False
scipy,normality,shapiro,RTTH,0.9976040866646341,0.6994538267729857,
scipy,normality,normaltest_K2,RTTH,1.24165780575904,0.537498718655707,
scipy,normality,jarque_bera,RTTH,1.167612429906028,0.5577713235897228,
scipy,normality,kstest_norm,RTTH,0.02107748778803553,0.9762932738027539,
scipy,normality,cramervonmises,RTTH,0.024471475035007132,0.9907089999008641,
scipy,normality,skewtest,RTTH,1.0902942080052929,0.2755835657666108,
scipy,normality,kurtosistest,RTTH,0.23003553149274805,0.8180641598275884,
scipy,normality,anderson_darling,RTTH,0.2243049343153416,,crit5%=0.751 reject=False
scipy,normality,shapiro,SPLZ,0.9967819471882373,0.42611727887327755,
scipy,normality,normaltest_K2,SPLZ,0.3990333484013127,0.8191265624183882,
scipy,normality,jarque_bera,SPLZ,0.38513386522659726,0.8248391077189023,
scipy,normality,kstest_norm,SPLZ,0.026989292578181945,0.8505631493126873,
scipy,normality,cramervonmises,SPLZ,0.05296209434734945,0.8583143472520796,
scipy,normality,skewtest,SPLZ,-0.6252400007094986,0.5318135521816235,
scipy,normality,kurtosistest,SPLZ,0.0900460433006299,0.9282506261517094,
scipy,normality,anderson_darling,SPLZ,0.3410905010758256,,crit5%=0.751 reject=False
scipy,normality,shapiro,NWIG,0.9979642491381366,0.8197415137637991,
scipy,normality,normaltest_K2,NWIG,0.4019281524093719,0.8179418146004075,
scipy,normality,jarque_bera,NWIG,0.2819599743061985,0.8685066928152201,
scipy,normality,kstest_norm,NWIG,0.021891080996400247,0.9663198667093098,
scipy,normality,cramervonmises,NWIG,0.04151288642773088,0.9253788565928794,
scipy,normality,skewtest,NWIG,-0.4516591238051534,0.651514569870447,
scipy,normality,kurtosistest,NWIG,0.44489570496121117,0.6563951266747956,
scipy,normality,anderson_darling,NWIG,0.24684779764521636,,crit5%=0.751 reject=False
scipy,normality,shapiro,MMBT,0.9965218441899932,0.354540102065418,
scipy,normality,normaltest_K2,MMBT,2.503572231984099,0.2859935227940347,
scipy,normality,jarque_bera,MMBT,2.3698090015268183,0.30577537941970734,
scipy,normality,kstest_norm,MMBT,0.03342137592528005,0.6206154533458572,
scipy,normality,cramervonmises,MMBT,0.1057172247929126,0.5577390906155335,
scipy,normality,skewtest,MMBT,0.9567392065993708,0.33869890376466527,
scipy,normality,kurtosistest,MMBT,1.2602469291927298,0.2075802982880386,
scipy,normality,anderson_darling,MMBT,0.655663015132177,,crit5%=0.751 reject=False
scipy,normality,shapiro,MDGI,0.9966479823023169,0.38808934411656953,
scipy,normality,normaltest_K2,MDGI,1.852830166784511,0.3959706908814991,
scipy,normality,jarque_bera,MDGI,1.8257711411481472,0.40136438617918846,
scipy,normality,kstest_norm,MDGI,0.035190878952090165,0.5548550851881181,
scipy,normality,cramervonmises,MDGI,0.07582042130242599,0.7165935290777541,
scipy,normality,skewtest,MDGI,-0.8274755506556952,0.4079675742838169,
scipy,normality,kurtosistest,MDGI,-1.0807934029459862,0.2797890236580465,
scipy,normality,anderson_darling,MDGI,0.43290281969166244,,crit5%=0.751 reject=False
scipy,normality,shapiro,AGVF,0.9945109233514043,0.0708127267281159,
scipy,normality,normaltest_K2,AGVF,1.33061865414427,0.5141144735831713,
scipy,normality,jarque_bera,AGVF,1.17013974136988,0.5570669378038642,
scipy,normality,kstest_norm,AGVF,0.036235719024835134,0.5170863111922194,
scipy,normality,cramervonmises,AGVF,0.13303156749260736,0.4458140959046676,
scipy,normality,skewtest,AGVF,-0.18600449444047656,0.8524412367833243,
scipy,normality,kurtosistest,AGVF,1.138429173111886,0.2549413181199556,
scipy,normality,anderson_darling,AGVF,0.7855702413809809,,crit5%=0.751 reject=True
scipy,normality,shapiro,RRES,0.9981470909056676,0.8729777281330043,
scipy,normality,normaltest_K2,RRES,0.8363847244240258,0.658235596590242,
scipy,normality,jarque_bera,RRES,0.9276113476991382,0.6288857515408283,
scipy,normality,kstest_norm,RRES,0.03624387033234078,0.51679571677162,
scipy,normality,cramervonmises,RRES,0.04730894316770463,0.8926208248778135,
scipy,normality,skewtest,RRES,-0.8241500973447531,0.4098542777145371,
scipy,normality,kurtosistest,RRES,-0.39643579741322527,0.6917835622120608,
scipy,normality,anderson_darling,RRES,0.2438756147416825,,crit5%=0.751 reject=False
scipy,normality,shapiro,CTGI,0.9958359473136389,0.21020443090491658,
scipy,normality,normaltest_K2,CTGI,1.859590795829002,0.394634445142554,
scipy,normality,jarque_bera,CTGI,1.922601578407677,0.38239514683983916,
scipy,normality,kstest_norm,CTGI,0.021003572923800506,0.9770869768750303,
scipy,normality,cramervonmises,CTGI,0.03006718682741905,0.9760555887340394,
scipy,normality,skewtest,CTGI,-1.328029542332112,0.1841683476091387,
scipy,normality,kurtosistest,CTGI,-0.30972298998001935,0.7567716184184943,
scipy,normality,anderson_darling,CTGI,0.23049585975934406,,crit5%=0.751 reject=False
scipy,normality,shapiro,ALUT,0.9975402830888095,0.6771194250133652,
scipy,normality,normaltest_K2,ALUT,1.825903777957956,0.4013377692159188,
scipy,normality,jarque_bera,ALUT,1.6230965135210502,0.44416984462378717,
scipy,normality,kstest_norm,ALUT,0.03337394859066867,0.6223979078096264,
scipy,normality,cramervonmises,ALUT,0.04661435843834919,0.8967050583799732,
scipy,normality,skewtest,ALUT,1.1556304423284967,0.24783235057288389,
scipy,normality,kurtosistest,ALUT,0.7003014056258914,0.483739094119925,
scipy,normality,anderson_darling,ALUT,0.30332069598750877,,crit5%=0.751 reject=False
scipy,normality,shapiro,ACAC,0.9973032813295384,0.5942729421711977,
scipy,normality,normaltest_K2,ACAC,1.4340472025351456,0.488203182955111,
scipy,normality,jarque_bera,ACAC,1.3902435146099048,0.49901368572457827,
scipy,normality,kstest_norm,ACAC,0.04234179546309208,0.32351457523395366,
scipy,normality,cramervonmises,ACAC,0.07495693345160397,0.7217425362003445,
scipy,normality,skewtest,ACAC,0.3809134727836455,0.7032674549847473,
scipy,normality,kurtosistest,ACAC,-1.135320275863621,0.25624114979625534,
scipy,normality,anderson_darling,ACAC,0.407695630907142,,crit5%=0.751 reject=False
scipy,normality,shapiro,SRTX,0.9974326475919736,0.6393470825038907,
scipy,normality,normaltest_K2,SRTX,2.0898881865739973,0.3517114818613051,
scipy,normality,jarque_bera,SRTX,1.9800099502429023,0.37157484238747795,
scipy,normality,kstest_norm,SRTX,0.03314898932809357,0.6308602179319995,
scipy,normality,cramervonmises,SRTX,0.058644590739944304,0.8227445900440495,
scipy,normality,skewtest,SRTX,0.7705927869999943,0.44094833791482335,
scipy,normality,kurtosistest,SRTX,-1.2231414240379477,0.2212762850986173,
scipy,normality,anderson_darling,SRTX,0.3236199360816272,,crit5%=0.751 reject=False
scipy,normality,shapiro,GARI,0.9951064954341166,0.11629664833955172,
scipy,normality,normaltest_K2,GARI,3.2702286123492303,0.19493008831295283,
scipy,normality,jarque_bera,GARI,2.6560312988848276,0.2650025979544124,
scipy,normality,kstest_norm,GARI,0.04049526927397917,0.3764035081316559,
scipy,normality,cramervonmises,GARI,0.10220744858962634,0.5743382898070676,
scipy,normality,skewtest,GARI,-0.5319857841366782,0.5947358414413029,
scipy,normality,kurtosistest,GARI,-1.7283575260419106,0.08392414542593901,
scipy,normality,anderson_darling,GARI,0.5893764649720197,,crit5%=0.751 reject=False
scipy,normality,shapiro,RCRI,0.9980295536023128,0.8395840335638334,
scipy,normality,normaltest_K2,RCRI,0.8405239717642248,0.6568747053711401,
scipy,normality,jarque_bera,RCRI,0.9395005656812143,0.6251583615625245,
scipy,normality,kstest_norm,RCRI,0.02590202146972076,0.8824439016054331,
scipy,normality,cramervonmises,RCRI,0.023333179688618408,0.9927536161050176,
scipy,normality,skewtest,RCRI,-0.5982264460387379,0.5496888476255555,
scipy,normality,kurtosistest,RCRI,-0.6947295092509644,0.4872248312423325,
scipy,normality,anderson_darling,RCRI,0.1638025823784801,,crit5%=0.751 reject=False
scipy,normality,shapiro,ACIX,0.9977791516198151,0.7596589704725965,
scipy,normality,normaltest_K2,ACIX,0.9806857066902687,0.612416389178369,
scipy,normality,jarque_bera,ACIX,1.0733009224937833,0.5847034629273565,
scipy,normality,kstest_norm,ACIX,0.03213726682376261,0.6689825851036604,
scipy,normality,cramervonmises,ACIX,0.050875293658628556,0.8711618046268021,
scipy,normality,skewtest,ACIX,0.8899853565674525,0.37347374898702956,
scipy,normality,kurtosistest,ACIX,-0.43429456799017546,0.6640745479103409,
scipy,normality,anderson_darling,ACIX,0.29901082050889727,,crit5%=0.751 reject=False
scipy,normality,shapiro,CCNS,0.9951247165051389,0.11806041467164691,
scipy,normality,normaltest_K2,CCNS,4.581448604552397,0.10119314088153908,
scipy,normality,jarque_bera,CCNS,4.368619729488561,0.11255538529575349,
scipy,normality,kstest_norm,CCNS,0.02833005733332264,0.8071491575444157,
scipy,normality,cramervonmises,CCNS,0.05093880200118426,0.8707734633284477,
scipy,normality,skewtest,CCNS,1.9907845644475803,0.046504577044608426,
scipy,normality,kurtosistest,CCNS,0.7862731220826866,0.4317074953986668,
scipy,normality,anderson_darling,CCNS,0.3787903245572011,,crit5%=0.751 reject=False
scipy,normality,shapiro,MTNS,0.99866203713292,0.9727739079237433,
scipy,normality,normaltest_K2,MTNS,0.0025843985559311604,0.998708635252023,
scipy,normality,jarque_bera,MTNS,0.040436598081596165,0.9799847202303062,
scipy,normality,kstest_norm,MTNS,0.021579285115960856,0.9704144809519214,
scipy,normality,cramervonmises,MTNS,0.023658071136015542,0.9922017853902275,
scipy,normality,skewtest,MTNS,0.005136050115392891,0.9959020429261018,
scipy,normality,kurtosistest,MTNS,-0.05057686768813716,0.9596626961391698,
scipy,normality,anderson_darling,MTNS,0.16020341013756934,,crit5%=0.751 reject=False
scipy,normality,shapiro,IHOZ,0.9957238963760306,0.19227684595153266,
scipy,normality,normaltest_K2,IHOZ,2.997748673769168,0.22338147095876393,
scipy,normality,jarque_bera,IHOZ,3.0920894355364927,0.21308913688838754,
scipy,normality,kstest_norm,IHOZ,0.03603774732258391,0.5241645027403989,
scipy,normality,cramervonmises,IHOZ,0.11279136594434373,0.5258947193695678,
scipy,normality,skewtest,IHOZ,0.7726968332352618,0.43970182125919266,
scipy,normality,kurtosistest,IHOZ,1.5494154632239108,0.12128187892191061,
scipy,normality,anderson_darling,IHOZ,0.6634812527366876,,crit5%=0.751 reject=False
scipy,normality,shapiro,NAYO,0.9971537522028294,0.5433340572454681,
scipy,normality,normaltest_K2,NAYO,0.8700523974368927,0.6472477097953921,
scipy,normality,jarque_bera,NAYO,0.9292578606064555,0.6283682303428205,
scipy,normality,kstest_norm,NAYO,0.03900717663800879,0.42276748753715343,
scipy,normality,cramervonmises,NAYO,0.09647921352343831,0.6026008881991556,
scipy,normality,skewtest,NAYO,-0.192186082270879,0.8475964474311466,
scipy,normality,kurtosistest,NAYO,-0.9127523800123797,0.3613727885134569,
scipy,normality,anderson_darling,NAYO,0.5402904228706689,,crit5%=0.751 reject=False
scipy,normality,shapiro,FWWG,0.9957850420345165,0.20188190297566833,
scipy,normality,normaltest_K2,FWWG,2.9730103411599904,0.22616167246318497,
scipy,normality,jarque_bera,FWWG,2.8087513935055854,0.24552028772944248,
scipy,normality,kstest_norm,FWWG,0.030613653287862252,0.7259160768002191,
scipy,normality,cramervonmises,FWWG,0.060567535142546335,0.8106318468051021,
scipy,normality,skewtest,FWWG,-1.1546262730716763,0.24824350289882235,
scipy,normality,kurtosistest,FWWG,-1.2805656994830843,0.20034625433195263,
scipy,normality,anderson_darling,FWWG,0.40989619779185205,,crit5%=0.751 reject=False
scipy,normality,shapiro,EELT,0.9959642976112623,0.23255503688619517,
scipy,normality,normaltest_K2,EELT,1.2579227298421167,0.5331452569037805,
scipy,normality,jarque_bera,EELT,1.1105727065952686,0.5739078972455647,
scipy,normality,kstest_norm,EELT,0.03663601243023895,0.5028976785092494,
scipy,normality,cramervonmises,EELT,0.10329061885237374,0.5691578984999295,
scipy,normality,skewtest,EELT,1.014443669170811,0.3103710957555962,
scipy,normality,kurtosistest,EELT,0.4783584136621608,0.6323951271953133,
scipy,normality,anderson_darling,EELT,0.65644911475556,,crit5%=0.751 reject=False
scipy,normality,shapiro,HRND,0.9970038193378862,0.4941925628457396,
scipy,normality,normaltest_K2,HRND,0.29722704757462837,0.8619021552193871,
scipy,normality,jarque_bera,HRND,0.4136957273334721,0.8131433492253273,
scipy,normality,kstest_norm,HRND,0.0303003626355538,0.7374384835897357,
scipy,normality,cramervonmises,HRND,0.06726169591290143,0.7686974204718493,
scipy,normality,skewtest,HRND,-0.09231778423060381,0.9264455589346355,
scipy,normality,kurtosistest,HRND,-0.5373122688803784,0.5910519320967962,
scipy,normality,anderson_darling,HRND,0.41464360469626627,,crit5%=0.751 reject=False
scipy,normality,shapiro,AETS,0.9951273777041894,0.11832014428868365,
scipy,normality,normaltest_K2,AETS,2.578331290073477,0.2755005524751482,
scipy,normality,jarque_bera,AETS,2.576325023821704,0.2757770548667039,
scipy,normality,kstest_norm,AETS,0.029440349608950034,0.7685403658326413,
scipy,normality,cramervonmises,AETS,0.04212424472782579,0.9220864207511971,
scipy,normality,skewtest,AETS,1.25975136383723,0.20775906988061588,
scipy,normality,kurtosistest,AETS,-0.9956695191597039,0.3194107447141624,
scipy,normality,anderson_darling,AETS,0.3475454002587526,,crit5%=0.751 reject=False
scipy,normality,shapiro,ULXY,0.9978044436273221,0.7681404535326003,
scipy,normality,normaltest_K2,ULXY,1.334827394124158,0.513033724060828,
scipy,normality,jarque_bera,ULXY,1.1351351156990181,0.5669027210144938,
scipy,normality,kstest_norm,ULXY,0.02422005271144273,0.9245530825941525,
scipy,normality,cramervonmises,ULXY,0.045897145857296234,0.9008833297851998,
scipy,normality,skewtest,ULXY,0.622571934807381,0.5335658587630334,
scipy,normality,kurtosistest,ULXY,0.9732582288962945,0.33042497725422515,
scipy,normality,anderson_darling,ULXY,0.30161995039748035,,crit5%=0.751 reject=False
scipy,normality,shapiro,BLBT,0.9978741015868668,0.7910965431625908,
scipy,normality,normaltest_K2,BLBT,0.17135539114757747,0.9178900235673699,
scipy,normality,jarque_bera,BLBT,0.23571474295793327,0.888822815058005,
scipy,normality,kstest_norm,BLBT,0.0310744466347751,0.70882679266434,
scipy,normality,cramervonmises,BLBT,0.04390082465967051,0.9122789929529042,
scipy,normality,skewtest,BLBT,-0.3775952281074495,0.7057313101276046,
scipy,normality,kurtosistest,BLBT,-0.16963854178240473,0.8652944098659452,
scipy,normality,anderson_darling,BLBT,0.2896600646608931,,crit5%=0.751 reject=False
scipy,normality,shapiro,BENI,0.9972590097705224,0.5790293883322983,
scipy,normality,normaltest_K2,BENI,0.654487067040207,0.7209081563458675,
scipy,normality,jarque_bera,BENI,0.5039517137029041,0.7772635034306421,
scipy,normality,kstest_norm,BENI,0.026705902357548272,0.8591879750170588,
scipy,normality,cramervonmises,BENI,0.05221379230569246,0.8629406163053015,
scipy,normality,skewtest,BENI,-0.5998794370785934,0.5485865874693763,
scipy,normality,kurtosistest,BENI,0.5427998968408865,0.587267584264117,
scipy,normality,anderson_darling,BENI,0.35524222940563277,,crit5%=0.751 reject=False
scipy,normality,shapiro,ITPA,0.9949643740776457,0.10338106798508584,
scipy,normality,normaltest_K2,ITPA,3.477386430147498,0.17574991796301473,
scipy,normality,jarque_bera,ITPA,3.2853973233318854,0.19345726150830686,
scipy,normality,kstest_norm,ITPA,0.03297483480533886,0.6374183944686787,
scipy,normality,cramervonmises,ITPA,0.08363479430223307,0.6713157876299447,
scipy,normality,skewtest,ITPA,1.326992499144872,0.18451116392454014,
scipy,normality,kurtosistest,ITPA,-1.3101440139773737,0.19014712119038468,
scipy,normality,anderson_darling,ITPA,0.5623604507271125,,crit5%=0.751 reject=False
scipy,normality,shapiro,HTRK,0.9978973916405942,0.7986221621888001,
scipy,normality,normaltest_K2,HTRK,0.3481847131939817,0.8402192942801489,
scipy,normality,jarque_bera,HTRK,0.454793714227427,0.7966045813560667,
scipy,normality,kstest_norm,HTRK,0.016082368013511705,0.9993032446084982,
scipy,normality,cramervonmises,HTRK,0.02042068070365536,0.9966207418091806,
scipy,normality,skewtest,HTRK,0.4062941663598492,0.6845264712138883,
scipy,normality,kurtosistest,HTRK,-0.427913266417316,0.6687142680843889,
scipy,normality,anderson_darling,HTRK,0.1760832850816314,,crit5%=0.751 reject=False
scipy,normality,shapiro,NGTE,0.9976333580148905,0.7096548686713375,
scipy,normality,normaltest_K2,NGTE,1.3147071358951425,0.5182209579379746,
scipy,normality,jarque_bera,NGTE,1.2710278062410425,0.5296632227814935,
scipy,normality,kstest_norm,NGTE,0.03111041163022682,0.7074869405358387,
scipy,normality,cramervonmises,NGTE,0.07061529736885733,0.7480179992129372,
scipy,normality,skewtest,NGTE,0.10862054446850719,0.9135034650385622,
scipy,normality,kurtosistest,NGTE,-1.141450267516946,0.2536825964859011,
scipy,normality,anderson_darling,NGTE,0.406129088787452,,crit5%=0.751 reject=False
scipy,normality,shapiro,ILVX,0.9943697712612157,0.06291028680679495,
scipy,normality,normaltest_K2,ILVX,3.802502380410158,0.14938159745557622,
scipy,normality,jarque_bera,ILVX,3.712931752156126,0.15622377005930949,
scipy,normality,kstest_norm,ILVX,0.04461334670462075,0.265719786101708,
scipy,normality,cramervonmises,ILVX,0.1535112223068337,0.37914931675577335,
scipy,normality,skewtest,ILVX,1.9316338111539284,0.05340471955200154,
scipy,normality,kurtosistest,ILVX,0.267007865084734,0.7894631054119637,
scipy,normality,anderson_darling,ILVX,0.8168531474553902,,crit5%=0.751 reject=True
scipy,normality,shapiro,FCSG,0.9968198657654969,0.43731596500214376,
scipy,normality,normaltest_K2,FCSG,1.941856884070861,0.3787312448110157,
scipy,normality,jarque_bera,FCSG,2.011803605559064,0.36571468353276404,
scipy,normality,kstest_norm,FCSG,0.02995469265569156,0.7500416907633592,
scipy,normality,cramervonmises,FCSG,0.06460132614090057,0.7852858109633971,
scipy,normality,skewtest,FCSG,-1.3463163740314816,0.17820050739533355,
scipy,normality,kurtosistest,FCSG,-0.35956794223843785,0.7191702606413981,
scipy,normality,anderson_darling,FCSG,0.33622510753713186,,crit5%=0.751 reject=False
scipy,normality,shapiro,FARS,0.997090855535675,0.5224484589931735,
scipy,normality,normaltest_K2,FARS,0.44306879498557783,0.8012883593633291,
scipy,normality,jarque_bera,FARS,0.3059364775908083,0.8581569774778921,
scipy,normality,kstest_norm,FARS,0.02141027904496251,0.9724911658107154,
scipy,normality,cramervonmises,FARS,0.02218502196915561,0.9945051249304225,
scipy,normality,skewtest,FARS,-0.42960207067453005,0.6674851305650982,
scipy,normality,kurtosistest,FARS,0.5084396285280426,0.6111450673419344,
scipy,normality,anderson_darling,FARS,0.21010235017729428,,crit5%=0.751 reject=False
scipy,normality,shapiro,MHRM,0.9976324237940382,0.7093298816834396,
scipy,normality,normaltest_K2,MHRM,1.5433006715397344,0.46224957146904144,
scipy,normality,jarque_bera,MHRM,1.631115278822254,0.44239256303665064,
scipy,normality,kstest_norm,MHRM,0.019365642346421075,0.9903330481215847,
scipy,normality,cramervonmises,MHRM,0.03268963437519264,0.9666468714804922,
scipy,normality,skewtest,MHRM,-1.1398817524775147,0.2543355682062368,
scipy,normality,kurtosistest,MHRM,-0.4939334589886825,0.6213531737492752,
scipy,normality,anderson_darling,MHRM,0.220521280296623,,crit5%=0.751 reject=False
scipy,normality,shapiro,EAFC,0.994657184641798,0.08003303969025571,
scipy,normality,normaltest_K2,EAFC,7.444950680991783,0.024174054707007956,
scipy,normality,jarque_bera,EAFC,4.75901675267161,0.092596088750667,
scipy,normality,kstest_norm,EAFC,0.023760895692811146,0.93435541956959,
scipy,normality,cramervonmises,EAFC,0.05473189003324342,0.847303892603058,
scipy,normality,skewtest,EAFC,-0.40292047801455727,0.6870067260676747,
scipy,normality,kurtosistest,EAFC,-2.698630350638691,0.006962546498094511,
scipy,normality,anderson_darling,EAFC,0.4893336774126169,,crit5%=0.751 reject=False
scipy,dist_fit,ks_t,ALGO,0.027761389895665345,0.826051640864729,
scipy,dist_fit,ks_laplace,ALGO,0.06393891416172526,0.03234070963223834,
scipy,dist_fit,ks_cauchy,ALGO,0.07951349042658425,0.0034279900464780884,
scipy,dist_fit,ks_logistic,ALGO,0.03582961195891865,0.5316473557056397,
scipy,dist_fit,ks_skewnorm,ALGO,0.025337372734799524,0.8976203107358991,
scipy,dist_fit,ks_johnsonsu,ALGO,0.02783881234674146,0.8235178659434608,
scipy,dist_fit,ks_gennorm,ALGO,0.023661148958074973,0.9363841929497715,
scipy,dist_fit,ks_hypsecant,ALGO,0.041053055458780574,0.35987445796923057,
scipy,dist_fit,ks_genhyperbolic,ALGO,0.028355580286139603,0.8062855701497789,
scipy,dist_fit,ks_t,AENO,0.02803637466196149,0.8169942440764382,
scipy,dist_fit,ks_laplace,AENO,0.05249678111430767,0.12332113188464078,
scipy,dist_fit,ks_cauchy,AENO,0.07678172478232725,0.005263967198039424,
scipy,dist_fit,ks_logistic,AENO,0.032573810512463997,0.6525323858644747,
scipy,dist_fit,ks_skewnorm,AENO,0.030964812661298746,0.7129061573797235,
scipy,dist_fit,ks_johnsonsu,AENO,0.025713835493113985,0.8876127455075636,
scipy,dist_fit,ks_gennorm,AENO,0.02766835558424817,0.8290789115297679,
scipy,dist_fit,ks_hypsecant,AENO,0.0352961083110625,0.5510078977362253,
scipy,dist_fit,ks_genhyperbolic,AENO,0.025309938169745583,0.8983318699355034,
scipy,dist_fit,ks_t,LSST,0.026676366251815686,0.8600746236713378,
scipy,dist_fit,ks_laplace,LSST,0.0707796631884327,0.012814313346559726,
scipy,dist_fit,ks_cauchy,LSST,0.0821059168736716,0.0022502792125836824,
scipy,dist_fit,ks_logistic,LSST,0.03553257735985149,0.5423958986141508,
scipy,dist_fit,ks_skewnorm,LSST,0.023082296861939744,0.94743927371094,
scipy,dist_fit,ks_johnsonsu,LSST,0.02332317389241967,0.9429883097445625,
scipy,dist_fit,ks_gennorm,LSST,0.03312303076631673,0.6318374131670965,
scipy,dist_fit,ks_hypsecant,LSST,0.04332784824156316,0.2974399107466015,
scipy,dist_fit,ks_genhyperbolic,LSST,0.025176848788215855,0.9017488916027071,
scipy,dist_fit,ks_t,SRNA,0.03771788008483934,0.4654551672454641,
scipy,dist_fit,ks_laplace,SRNA,0.07334096000419699,0.008844190012412809,
scipy,dist_fit,ks_cauchy,SRNA,0.08154354967734471,0.002468256719333007,
scipy,dist_fit,ks_logistic,SRNA,0.03811833523672492,0.4519598169659096,
scipy,dist_fit,ks_skewnorm,SRNA,0.03041241539392281,0.7333274346911272,
scipy,dist_fit,ks_johnsonsu,SRNA,0.030618684087561743,0.7257303586681568,
scipy,dist_fit,ks_gennorm,SRNA,0.03992796781957131,0.3936955352190925,
scipy,dist_fit,ks_hypsecant,SRNA,0.049482731655444145,0.16790972489488976,
scipy,dist_fit,ks_genhyperbolic,SRNA,0.030856637508848705,0.7169234584670814,
scipy,dist_fit,ks_t,ELLT,0.02924363670448349,0.7755230320994424,
scipy,dist_fit,ks_laplace,ELLT,0.07237953882385606,0.010180682362236754,
scipy,dist_fit,ks_cauchy,ELLT,0.08367635633752357,0.0017323677323032897,
scipy,dist_fit,ks_logistic,ELLT,0.04167088241985384,0.3421224004271475,
scipy,dist_fit,ks_skewnorm,ELLT,0.02723568931691689,0.8428965380460113,
scipy,dist_fit,ks_johnsonsu,ELLT,0.02669319188991648,0.8595698209980054,
scipy,dist_fit,ks_gennorm,ELLT,0.025559947199825794,0.891757900588391,
scipy,dist_fit,ks_hypsecant,ELLT,0.04955318274470688,0.16673803273324617,
scipy,dist_fit,ks_genhyperbolic,ELLT,0.027656495304116735,0.8294634510717436,
scipy,dist_fit,ks_t,AMRP,0.021487223941832445,0.9715580170166312,
scipy,dist_fit,ks_laplace,AMRP,0.056665810422464935,0.07806839115325359,
scipy,dist_fit,ks_cauchy,AMRP,0.08386315256792842,0.001678745303064441,
scipy,dist_fit,ks_logistic,AMRP,0.027823245521590212,0.8240283615398081,
scipy,dist_fit,ks_skewnorm,AMRP,0.01800589784904416,0.9961127352542275,
scipy,dist_fit,ks_johnsonsu,AMRP,0.01879969825567973,0.993217420429381,
scipy,dist_fit,ks_gennorm,AMRP,0.022018646525888252,0.964544833664073,
scipy,dist_fit,ks_hypsecant,AMRP,0.03545859194402767,0.5450853021847305,
scipy,dist_fit,ks_genhyperbolic,AMRP,0.019196347879750497,0.9912756493410501,
scipy,dist_fit,ks_t,OTCS,0.021352629966835568,0.9731768906023976,
scipy,dist_fit,ks_laplace,OTCS,0.0585773096968783,0.06256850198397701,
scipy,dist_fit,ks_cauchy,OTCS,0.08068179584348079,0.002840432569509545,
scipy,dist_fit,ks_logistic,OTCS,0.03434893589586935,0.5859265809257557,
scipy,dist_fit,ks_skewnorm,OTCS,0.022106182144169345,0.9632929450481115,
scipy,dist_fit,ks_johnsonsu,OTCS,0.02214042360220489,0.9627957131279236,
scipy,dist_fit,ks_gennorm,OTCS,0.02181191852388699,0.9673921111405359,
scipy,dist_fit,ks_hypsecant,OTCS,0.04036970883754479,0.38018925532857695,
scipy,dist_fit,ks_genhyperbolic,OTCS,0.5157670543864815,7.7308673358199e-124,
scipy,dist_fit,ks_t,HETT,0.03143539701618159,0.6953472347655287,
scipy,dist_fit,ks_laplace,HETT,0.054795167709977555,0.09626128127535438,
scipy,dist_fit,ks_cauchy,HETT,0.07532548775746783,0.006575784984431029,
scipy,dist_fit,ks_logistic,HETT,0.026661981519899347,0.8605055869648481,
scipy,dist_fit,ks_skewnorm,HETT,0.03573157502460844,0.5351861012924058,
scipy,dist_fit,ks_johnsonsu,HETT,0.02928498874262353,0.7740597536648931,
scipy,dist_fit,ks_gennorm,HETT,0.02786099631882899,0.8227894658369167,
scipy,dist_fit,ks_hypsecant,HETT,0.03534650134750475,0.549168703597116,
scipy,dist_fit,ks_genhyperbolic,HETT,0.028073763847412003,0.8157504647869497,
scipy,dist_fit,ks_t,HUXZ,0.021881063860815925,0.9664567832709325,
scipy,dist_fit,ks_laplace,HUXZ,0.04975460099369744,0.16342392671403627,
scipy,dist_fit,ks_cauchy,HUXZ,0.07476425625491834,0.00715642359364827,
scipy,dist_fit,ks_logistic,HUXZ,0.02562625326803214,0.8899809794415423,
scipy,dist_fit,ks_skewnorm,HUXZ,0.02150531532878061,0.9713356288958286,
scipy,dist_fit,ks_johnsonsu,HUXZ,0.021698807805215714,0.9688855166141349,
scipy,dist_fit,ks_gennorm,HUXZ,0.02056074620179693,0.9814674092753785,
scipy,dist_fit,ks_hypsecant,HUXZ,0.029091551169347474,0.780882886927689,
scipy,dist_fit,ks_genhyperbolic,HUXZ,0.021659508440776742,0.9693937918589257,
scipy,dist_fit,ks_t,DUCT,0.025170996716506133,0.9018978070245279,
scipy,dist_fit,ks_laplace,DUCT,0.060574726505493115,0.04926194151645513,
scipy,dist_fit,ks_cauchy,DUCT,0.08665417121627833,0.0010406835357833935,
scipy,dist_fit,ks_logistic,DUCT,0.03164318245244918,0.6875591992349062,
scipy,dist_fit,ks_skewnorm,DUCT,0.02123506952852705,0.9745398995208576,
scipy,dist_fit,ks_johnsonsu,DUCT,0.02299317230132536,0.9490320004091659,
scipy,dist_fit,ks_gennorm,DUCT,0.026034356456782926,0.8787446093739644,
scipy,dist_fit,ks_hypsecant,DUCT,0.03964126681691821,0.4026159017992057,
scipy,dist_fit,ks_genhyperbolic,DUCT,0.023586643761644654,0.9378759342631844,
scipy,dist_fit,ks_t,SMAH,0.03792269385821928,0.45852716138298666,
scipy,dist_fit,ks_laplace,SMAH,0.07186797610140533,0.010963995273932698,
scipy,dist_fit,ks_cauchy,SMAH,0.08178573345238277,0.0023720941166268834,
scipy,dist_fit,ks_logistic,SMAH,0.04557979982611682,0.2435464395692798,
scipy,dist_fit,ks_skewnorm,SMAH,0.033732114654432765,0.6089545319094766,
scipy,dist_fit,ks_johnsonsu,SMAH,0.033117298397578654,0.6320532220858275,
scipy,dist_fit,ks_gennorm,SMAH,0.03283626856568711,0.6426394388028294,
scipy,dist_fit,ks_hypsecant,SMAH,0.05064442244407197,0.14940519574124356,
scipy,dist_fit,ks_genhyperbolic,SMAH,0.03276964560225726,0.6451503791845496,
scipy,dist_fit,ks_t,NPCK,0.029530476244953585,0.7653232331728178,
scipy,dist_fit,ks_laplace,NPCK,0.07401093356517238,0.00800921594609718,
scipy,dist_fit,ks_cauchy,NPCK,0.0819858555555261,0.0022952616153021433,
scipy,dist_fit,ks_logistic,NPCK,0.04372231836354512,0.2874334837504724,
scipy,dist_fit,ks_skewnorm,NPCK,0.03051347989643205,0.7296097163530171,
scipy,dist_fit,ks_johnsonsu,NPCK,0.029477430704756058,0.7672180575458187,
scipy,dist_fit,ks_gennorm,NPCK,0.0231520834919669,0.946171711302885,
scipy,dist_fit,ks_hypsecant,NPCK,0.053038546898718175,0.11643812707567502,
scipy,dist_fit,ks_genhyperbolic,NPCK,0.030802943357411572,0.7189144539897454,
scipy,dist_fit,ks_t,MSDP,0.029684275354374734,0.75980858173381,
scipy,dist_fit,ks_laplace,MSDP,0.06111049151901346,0.04613876850969423,
scipy,dist_fit,ks_cauchy,MSDP,0.08158349946490949,0.0024521496597030338,
scipy,dist_fit,ks_logistic,MSDP,0.041146659658107376,0.35714716298858407,
scipy,dist_fit,ks_skewnorm,MSDP,0.029156555742757523,0.7785962306584489,
scipy,dist_fit,ks_johnsonsu,MSDP,0.028491051300669118,0.8016812519783051,
scipy,dist_fit,ks_gennorm,MSDP,0.024274352687426365,0.9233439858726455,
scipy,dist_fit,ks_hypsecant,MSDP,0.047517025335840624,0.2033012263424595,
scipy,dist_fit,ks_genhyperbolic,MSDP,0.02964722830049349,0.7611397223950176,
scipy,dist_fit,ks_t,EORC,0.020790493108218233,0.9792740011588231,
scipy,dist_fit,ks_laplace,EORC,0.059553091577145056,0.05572628510116062,
scipy,dist_fit,ks_cauchy,EORC,0.083913718230721,0.001664497257580278,
scipy,dist_fit,ks_logistic,EORC,0.033156051758638005,0.6305943793239235,
scipy,dist_fit,ks_skewnorm,EORC,0.019819985077139002,0.9874382384854152,
scipy,dist_fit,ks_johnsonsu,EORC,0.019468582183354566,0.9897247347434915,
scipy,dist_fit,ks_gennorm,EORC,0.018573011471733736,0.9941706864430189,
scipy,dist_fit,ks_hypsecant,EORC,0.04053525189004159,0.37520298651086414,
scipy,dist_fit,ks_genhyperbolic,EORC,0.020731893773305643,0.979849503398137,
scipy,dist_fit,ks_t,CUBO,0.021055272297569372,0.9765337417061619,
scipy,dist_fit,ks_laplace,CUBO,0.05317141553678295,0.11479916416200175,
scipy,dist_fit,ks_cauchy,CUBO,0.07451891140388522,0.007424622879941316,
scipy,dist_fit,ks_logistic,CUBO,0.024802755108383312,0.9110385201149545,
scipy,dist_fit,ks_skewnorm,CUBO,0.02048769198518441,0.9821298429941119,
scipy,dist_fit,ks_johnsonsu,CUBO,0.020615748822994107,0.9809575997694242,
scipy,dist_fit,ks_gennorm,CUBO,0.019014487665591995,0.9922109573934892,
scipy,dist_fit,ks_hypsecant,CUBO,0.0311364829260804,0.7065151875766088,
scipy,dist_fit,ks_genhyperbolic,CUBO,0.02038448011136973,0.9830374771398381,
scipy,dist_fit,ks_t,HRET,0.05104281022755497,0.14344976637875706,
scipy,dist_fit,ks_laplace,HRET,0.06034848428706718,0.05063471159153976,
scipy,dist_fit,ks_cauchy,HRET,0.0867870911575016,0.0010168542439728929,
scipy,dist_fit,ks_logistic,HRET,0.04978440479274493,0.16293801605771796,
scipy,dist_fit,ks_skewnorm,HRET,0.03489626058644579,0.5656719109872426,
scipy,dist_fit,ks_johnsonsu,HRET,0.03734082980862208,0.4783465686099132,
scipy,dist_fit,ks_gennorm,HRET,0.05063228941304243,0.149589640021225,
scipy,dist_fit,ks_hypsecant,HRET,0.04899897981995116,0.17613212781266485,
scipy,dist_fit,ks_genhyperbolic,HRET,0.03821100278428158,0.4488665877398659,
scipy,dist_fit,ks_t,ANSO,0.02556005002249795,0.891755155807711,
scipy,dist_fit,ks_laplace,ANSO,0.05529266938956945,0.09110763847377412,
scipy,dist_fit,ks_cauchy,ANSO,0.07702152564830655,0.005072506820199443,
scipy,dist_fit,ks_logistic,ANSO,0.03175358855687849,0.6834142854607377,
scipy,dist_fit,ks_skewnorm,ANSO,0.024654123541263617,0.9145977865286744,
scipy,dist_fit,ks_johnsonsu,ANSO,0.02425190962132906,0.9238449930383162,
scipy,dist_fit,ks_gennorm,ANSO,0.02573201014640103,0.8871183068034219,
scipy,dist_fit,ks_hypsecant,ANSO,0.03888538464203645,0.42670342932548977,
scipy,dist_fit,ks_genhyperbolic,ANSO,0.024953500483759106,0.9073516957962126,
scipy,dist_fit,ks_t,DIHO,0.029133700164167275,0.7794009514219048,
scipy,dist_fit,ks_laplace,DIHO,0.06402492133869225,0.031985109446485915,
scipy,dist_fit,ks_cauchy,DIHO,0.07945246372090127,0.0034615614157651096,
scipy,dist_fit,ks_logistic,DIHO,0.03469044717261105,0.5732655371566544,
scipy,dist_fit,ks_skewnorm,DIHO,0.028335259207108332,0.8069732494202237,
scipy,dist_fit,ks_johnsonsu,DIHO,0.02811619270627952,0.8143355799865222,
scipy,dist_fit,ks_gennorm,DIHO,0.029498441981004042,0.7664679707943066,
scipy,dist_fit,ks_hypsecant,DIHO,0.03443904916172169,0.5825788629395181,
scipy,dist_fit,ks_genhyperbolic,DIHO,0.028210076333805678,0.8111919401443628,
scipy,dist_fit,ks_t,RTTH,0.0207480892667411,0.9796915559419256,
scipy,dist_fit,ks_laplace,RTTH,0.05768094337413998,0.06947464617913601,
scipy,dist_fit,ks_cauchy,RTTH,0.08230349516709051,0.002178027509269514,
scipy,dist_fit,ks_logistic,RTTH,0.03171078980447417,0.6850215573928822,
scipy,dist_fit,ks_skewnorm,RTTH,0.02335342843942778,0.9424141824881622,
scipy,dist_fit,ks_johnsonsu,RTTH,0.023532476005636904,0.9389477592064053,
scipy,dist_fit,ks_gennorm,RTTH,0.021525639010883224,0.9710844407021784,
scipy,dist_fit,ks_hypsecant,RTTH,0.03870861063540065,0.4324529546059601,
scipy,dist_fit,ks_genhyperbolic,RTTH,0.021749044312934673,0.968227840563217,
scipy,dist_fit,ks_t,SPLZ,0.026990541490883535,0.8505246760357044,
scipy,dist_fit,ks_laplace,SPLZ,0.06924807005551226,0.01589488438376594,
scipy,dist_fit,ks_cauchy,SPLZ,0.0806961363459473,0.0028338364852695456,
scipy,dist_fit,ks_logistic,SPLZ,0.03502962015100142,0.5607675694364228,
scipy,dist_fit,ks_skewnorm,SPLZ,0.03082696416326991,0.7180240121136442,
scipy,dist_fit,ks_johnsonsu,SPLZ,0.03137378449019701,0.6976529087297014,
scipy,dist_fit,ks_gennorm,SPLZ,0.027913994118413887,0.8210450415745042,
scipy,dist_fit,ks_hypsecant,SPLZ,0.04196703039924199,0.3338224277391182,
scipy,dist_fit,ks_genhyperbolic,SPLZ,0.02985193660448704,0.7537632024693908,
scipy,dist_fit,ks_t,NWIG,0.021160821517006823,0.9753764840109856,
scipy,dist_fit,ks_laplace,NWIG,0.042840704444187194,0.3101319977320779,
scipy,dist_fit,ks_cauchy,NWIG,0.07354344869715335,0.008583862428329939,
scipy,dist_fit,ks_logistic,NWIG,0.02309618202168917,0.947188500989635,
scipy,dist_fit,ks_skewnorm,NWIG,0.02465769838780474,0.9145130711579688,
scipy,dist_fit,ks_johnsonsu,NWIG,0.02376541371707841,0.9342626703862851,
scipy,dist_fit,ks_gennorm,NWIG,0.01708705947186584,0.9981583199794326,
scipy,dist_fit,ks_hypsecant,NWIG,0.026681593541024062,0.8599178765050035,
scipy,dist_fit,ks_genhyperbolic,NWIG,0.023612257221191313,0.9373653858941976,
scipy,dist_fit,ks_t,MMBT,0.028232444406404156,0.8104403745243279,
scipy,dist_fit,ks_laplace,MMBT,0.04613973119553527,0.2313458652101581,
scipy,dist_fit,ks_cauchy,MMBT,0.07245131375460515,0.010074927305694805,
scipy,dist_fit,ks_logistic,MMBT,0.025271545050749467,0.8993235457997535,
scipy,dist_fit,ks_skewnorm,MMBT,0.026900482800724546,0.8532886667391623,
scipy,dist_fit,ks_johnsonsu,MMBT,0.021820648073531013,0.9672749664148254,
scipy,dist_fit,ks_gennorm,MMBT,0.024587477318492312,0.916169056379862,
scipy,dist_fit,ks_hypsecant,MMBT,0.03261555624391199,0.6509587136617564,
scipy,dist_fit,ks_genhyperbolic,MMBT,0.018175837822351437,0.9955927709933683,
scipy,dist_fit,ks_t,MDGI,0.035190772098310785,0.5548589962534223,
scipy,dist_fit,ks_laplace,MDGI,0.0819772808361815,0.0022985058760012717,
scipy,dist_fit,ks_cauchy,MDGI,0.08470276000246002,0.0014562316676334124,
scipy,dist_fit,ks_logistic,MDGI,0.042381138924666995,0.3224451320948427,
scipy,dist_fit,ks_skewnorm,MDGI,0.030940586274344928,0.7138065445419821,
scipy,dist_fit,ks_johnsonsu,MDGI,0.029726542588683125,0.7582877769330715,
scipy,dist_fit,ks_gennorm,MDGI,0.028914369320294786,0.7870821453898778,
scipy,dist_fit,ks_hypsecant,MDGI,0.04863550315128862,0.18251625988878017,
scipy,dist_fit,ks_genhyperbolic,MDGI,0.034748403422383056,0.5711242647163044,
scipy,dist_fit,ks_t,AGVF,0.03364273750184743,0.6123051388650274,
scipy,dist_fit,ks_laplace,AGVF,0.04970998196220089,0.16415353159054513,
scipy,dist_fit,ks_cauchy,AGVF,0.07032643930206557,0.013664540961089253,
scipy,dist_fit,ks_logistic,AGVF,0.027045619876968185,0.8488240008935578,
scipy,dist_fit,ks_skewnorm,AGVF,0.0380154658750792,0.455406765401437,
scipy,dist_fit,ks_johnsonsu,AGVF,0.031134346682127223,0.7065948266783528,
scipy,dist_fit,ks_gennorm,AGVF,0.026073705542024928,0.8776345348477431,
scipy,dist_fit,ks_hypsecant,AGVF,0.02820738320169225,0.8112823626394188,
scipy,dist_fit,ks_genhyperbolic,AGVF,0.026964923668534424,0.851313042512692,
scipy,dist_fit,ks_t,RRES,0.03624646536756637,0.5167032178633015,
scipy,dist_fit,ks_laplace,RRES,0.06329025972316094,0.035136273101829985,
scipy,dist_fit,ks_cauchy,RRES,0.08111624333859757,0.0026467676954202127,
scipy,dist_fit,ks_logistic,RRES,0.037739365514647516,0.46472590213908893,
scipy,dist_fit,ks_skewnorm,RRES,0.0306920693386441,0.7230189360595379,
scipy,dist_fit,ks_johnsonsu,RRES,0.03640354332716278,0.5111171442484217,
scipy,dist_fit,ks_gennorm,RRES,0.03550039559291973,0.5435651412999769,
scipy,dist_fit,ks_hypsecant,RRES,0.042337308936145124,0.3236366823719612,
scipy,dist_fit,ks_genhyperbolic,RRES,0.030472940532476955,0.7311020665426649,
scipy,dist_fit,ks_t,CTGI,0.021003894165691372,0.9770835667309791,
scipy,dist_fit,ks_laplace,CTGI,0.058582147697708836,0.06253288064217188,
scipy,dist_fit,ks_cauchy,CTGI,0.08402179009336341,0.0016344214045715838,
scipy,dist_fit,ks_logistic,CTGI,0.03356510592190126,0.6152177503544635,
scipy,dist_fit,ks_skewnorm,CTGI,0.022467257146236486,0.9578352871537229,
scipy,dist_fit,ks_johnsonsu,CTGI,0.02300816610125833,0.9487660963074913,
scipy,dist_fit,ks_gennorm,CTGI,0.02036638795417689,0.9831932009066773,
scipy,dist_fit,ks_hypsecant,CTGI,0.042680129350955665,0.3143968147751741,
scipy,dist_fit,ks_genhyperbolic,CTGI,0.02195935431394419,0.9653771268349214,
scipy,dist_fit,ks_t,ALUT,0.031406015193031434,0.6964469891554554,
scipy,dist_fit,ks_laplace,ALUT,0.05563296253739014,0.08771716984176947,
scipy,dist_fit,ks_cauchy,ALUT,0.07648797405154159,0.005507509817492305,
scipy,dist_fit,ks_logistic,ALUT,0.03696958012139717,0.4912072124929385,
scipy,dist_fit,ks_skewnorm,ALUT,0.02512060454398235,0.9031754365638041,
scipy,dist_fit,ks_johnsonsu,ALUT,0.024845805873114468,0.9099934770114301,
scipy,dist_fit,ks_gennorm,ALUT,0.03071865539020835,0.7220355915149582,
scipy,dist_fit,ks_hypsecant,ALUT,0.045961434331396434,0.2351799703930718,
scipy,dist_fit,ks_genhyperbolic,ALUT,0.531228905764399,5.774551815069323e-132,
scipy,dist_fit,ks_t,ACAC,0.042339416079259284,0.32357932960117,
scipy,dist_fit,ks_laplace,ACAC,0.07333039449072137,0.008857968102116132,
scipy,dist_fit,ks_cauchy,ACAC,0.08521758971773308,0.001333702552466363,
scipy,dist_fit,ks_logistic,ACAC,0.05001191371810371,0.15926654727266498,
scipy,dist_fit,ks_skewnorm,ACAC,0.040929401683412636,0.36349785786132816,
scipy,dist_fit,ks_johnsonsu,ACAC,0.039626707914182935,0.4030720934866393,
scipy,dist_fit,ks_gennorm,ACAC,0.03570534585094565,0.5361343672901784,
scipy,dist_fit,ks_hypsecant,ACAC,0.055375601808426766,0.09027140286490898,
scipy,dist_fit,ks_genhyperbolic,ACAC,0.038778152432358715,0.43018596420028266,
scipy,dist_fit,ks_t,SRTX,0.033146667922290485,0.630947600649727,
scipy,dist_fit,ks_laplace,SRTX,0.06500456339184513,0.028170877996455235,
scipy,dist_fit,ks_cauchy,SRTX,0.08585012442849423,0.001196307636780945,
scipy,dist_fit,ks_logistic,SRTX,0.04043116820365217,0.37833324208965036,
scipy,dist_fit,ks_skewnorm,SRTX,0.029393679684616203,0.770201930483845,
scipy,dist_fit,ks_johnsonsu,SRTX,0.027599594975884933,0.8313038913866715,
scipy,dist_fit,ks_gennorm,SRTX,0.027023455222014603,0.8495093167519349,
scipy,dist_fit,ks_hypsecant,SRTX,0.046063748102309454,0.23297402137994627,
scipy,dist_fit,ks_genhyperbolic,SRTX,0.034232579138935015,0.5902560521185534,
scipy,dist_fit,ks_t,GARI,0.0404955286382257,0.3763957126655203,
scipy,dist_fit,ks_laplace,GARI,0.09541227589299162,0.0002095961998497699,
scipy,dist_fit,ks_cauchy,GARI,0.08131114063796882,0.002563916993515524,
scipy,dist_fit,ks_logistic,GARI,0.05048669563320607,0.15181721877561427,
scipy,dist_fit,ks_skewnorm,GARI,0.038799565274089565,0.4294892734539273,
scipy,dist_fit,ks_johnsonsu,GARI,0.0405742121120346,0.37403548544830645,
scipy,dist_fit,ks_gennorm,GARI,0.0303209241855823,0.7366849957429851,
scipy,dist_fit,ks_hypsecant,GARI,0.05859012317313439,0.06247419648813235,
scipy,dist_fit,ks_genhyperbolic,GARI,0.03854394394736682,0.4378473993948325,
scipy,dist_fit,ks_t,RCRI,0.025903644252059266,0.882398858207709,
scipy,dist_fit,ks_laplace,RCRI,0.061106762324013686,0.04615989990215197,
scipy,dist_fit,ks_cauchy,RCRI,0.08147187831319658,0.002497398884769863,
scipy,dist_fit,ks_logistic,RCRI,0.03779797572088195,0.4627395048703057,
scipy,dist_fit,ks_skewnorm,RCRI,0.024891684947044745,0.9088728465977461,
scipy,dist_fit,ks_johnsonsu,RCRI,0.025895461769865014,0.8826258970683138,
scipy,dist_fit,ks_gennorm,RCRI,0.02224977049504817,0.961179406712974,
scipy,dist_fit,ks_hypsecant,RCRI,0.04460547049231878,0.26590635355854586,
scipy,dist_fit,ks_genhyperbolic,RCRI,0.024679694955950016,0.9139908350037179,
scipy,dist_fit,ks_t,ACIX,0.03212993057403324,0.669258842132286,
scipy,dist_fit,ks_laplace,ACIX,0.053074147902467395,0.11599710594272872,
scipy,dist_fit,ks_cauchy,ACIX,0.07690381479470366,0.005165677189881562,
scipy,dist_fit,ks_logistic,ACIX,0.031641534723715115,0.687621026033999,
scipy,dist_fit,ks_skewnorm,ACIX,0.02545053694369792,0.8946594993208193,
scipy,dist_fit,ks_johnsonsu,ACIX,0.025651593280738627,0.8892982470925703,
scipy,dist_fit,ks_gennorm,ACIX,0.032015432856286496,0.6735690883500731,
scipy,dist_fit,ks_hypsecant,ACIX,0.035133556695809864,0.5569544827798798,
scipy,dist_fit,ks_genhyperbolic,ACIX,0.025521684126694644,0.8927769814718473,
scipy,dist_fit,ks_t,CCNS,0.02989064780466219,0.7523626254724902,
scipy,dist_fit,ks_laplace,CCNS,0.07243162908727752,0.01010383180248604,
scipy,dist_fit,ks_cauchy,CCNS,0.08434826344060817,0.0015466050524828253,
scipy,dist_fit,ks_logistic,CCNS,0.03839380649341467,0.4427980087460055,
scipy,dist_fit,ks_skewnorm,CCNS,0.02668177356607812,0.8599124768998829,
scipy,dist_fit,ks_johnsonsu,CCNS,0.02592929144129308,0.8816859123608357,
scipy,dist_fit,ks_gennorm,CCNS,0.028551416771538635,0.7996186535758425,
scipy,dist_fit,ks_hypsecant,CCNS,0.045140572625824604,0.2534473151569,
scipy,dist_fit,ks_genhyperbolic,CCNS,0.02732914704941103,0.8399493518509195,
scipy,dist_fit,ks_t,MTNS,0.021579931581839018,0.970406346173837,
scipy,dist_fit,ks_laplace,MTNS,0.06531701603905204,0.027041788020733204,
scipy,dist_fit,ks_cauchy,MTNS,0.07735308392056794,0.004818285090629287,
scipy,dist_fit,ks_logistic,MTNS,0.03569100658802693,0.5366530403191128,
scipy,dist_fit,ks_skewnorm,MTNS,0.021581978568625426,0.9703805783394002,
scipy,dist_fit,ks_johnsonsu,MTNS,0.021604336344072217,0.9700981784571614,
scipy,dist_fit,ks_gennorm,MTNS,0.020609846857633674,0.9810127617514097,
scipy,dist_fit,ks_hypsecant,MTNS,0.04441902910848261,0.27035055170591815,
scipy,dist_fit,ks_genhyperbolic,MTNS,0.021964027241850204,0.9653119906953839,
scipy,dist_fit,ks_t,IHOZ,0.03130772488178468,0.700122957412171,
scipy,dist_fit,ks_laplace,IHOZ,0.05221524810003164,0.1270273092288834,
scipy,dist_fit,ks_cauchy,IHOZ,0.0751943969778599,0.006707424747476522,
scipy,dist_fit,ks_logistic,IHOZ,0.035010113264106524,0.5614841233128596,
scipy,dist_fit,ks_skewnorm,IHOZ,0.02933732704947367,0.7722041765511191,
scipy,dist_fit,ks_johnsonsu,IHOZ,0.025977339929164733,0.8803449040026035,
scipy,dist_fit,ks_gennorm,IHOZ,0.029407960272011202,0.7696938260614746,
scipy,dist_fit,ks_hypsecant,IHOZ,0.04126880472793659,0.3536085138897729,
scipy,dist_fit,ks_genhyperbolic,IHOZ,0.027096936684033235,0.8472325454471755,
scipy,dist_fit,ks_t,NAYO,0.03900690378275962,0.42277628214436347,
scipy,dist_fit,ks_laplace,NAYO,0.08104141120019659,0.002679231013907621,
scipy,dist_fit,ks_cauchy,NAYO,0.08391164038086951,0.0016650805192559264,
scipy,dist_fit,ks_logistic,NAYO,0.050731596954470826,0.1480853473277195,
scipy,dist_fit,ks_skewnorm,NAYO,0.03882927909841505,0.4285235536133415,
scipy,dist_fit,ks_johnsonsu,NAYO,0.038648147281119205,0.43442940856998,
scipy,dist_fit,ks_gennorm,NAYO,0.030024438710322898,0.747508912931528,
scipy,dist_fit,ks_hypsecant,NAYO,0.058108808027560355,0.06610117512956104,
scipy,dist_fit,ks_genhyperbolic,NAYO,0.03587459288519379,0.5300267148620582,
scipy,dist_fit,ks_t,FWWG,0.030640694416755876,0.7249175785483541,
scipy,dist_fit,ks_laplace,FWWG,0.07173477081777857,0.011176705280941696,
scipy,dist_fit,ks_cauchy,FWWG,0.085030846679368,0.0013769927200761162,
scipy,dist_fit,ks_logistic,FWWG,0.03828637348635078,0.44635909423087305,
scipy,dist_fit,ks_skewnorm,FWWG,0.030523931056129383,0.7292247531617572,
scipy,dist_fit,ks_johnsonsu,FWWG,0.030618446186044146,0.7257391415592997,
scipy,dist_fit,ks_gennorm,FWWG,0.024442973090666398,0.9195229234014721,
scipy,dist_fit,ks_hypsecant,FWWG,0.04638702478880319,0.22610617969689828,
scipy,dist_fit,ks_genhyperbolic,FWWG,0.029520967878363225,0.765663155384209,
scipy,dist_fit,ks_t,EELT,0.035984270084570946,0.5260831408401717,
scipy,dist_fit,ks_laplace,EELT,0.06190992521822136,0.04179807827222859,
scipy,dist_fit,ks_cauchy,EELT,0.09124795075094463,0.0004577932213000043,
scipy,dist_fit,ks_logistic,EELT,0.035646000303625636,0.5382821910078928,
scipy,dist_fit,ks_skewnorm,EELT,0.027492037806397973,0.8347626431868878,
scipy,dist_fit,ks_johnsonsu,EELT,0.02740573234547672,0.8375185685209012,
scipy,dist_fit,ks_gennorm,EELT,0.0364750391193176,0.5085831067292537,
scipy,dist_fit,ks_hypsecant,EELT,0.042100387676527684,0.3301293946055246,
scipy,dist_fit,ks_genhyperbolic,EELT,0.02534601090964783,0.8973957603644586,
scipy,dist_fit,ks_t,HRND,0.03029955644493254,0.7374680185788809,
scipy,dist_fit,ks_laplace,HRND,0.07217466916542808,0.010488091586292738,
scipy,dist_fit,ks_cauchy,HRND,0.08046155277355715,0.0029435331757465613,
scipy,dist_fit,ks_logistic,HRND,0.034842876471764844,0.567638731865288,
scipy,dist_fit,ks_skewnorm,HRND,0.030008137493899745,0.7481013606699838,
scipy,dist_fit,ks_johnsonsu,HRND,0.030306161534044973,0.7372260211435282,
scipy,dist_fit,ks_gennorm,HRND,0.029903170714706273,0.7519091733405161,
scipy,dist_fit,ks_hypsecant,HRND,0.042412471725835704,0.321595163381141,
scipy,dist_fit,ks_genhyperbolic,HRND,0.22244488977955912,3.6018825760511764e-22,
scipy,dist_fit,ks_t,AETS,0.02944024146372881,0.7685442195379641,
scipy,dist_fit,ks_laplace,AETS,0.06905425942720475,0.016328679403523418,
scipy,dist_fit,ks_cauchy,AETS,0.08681668490042535,0.0010116186174505882,
scipy,dist_fit,ks_logistic,AETS,0.04010091786636466,0.3883729692333616,
scipy,dist_fit,ks_skewnorm,AETS,0.025494157415612784,0.8935072389302513,
scipy,dist_fit,ks_johnsonsu,AETS,0.02590200495631312,0.8824443599252844,
scipy,dist_fit,ks_gennorm,AETS,0.021607534686564955,0.9700576370212628,
scipy,dist_fit,ks_hypsecant,AETS,0.04942008799923814,0.168957038771141,
scipy,dist_fit,ks_genhyperbolic,AETS,0.029899053997370473,0.7520582587747093,
scipy,dist_fit,ks_t,ULXY,0.019891591573822698,0.9869309983901008,
scipy,dist_fit,ks_laplace,ULXY,0.04906285333879834,0.1750286252832315,
scipy,dist_fit,ks_cauchy,ULXY,0.0730126715478353,0.00928150691177989,
scipy,dist_fit,ks_logistic,ULXY,0.022174890311552176,0.9622909247139378,
scipy,dist_fit,ks_skewnorm,ULXY,0.024525290557308732,0.9176212985038866,
scipy,dist_fit,ks_johnsonsu,ULXY,0.0197101416951333,0.9881887108246885,
scipy,dist_fit,ks_gennorm,ULXY,0.018512204906312668,0.9944082714804193,
scipy,dist_fit,ks_hypsecant,ULXY,0.028557566359408593,0.7994081599829508,
scipy,dist_fit,ks_genhyperbolic,ULXY,0.01831700835369038,0.9951216732908356,
scipy,dist_fit,ks_t,BLBT,0.031074586958519168,0.7088215665231288,
scipy,dist_fit,ks_laplace,BLBT,0.07034665656534167,0.013625558850349134,
scipy,dist_fit,ks_cauchy,BLBT,0.08538912253278597,0.001295058428296085,
scipy,dist_fit,ks_logistic,BLBT,0.04341028882659059,0.2953286250252023,
scipy,dist_fit,ks_skewnorm,BLBT,0.029845635966086803,0.7539909950542162,
scipy,dist_fit,ks_johnsonsu,BLBT,0.030962318070095973,0.7129988882683075,
scipy,dist_fit,ks_gennorm,BLBT,0.027334208309240493,0.8397891424351837,
scipy,dist_fit,ks_hypsecant,BLBT,0.051456672759506716,0.13746725649090275,
scipy,dist_fit,ks_genhyperbolic,BLBT,0.030028208516201138,0.7473718626381367,
scipy,dist_fit,ks_t,BENI,0.026543844487224633,0.8640235931993671,
scipy,dist_fit,ks_laplace,BENI,0.0632463519595664,0.03533293538042581,
scipy,dist_fit,ks_cauchy,BENI,0.07471068368232936,0.007214221917658169,
scipy,dist_fit,ks_logistic,BENI,0.02777926758779542,0.8254677247577021,
scipy,dist_fit,ks_skewnorm,BENI,0.02756639558201701,0.8323743300846276,
scipy,dist_fit,ks_johnsonsu,BENI,0.026224367508845048,0.8733420037203439,
scipy,dist_fit,ks_gennorm,BENI,0.026497400004303173,0.8653961385202329,
scipy,dist_fit,ks_hypsecant,BENI,0.03474215368748304,0.5713550610794074,
scipy,dist_fit,ks_genhyperbolic,BENI,0.0257935524514894,0.885436467938004,
scipy,dist_fit,ks_t,ITPA,0.03296916839193592,0.6376318548663291,
scipy,dist_fit,ks_laplace,ITPA,0.06546746014942795,0.02651253910629925,
scipy,dist_fit,ks_cauchy,ITPA,0.09046951696704499,0.0005277225014351502,
scipy,dist_fit,ks_logistic,ITPA,0.04129057823820248,0.35298012538844314,
scipy,dist_fit,ks_skewnorm,ITPA,0.02799365507380336,0.8184118154801754,
scipy,dist_fit,ks_johnsonsu,ITPA,0.02747887330808496,0.8351841422728266,
scipy,dist_fit,ks_gennorm,ITPA,0.024116329906412437,0.9268335380833819,
scipy,dist_fit,ks_hypsecant,ITPA,0.048593633640492906,0.1832631613414537,
scipy,dist_fit,ks_genhyperbolic,ITPA,0.03293639442118268,0.6388665706793821,
scipy,dist_fit,ks_t,HTRK,0.01607423404653556,0.9993092369600478,
scipy,dist_fit,ks_laplace,HTRK,0.05038519068336844,0.1533859124539768,
scipy,dist_fit,ks_cauchy,HTRK,0.07791177893486101,0.004416189157588093,
scipy,dist_fit,ks_logistic,HTRK,0.026797275031293255,0.8564302228194454,
scipy,dist_fit,ks_skewnorm,HTRK,0.017006493752417653,0.9982854034922378,
scipy,dist_fit,ks_johnsonsu,HTRK,0.01712966342337796,0.998088151172327,
scipy,dist_fit,ks_gennorm,HTRK,0.01743932254083791,0.9975120601611774,
scipy,dist_fit,ks_hypsecant,HTRK,0.03469797419142823,0.5729873143993713,
scipy,dist_fit,ks_genhyperbolic,HTRK,0.016453157343132727,0.9989811700509605,
scipy,dist_fit,ks_t,NGTE,0.031111084142433854,0.7074618791185263,
scipy,dist_fit,ks_laplace,NGTE,0.0760054672331325,0.005930008435702454,
scipy,dist_fit,ks_cauchy,NGTE,0.08679094296250478,0.001016171366068968,
scipy,dist_fit,ks_logistic,NGTE,0.03993446336000672,0.39349483385748496,
scipy,dist_fit,ks_skewnorm,NGTE,0.030975103141051008,0.7125235882530623,
scipy,dist_fit,ks_johnsonsu,NGTE,0.030412221984502608,0.7333345406186962,
scipy,dist_fit,ks_gennorm,NGTE,0.023211758887627054,0.9450735846002702,
scipy,dist_fit,ks_hypsecant,NGTE,0.04547735693334476,0.24582955468683398,
scipy,dist_fit,ks_genhyperbolic,NGTE,0.03066850804374538,0.7238899414075475,
scipy,dist_fit,ks_t,ILVX,0.04464370236406495,0.2650016295339711,
scipy,dist_fit,ks_laplace,ILVX,0.07674601050699803,0.005293041387678839,
scipy,dist_fit,ks_cauchy,ILVX,0.08594677688021704,0.0011765146293675412,
scipy,dist_fit,ks_logistic,ILVX,0.04607566061921947,0.23271819377382164,
scipy,dist_fit,ks_skewnorm,ILVX,0.03248157282108849,0.6560093429116982,
scipy,dist_fit,ks_johnsonsu,ILVX,0.03240325737342675,0.6589612191227969,
scipy,dist_fit,ks_gennorm,ILVX,0.04354134122486647,0.29199420202637405,
scipy,dist_fit,ks_hypsecant,ILVX,0.04945903962991105,0.16830521601466752,
scipy,dist_fit,ks_genhyperbolic,ILVX,0.03276127248024202,0.6454659741302027,
scipy,dist_fit,ks_t,FCSG,0.02995694098003604,0.7499601288407797,
scipy,dist_fit,ks_laplace,FCSG,0.08048585461055935,0.0029319897414147897,
scipy,dist_fit,ks_cauchy,FCSG,0.081467632853646,0.0024991350673445553,
scipy,dist_fit,ks_logistic,FCSG,0.031098392932256247,0.7079347761143835,
scipy,dist_fit,ks_skewnorm,FCSG,0.025385283834503114,0.8963718115444569,
scipy,dist_fit,ks_johnsonsu,FCSG,0.02529380859085123,0.8987490742210962,
scipy,dist_fit,ks_gennorm,FCSG,0.030844023460623593,0.717391377361134,
scipy,dist_fit,ks_hypsecant,FCSG,0.041612660989629124,0.3437701366971565,
scipy,dist_fit,ks_genhyperbolic,FCSG,0.02607485969308243,0.8776019057514217,
scipy,dist_fit,ks_t,FARS,0.01997538550531186,0.9863190635721367,
scipy,dist_fit,ks_laplace,FARS,0.05494495407909311,0.09468465928720682,
scipy,dist_fit,ks_cauchy,FARS,0.07530558885098815,0.006595614305616096,
scipy,dist_fit,ks_logistic,FARS,0.02620714336530608,0.8738361011580327,
scipy,dist_fit,ks_skewnorm,FARS,0.022869586349693383,0.9511921644496432,
scipy,dist_fit,ks_johnsonsu,FARS,0.021879861942882495,0.9664731872755019,
scipy,dist_fit,ks_gennorm,FARS,0.018125520735212897,0.9957519723482907,
scipy,dist_fit,ks_hypsecant,FARS,0.034109762130619725,0.5948337606880195,
scipy,dist_fit,ks_genhyperbolic,FARS,0.021877892240595775,0.9665000589882348,
scipy,dist_fit,ks_t,MHRM,0.01936929161110429,0.990311943911766,
scipy,dist_fit,ks_laplace,MHRM,0.04935136650523325,0.17011190573815638,
scipy,dist_fit,ks_cauchy,MHRM,0.08162283309793361,0.0024363860691558937,
scipy,dist_fit,ks_logistic,MHRM,0.023335690235848222,0.9427512002167512,
scipy,dist_fit,ks_skewnorm,MHRM,0.022024848124032048,0.9644570507011463,
scipy,dist_fit,ks_johnsonsu,MHRM,0.01936418639496823,0.9903414587163326,
scipy,dist_fit,ks_gennorm,MHRM,0.019854164440748834,0.9871979113683638,
scipy,dist_fit,ks_hypsecant,MHRM,0.029555954591165112,0.7644117974011791,
scipy,dist_fit,ks_genhyperbolic,MHRM,0.2965931863727455,2.0925046691071767e-39,
scipy,dist_fit,ks_t,EAFC,0.02376019319642514,0.9343698342539232,
scipy,dist_fit,ks_laplace,EAFC,0.06259296144247364,0.038375413134424274,
scipy,dist_fit,ks_cauchy,EAFC,0.08719637338908581,0.0009466409020106746,
scipy,dist_fit,ks_logistic,EAFC,0.03356507834178074,0.6152187854816007,
scipy,dist_fit,ks_skewnorm,EAFC,0.023779813953347884,0.9339665578773761,
scipy,dist_fit,ks_johnsonsu,EAFC,0.02392037701610389,0.9310367132579511,
scipy,dist_fit,ks_gennorm,EAFC,0.02675015930852004,0.8578550258606666,
scipy,dist_fit,ks_hypsecant,EAFC,0.042593402869505886,0.3167169806181048,
scipy,dist_fit,ks_genhyperbolic,EAFC,0.36472945891783565,5.286941907441097e-60,
scipy,trend,linregress_slope,ALGO,-0.014739081996327986,4.7287317180265486e-14,r2=0.108
scipy,trend,theilsen_slope,ALGO,-0.015230198572066065,,lo=-0.0197 hi=-0.0101 signif=True
scipy,trend,linregress_slope,AENO,-0.13574399433597734,4.548447972727404e-136,r2=0.710
scipy,trend,theilsen_slope,AENO,-0.13619008264462812,,lo=-0.1461 hi=-0.1276 signif=True
scipy,trend,linregress_slope,LSST,-0.01623970287881152,1.1805675741715789e-05,r2=0.038
scipy,trend,theilsen_slope,LSST,-0.005780143413597778,,lo=-0.0148 hi=0.0029 signif=False
scipy,trend,linregress_slope,SRNA,-0.09388297313189255,2.005330117210859e-49,r2=0.355
scipy,trend,theilsen_slope,SRNA,-0.09888734138037683,,lo=-0.1080 hi=-0.0909 signif=True
scipy,trend,linregress_slope,ELLT,0.033566104664418665,1.689159226908938e-12,r2=0.095
scipy,trend,theilsen_slope,ELLT,0.0350686090225564,,lo=0.0257 hi=0.0466 signif=True
scipy,trend,linregress_slope,AMRP,-0.018850038760155043,8.043507159047794e-101,r2=0.599
scipy,trend,theilsen_slope,AMRP,-0.018086845607808346,,lo=-0.0196 hi=-0.0164 signif=True
scipy,trend,linregress_slope,OTCS,0.035256786627146514,7.760119051236606e-159,r2=0.765
scipy,trend,theilsen_slope,OTCS,0.035081399310945366,,lo=0.0334 hi=0.0368 signif=True
scipy,trend,linregress_slope,HETT,-0.001963495373981497,0.30708614682728025,r2=0.002
scipy,trend,theilsen_slope,HETT,0.003218025812521727,,lo=-0.0015 hi=0.0081 signif=False
scipy,trend,linregress_slope,HUXZ,-0.0772473003492014,2.4295757629794804e-126,r2=0.683
scipy,trend,theilsen_slope,HUXZ,-0.07959765269299518,,lo=-0.0836 hi=-0.0756 signif=True
scipy,trend,linregress_slope,DUCT,-0.019438973275893102,5.709132739145477e-73,r2=0.481
scipy,trend,theilsen_slope,DUCT,-0.022751146788990817,,lo=-0.0262 hi=-0.0195 signif=True
scipy,trend,linregress_slope,SMAH,0.06316418609674439,6.300272226521941e-86,r2=0.540
scipy,trend,theilsen_slope,SMAH,0.06422127940741772,,lo=0.0566 hi=0.0720 signif=True
scipy,trend,linregress_slope,NPCK,-0.020142166008664038,2.4495023143685346e-236,r2=0.885
scipy,trend,theilsen_slope,NPCK,-0.01957831325301205,,lo=-0.0203 hi=-0.0189 signif=True
scipy,trend,linregress_slope,MSDP,-0.03150168072672291,6.3198042426833766e-170,r2=0.788
scipy,trend,theilsen_slope,MSDP,-0.032,,lo=-0.0332 hi=-0.0307 signif=True
scipy,trend,linregress_slope,EORC,-0.014349779319117274,1.3432357107440389e-08,r2=0.063
scipy,trend,theilsen_slope,EORC,-0.009619043779730697,,lo=-0.0167 hi=-0.0020 signif=True
scipy,trend,linregress_slope,CUBO,0.11605551654206618,8.622629339811324e-116,r2=0.651
scipy,trend,theilsen_slope,CUBO,0.1183527739453991,,lo=0.1099 hi=0.1277 signif=True
scipy,trend,linregress_slope,HRET,0.0036072729890919567,0.11223126606127537,r2=0.005
scipy,trend,theilsen_slope,HRET,-0.0004761904761904237,,lo=-0.0052 hi=0.0048 signif=False
scipy,trend,linregress_slope,ANSO,0.051823477853911414,5.273872732096887e-103,r2=0.607
scipy,trend,theilsen_slope,ANSO,0.05010996262378982,,lo=0.0455 hi=0.0545 signif=True
scipy,trend,linregress_slope,DIHO,-0.004071226524906099,1.8250311682079643e-34,r2=0.260
scipy,trend,theilsen_slope,DIHO,-0.004916294538592323,,lo=-0.0055 hi=-0.0042 signif=True
scipy,trend,linregress_slope,RTTH,-0.024284119376477505,5.830472319581836e-71,r2=0.471
scipy,trend,theilsen_slope,RTTH,-0.023519708737864065,,lo=-0.0260 hi=-0.0210 signif=True
scipy,trend,linregress_slope,SPLZ,-0.08007717710870843,2.8545039963171e-89,r2=0.554
scipy,trend,theilsen_slope,SPLZ,-0.07625168463611945,,lo=-0.0841 hi=-0.0679 signif=True
scipy,trend,linregress_slope,NWIG,-0.13925465781863125,6.441635720081297e-110,r2=0.631
scipy,trend,theilsen_slope,NWIG,-0.13925925529007677,,lo=-0.1494 hi=-0.1296 signif=True
scipy,trend,linregress_slope,MMBT,0.20850116136464544,1.7158257658546287e-82,r2=0.525
scipy,trend,theilsen_slope,MMBT,0.20656451842367335,,lo=0.1914 hi=0.2214 signif=True
scipy,trend,linregress_slope,MDGI,0.04796342913371653,2.8481509490416806e-05,r2=0.035
scipy,trend,theilsen_slope,MDGI,0.003983050847457682,,lo=-0.0247 hi=0.0358 signif=False
scipy,trend,linregress_slope,AGVF,-0.12876479281917128,1.7053919973199898e-176,r2=0.801
scipy,trend,theilsen_slope,AGVF,-0.12304347826086959,,lo=-0.1300 hi=-0.1162 signif=True
scipy,trend,linregress_slope,RRES,0.05616106608426434,7.459716384232082e-131,r2=0.696
scipy,trend,theilsen_slope,RRES,0.052933903133903136,,lo=0.0487 hi=0.0569 signif=True
scipy,trend,linregress_slope,CTGI,0.06400341425365702,1.3509579479912291e-39,r2=0.294
scipy,trend,theilsen_slope,CTGI,0.06891230405205562,,lo=0.0587 hi=0.0802 signif=True
scipy,trend,linregress_slope,ALUT,-0.011669084276337107,7.555931608923857e-95,r2=0.576
scipy,trend,theilsen_slope,ALUT,-0.011041666666666682,,lo=-0.0120 hi=-0.0100 signif=True
scipy,trend,linregress_slope,ACAC,-0.06383091884367537,1.6019638807312726e-114,r2=0.646
scipy,trend,theilsen_slope,ACAC,-0.06547186583050457,,lo=-0.0688 hi=-0.0621 signif=True
scipy,trend,linregress_slope,SRTX,-0.23123278893115573,1.3847718310274375e-119,r2=0.663
scipy,trend,theilsen_slope,SRTX,-0.23259480375898306,,lo=-0.2490 hi=-0.2159 signif=True
scipy,trend,linregress_slope,GARI,-0.015520606722426888,5.47801634743227e-227,r2=0.875
scipy,trend,theilsen_slope,GARI,-0.015505468563232126,,lo=-0.0160 hi=-0.0150 signif=True
scipy,trend,linregress_slope,RCRI,-0.03132916803667214,9.977161348595433e-52,r2=0.369
scipy,trend,theilsen_slope,RCRI,-0.03115073929115025,,lo=-0.0346 hi=-0.0275 signif=True
scipy,trend,linregress_slope,ACIX,0.0061099933999736004,7.734929087583175e-23,r2=0.177
scipy,trend,theilsen_slope,ACIX,0.008357041683528934,,lo=0.0069 hi=0.0098 signif=True
scipy,trend,linregress_slope,CCNS,-0.016567216828867314,1.951899918237213e-101,r2=0.601
scipy,trend,theilsen_slope,CCNS,-0.016751923177560305,,lo=-0.0180 hi=-0.0154 signif=True
scipy,trend,linregress_slope,MTNS,-0.005103182172728692,2.010781782255427e-37,r2=0.280
scipy,trend,theilsen_slope,MTNS,-0.0053615717914238725,,lo=-0.0061 hi=-0.0046 signif=True
scipy,trend,linregress_slope,IHOZ,-0.08698189192756771,1.5423974290352326e-82,r2=0.525
scipy,trend,theilsen_slope,IHOZ,-0.08606746896617076,,lo=-0.0933 hi=-0.0785 signif=True
scipy,trend,linregress_slope,NAYO,-0.014609256837027348,1.3631931257084816e-43,r2=0.320
scipy,trend,theilsen_slope,NAYO,-0.014636774854535975,,lo=-0.0166 hi=-0.0127 signif=True
scipy,trend,linregress_slope,FWWG,-0.021399147996591986,5.792310648288948e-149,r2=0.743
scipy,trend,theilsen_slope,FWWG,-0.022411509602808563,,lo=-0.0236 hi=-0.0212 signif=True
scipy,trend,linregress_slope,EELT,0.04605442021768087,1.1049829250419899e-24,r2=0.191
scipy,trend,theilsen_slope,EELT,0.04509960879363864,,lo=0.0366 hi=0.0540 signif=True
scipy,trend,linregress_slope,HRND,-0.032159011196044786,9.14787046244553e-54,r2=0.381
scipy,trend,theilsen_slope,HRND,-0.04967571901782429,,lo=-0.0549 hi=-0.0434 signif=True
scipy,trend,linregress_slope,AETS,-0.009565752823011291,2.3230367334667448e-07,r2=0.052
scipy,trend,theilsen_slope,AETS,-0.010869565217391304,,lo=-0.0145 hi=-0.0072 signif=True
scipy,trend,linregress_slope,ULXY,0.0009829613718454872,0.5407271896373017,r2=0.001
scipy,trend,theilsen_slope,ULXY,0.002555380301437059,,lo=-0.0005 hi=0.0056 signif=False
scipy,trend,linregress_slope,BLBT,-0.03197264517058068,2.9402321787070435e-197,r2=0.835
scipy,trend,theilsen_slope,BLBT,-0.03357344711695817,,lo=-0.0352 hi=-0.0319 signif=True
scipy,trend,linregress_slope,BENI,-0.00849950919803679,3.934479365449807e-74,r2=0.487
scipy,trend,theilsen_slope,BENI,-0.00766846655411306,,lo=-0.0084 hi=-0.0069 signif=True
scipy,trend,linregress_slope,ITPA,0.009139609038436153,8.51547883457751e-43,r2=0.315
scipy,trend,theilsen_slope,ITPA,0.011402154091634361,,lo=0.0100 hi=0.0127 signif=True
scipy,trend,linregress_slope,HTRK,0.0007714446857787433,0.015204749913929476,r2=0.012
scipy,trend,theilsen_slope,HTRK,0.0005102040816326544,,lo=-0.0002 hi=0.0012 signif=False
scipy,trend,linregress_slope,NGTE,-0.01935444013776055,2.743345806200038e-06,r2=0.043
scipy,trend,theilsen_slope,NGTE,-0.01540940352091353,,lo=-0.0268 hi=-0.0008 signif=True
scipy,trend,linregress_slope,ILVX,0.04593586214344858,1.6501244012568107e-96,r2=0.582
scipy,trend,theilsen_slope,ILVX,0.048477541030809104,,lo=0.0433 hi=0.0536 signif=True
scipy,trend,linregress_slope,FCSG,0.02642468265873063,3.161930186626544e-104,r2=0.611
scipy,trend,theilsen_slope,FCSG,0.02746861704921473,,lo=0.0254 hi=0.0295 signif=True
scipy,trend,linregress_slope,FARS,-0.05544492817971271,8.241331926338364e-196,r2=0.833
scipy,trend,theilsen_slope,FARS,-0.05574187089284384,,lo=-0.0590 hi=-0.0527 signif=True
scipy,trend,linregress_slope,MHRM,-0.019322123048492193,6.383553685161749e-163,r2=0.774
scipy,trend,theilsen_slope,MHRM,-0.019093753360904974,,lo=-0.0204 hi=-0.0178 signif=True
scipy,trend,linregress_slope,EAFC,-0.040887099708398836,7.798083330009533e-157,r2=0.761
scipy,trend,theilsen_slope,EAFC,-0.04372549019607844,,lo=-0.0463 hi=-0.0413 signif=True
scipy,corr_vsALGO,pearson,AENO,0.4780882214714793,7.320879027990778e-30,
scipy,corr_vsALGO,spearman,AENO,0.4555503735712771,6.158900243206071e-27,
scipy,corr_vsALGO,kendall,AENO,0.31391675622712617,1.0488689640202515e-25,
scipy,corr_vsMKT,pearson,AENO,0.49330690909802627,5.793406189786602e-32,
scipy,corr_vsMKT,spearman,AENO,0.471950165391023,4.817410614296574e-29,
scipy,corr_vsMKT,kendall,AENO,0.3247378290717982,2.1504874977336666e-27,
scipy,corr_vsALGO,pearson,LSST,0.433210223990034,3.0306377128473696e-24,
scipy,corr_vsALGO,spearman,LSST,0.4053014951953912,3.757799767133196e-21,
scipy,corr_vsALGO,kendall,LSST,0.27424768007069367,5.332292646871882e-20,
scipy,corr_vsMKT,pearson,LSST,0.447790149832025,5.588460950311447e-26,
scipy,corr_vsMKT,spearman,LSST,0.4251590995281914,2.5337811816884083e-23,
scipy,corr_vsMKT,kendall,LSST,0.2894475273764789,4.258224345109709e-22,
scipy,corr_vsALGO,pearson,SRNA,0.5124914435424035,9.093398799066569e-35,
scipy,corr_vsALGO,spearman,SRNA,0.5002756839245438,5.818359417863556e-33,
scipy,corr_vsALGO,kendall,SRNA,0.3470436501003405,4.75379365365782e-31,
scipy,corr_vsMKT,pearson,SRNA,0.5238691219158703,1.6201016673346603e-36,
scipy,corr_vsMKT,spearman,SRNA,0.5160722408672768,2.6021031961342896e-35,
scipy,corr_vsMKT,kendall,SRNA,0.3574619117753579,7.704093739628846e-33,
scipy,corr_vsALGO,pearson,ELLT,0.4450675219410183,1.1954764075601005e-25,
scipy,corr_vsALGO,spearman,ELLT,0.429405647864951,8.325752601386446e-24,
scipy,corr_vsALGO,kendall,ELLT,0.2938764341318143,9.945876334080679e-23,
scipy,corr_vsMKT,pearson,ELLT,0.446532225788354,7.947778519213798e-26,
scipy,corr_vsMKT,spearman,ELLT,0.4296138300697781,7.880459502703804e-24,
scipy,corr_vsMKT,kendall,ELLT,0.2941867671085142,8.96410877640525e-23,
scipy,corr_vsALGO,pearson,AMRP,0.4042148417346177,4.893371038391921e-21,
scipy,corr_vsALGO,spearman,AMRP,0.3833680755294499,6.449224602105407e-19,
scipy,corr_vsALGO,kendall,AMRP,0.26348958514669474,1.3987813127844598e-18,
scipy,corr_vsMKT,pearson,AMRP,0.4281694643452573,1.1530128631683878e-23,
scipy,corr_vsMKT,spearman,AMRP,0.40690094755588446,2.5431706752510046e-21,
scipy,corr_vsMKT,kendall,AMRP,0.2808954854235747,6.673777874262356e-21,
scipy,corr_vsALGO,pearson,OTCS,0.3569520616379049,1.9315958920986663e-16,
scipy,corr_vsALGO,spearman,OTCS,0.3425602666539794,3.47727483226921e-15,
scipy,corr_vsALGO,kendall,OTCS,0.23113389793376404,1.1890488458108188e-14,
scipy,corr_vsMKT,pearson,OTCS,0.34140509764495924,4.357337066349205e-15,
scipy,corr_vsMKT,spearman,OTCS,0.3286895454157038,4.909734695590431e-14,
scipy,corr_vsMKT,kendall,OTCS,0.220321862979511,1.890790274101974e-13,
scipy,corr_vsALGO,pearson,HETT,0.4620519553983396,9.28823617390808e-28,
scipy,corr_vsALGO,spearman,HETT,0.4289339988765964,9.428564707868838e-24,
scipy,corr_vsALGO,kendall,HETT,0.29519187431588434,6.436578192432596e-23,
scipy,corr_vsMKT,pearson,HETT,0.4591266350182218,2.186620775075483e-27,
scipy,corr_vsMKT,spearman,HETT,0.4279481785690126,1.222042257332768e-23,
scipy,corr_vsMKT,kendall,HETT,0.2942305603053861,8.845262376652291e-23,
scipy,corr_vsALGO,pearson,HUXZ,0.4672333169068518,1.9973408684581711e-28,
scipy,corr_vsALGO,spearman,HUXZ,0.4423541485239559,2.5334755787716726e-25,
scipy,corr_vsALGO,kendall,HUXZ,0.30311590793318705,4.4574633867612685e-24,
scipy,corr_vsMKT,pearson,HUXZ,0.4752976349297276,1.732298799700222e-29,
scipy,corr_vsMKT,spearman,HUXZ,0.4504973320134244,2.605867816082912e-26,
scipy,corr_vsMKT,kendall,HUXZ,0.3082711607954865,7.556067299108427e-25,
scipy,corr_vsALGO,pearson,DUCT,0.5217759714972396,3.4381032029627706e-36,
scipy,corr_vsALGO,spearman,DUCT,0.5264357919048805,6.393276970771058e-37,
scipy,corr_vsALGO,kendall,DUCT,0.3651462090638786,3.5569944795561304e-34,
scipy,corr_vsMKT,pearson,DUCT,0.535670823218857,2.107897119529278e-38,
scipy,corr_vsMKT,spearman,DUCT,0.5385739810046141,7.054699265908144e-39,
scipy,corr_vsMKT,kendall,DUCT,0.37445610877309904,7.470892874893563e-36,
scipy,corr_vsALGO,pearson,SMAH,0.45287989139781604,1.323972559505191e-26,
scipy,corr_vsALGO,spearman,SMAH,0.44385758928532837,1.6724377188179343e-25,
scipy,corr_vsALGO,kendall,SMAH,0.30528895490737745,2.1182206284828054e-24,
scipy,corr_vsMKT,pearson,SMAH,0.452592743022695,1.4369574411477727e-26,
scipy,corr_vsMKT,spearman,SMAH,0.44493768259410377,1.2394127516463816e-25,
scipy,corr_vsMKT,kendall,SMAH,0.30584059685636333,1.7500060308006664e-24,
scipy,corr_vsALGO,pearson,NPCK,0.4386983047424131,6.895587992702016e-25,
scipy,corr_vsALGO,spearman,NPCK,0.41989225315056766,9.858203432369032e-23,
scipy,corr_vsALGO,kendall,NPCK,0.2877441949196912,7.606351340570371e-22,
scipy,corr_vsMKT,pearson,NPCK,0.4567161500660206,4.4003288181978836e-27,
scipy,corr_vsMKT,spearman,NPCK,0.43824451532835285,7.801558264853263e-25,
scipy,corr_vsMKT,kendall,NPCK,0.30088717623858974,9.766181363672412e-24,
scipy,corr_vsALGO,pearson,MSDP,0.48002050490396,4.0135654650075775e-30,
scipy,corr_vsALGO,spearman,MSDP,0.4792458694177159,5.109469453420458e-30,
scipy,corr_vsALGO,kendall,MSDP,0.32773241308718704,7.277640330373724e-28,
scipy,corr_vsMKT,pearson,MSDP,0.5005762429106798,5.262995481882707e-33,
scipy,corr_vsMKT,spearman,MSDP,0.49807083656451934,1.2108372107878162e-32,
scipy,corr_vsMKT,kendall,MSDP,0.34146832480947953,4.15806753886988e-30,
scipy,corr_vsALGO,pearson,EORC,0.41954740327033974,1.0766355630066739e-22,
scipy,corr_vsALGO,spearman,EORC,0.4117819082563988,7.625207793971175e-22,
scipy,corr_vsALGO,kendall,EORC,0.28179930461657327,5.001766965696567e-21,
scipy,corr_vsMKT,pearson,EORC,0.42599724651977205,2.0366308706068048e-23,
scipy,corr_vsMKT,spearman,EORC,0.4147007668059769,3.6752468098405744e-22,
scipy,corr_vsMKT,kendall,EORC,0.2832043589919012,3.194153153112924e-21,
scipy,corr_vsALGO,pearson,CUBO,0.5231704318959406,2.0838798901112308e-36,
scipy,corr_vsALGO,spearman,CUBO,0.5139711243181447,5.431999368788255e-35,
scipy,corr_vsALGO,kendall,CUBO,0.3577479185287601,6.880200851737034e-33,
scipy,corr_vsMKT,pearson,CUBO,0.5301480812767325,1.64256517231947e-37,
scipy,corr_vsMKT,spearman,CUBO,0.5213960451022526,3.9390232252373185e-36,
scipy,corr_vsMKT,kendall,CUBO,0.36204940000482894,1.208215505457498e-33,
scipy,corr_vsALGO,pearson,HRET,0.3712829362670664,9.34892594787944e-18,
scipy,corr_vsALGO,spearman,HRET,0.3438620788398588,2.693573109430348e-15,
scipy,corr_vsALGO,kendall,HRET,0.23128556367399924,1.1399948490567706e-14,
scipy,corr_vsMKT,pearson,HRET,0.3763356956879052,3.098462696903746e-18,
scipy,corr_vsMKT,spearman,HRET,0.3482766098045878,1.1228994556868514e-15,
scipy,corr_vsMKT,kendall,HRET,0.23539543100620772,3.844396414242764e-15,
scipy,corr_vsALGO,pearson,ANSO,0.4017505442381926,8.873775032850088e-21,
scipy,corr_vsALGO,spearman,ANSO,0.3839639166490992,5.636254446334872e-19,
scipy,corr_vsALGO,kendall,ANSO,0.2625040744822056,1.8678745615048833e-18,
scipy,corr_vsMKT,pearson,ANSO,0.4073361748891965,2.2860107729474644e-21,
scipy,corr_vsMKT,spearman,ANSO,0.392875292754183,7.267656523453801e-20,
scipy,corr_vsMKT,kendall,ANSO,0.2680944217752774,3.498535757632555e-19,
scipy,corr_vsALGO,pearson,DIHO,0.4290268597651798,9.200599587776e-24,
scipy,corr_vsALGO,spearman,DIHO,0.40729382448146956,2.309863296480182e-21,
scipy,corr_vsALGO,kendall,DIHO,0.2776322028312881,1.9131417433418464e-20,
scipy,corr_vsMKT,pearson,DIHO,0.43680059117845255,1.1540588434134558e-24,
scipy,corr_vsMKT,spearman,DIHO,0.41774494932809386,1.7036657947233036e-22,
scipy,corr_vsMKT,kendall,DIHO,0.2850115694019645,1.843393818802723e-21,
scipy,corr_vsALGO,pearson,RTTH,0.370974213642447,9.995258393741261e-18,
scipy,corr_vsALGO,spearman,RTTH,0.3524112746470389,4.88609205559265e-16,
scipy,corr_vsALGO,kendall,RTTH,0.240782622000732,9.007075134160837e-16,
scipy,corr_vsMKT,pearson,RTTH,0.3652313277415903,3.421319525765358e-17,
scipy,corr_vsMKT,spearman,RTTH,0.34462134738444,2.3195370543708155e-15,
scipy,corr_vsMKT,kendall,RTTH,0.23513788677097117,4.117442701483274e-15,
scipy,corr_vsALGO,pearson,SPLZ,0.46650836155763686,2.4804545568819347e-28,
scipy,corr_vsALGO,spearman,SPLZ,0.4496452615732944,3.3155837903642406e-26,
scipy,corr_vsALGO,kendall,SPLZ,0.3056108877924427,1.89631024821394e-24,
scipy,corr_vsMKT,pearson,SPLZ,0.4821183793803416,2.0808428754028326e-30,
scipy,corr_vsMKT,spearman,SPLZ,0.46434903542023803,4.714359698985701e-28,
scipy,corr_vsMKT,kendall,SPLZ,0.3177841627029158,2.65129408706861e-26,
scipy,corr_vsALGO,pearson,NWIG,0.3813831884655358,1.0082720597562837e-18,
scipy,corr_vsALGO,spearman,NWIG,0.38045849583103697,1.2403276785626105e-18,
scipy,corr_vsALGO,kendall,NWIG,0.2588179429482085,5.527912910763486e-18,
scipy,corr_vsMKT,pearson,NWIG,0.39623933590388344,3.299633813272546e-20,
scipy,corr_vsMKT,spearman,NWIG,0.3927932974382499,7.40805086808723e-20,
scipy,corr_vsMKT,kendall,NWIG,0.2681266146751334,3.4646241917622097e-19,
scipy,corr_vsALGO,pearson,MMBT,0.40789994676018765,1.9907005809944486e-21,
scipy,corr_vsALGO,spearman,MMBT,0.38793359132082095,2.2806650590339686e-19,
scipy,corr_vsALGO,kendall,MMBT,0.26429080199431776,1.0980051098215917e-18,
scipy,corr_vsMKT,pearson,MMBT,0.34634059597351646,1.6509238265157299e-15,
scipy,corr_vsMKT,spearman,MMBT,0.3310678223917714,3.147869482163956e-14,
scipy,corr_vsMKT,kendall,MMBT,0.22545492591608918,5.1517561521086856e-14,
scipy,corr_vsALGO,pearson,MDGI,0.4263690556140507,1.84819579083738e-23,
scipy,corr_vsALGO,spearman,MDGI,0.4284513536423569,1.0706297194530328e-23,
scipy,corr_vsALGO,kendall,MDGI,0.29419836701687957,8.940121410599462e-23,
scipy,corr_vsMKT,pearson,MDGI,0.41654846223528663,2.306898655640475e-22,
scipy,corr_vsMKT,spearman,MDGI,0.4200760074365599,9.405609171569875e-23,
scipy,corr_vsMKT,kendall,MDGI,0.2872331007396318,8.739741054110144e-22,
scipy,corr_vsALGO,pearson,AGVF,0.42922802793189113,8.725249156659265e-24,
scipy,corr_vsALGO,spearman,AGVF,0.40540284476450394,3.666204823981504e-21,
scipy,corr_vsALGO,kendall,AGVF,0.2773290838394604,2.044330556151063e-20,
scipy,corr_vsMKT,pearson,AGVF,0.44385292501882107,1.67459933276615e-25,
scipy,corr_vsMKT,spearman,AGVF,0.4168639930463336,2.1299203278358347e-22,
scipy,corr_vsMKT,kendall,AGVF,0.2859775776452503,1.3109809088298466e-21,
scipy,corr_vsALGO,pearson,RRES,0.46874204296312094,1.2703951915990202e-28,
scipy,corr_vsALGO,spearman,RRES,0.44887574505967226,4.11888329009711e-26,
scipy,corr_vsALGO,kendall,RRES,0.3098288878916613,4.414780555953697e-25,
scipy,corr_vsMKT,pearson,RRES,0.4460123334663454,9.189135989464355e-26,
scipy,corr_vsMKT,spearman,RRES,0.42800228669449214,1.2047956348918272e-23,
scipy,corr_vsMKT,kendall,RRES,0.29484697892943523,7.220808927914733e-23,
scipy,corr_vsALGO,pearson,CTGI,0.42229370154356977,5.321814092999547e-23,
scipy,corr_vsALGO,spearman,CTGI,0.4277082770561168,1.3014922468800125e-23,
scipy,corr_vsALGO,kendall,CTGI,0.29283015225535225,1.4053150884055475e-22,
scipy,corr_vsMKT,pearson,CTGI,0.4010132250131788,1.0593352423655024e-20,
scipy,corr_vsMKT,spearman,CTGI,0.40795924378878234,1.9619184172377013e-21,
scipy,corr_vsMKT,kendall,CTGI,0.27809031718054583,1.609074402518865e-20,
scipy,corr_vsALGO,pearson,ALUT,0.33633133119310576,1.1608312753768444e-14,
scipy,corr_vsALGO,spearman,ALUT,0.30494587944627083,3.369564658951815e-12,
scipy,corr_vsALGO,kendall,ALUT,0.20712385667140826,4.659642528083438e-12,
scipy,corr_vsMKT,pearson,ALUT,0.35327527468770403,4.0998835023402957e-16,
scipy,corr_vsMKT,spearman,ALUT,0.3217210928868837,1.7661898101024447e-13,
scipy,corr_vsMKT,kendall,ALUT,0.2188963831593973,2.6967486427576637e-13,
scipy,corr_vsALGO,pearson,ACAC,0.4653711149436067,3.480662153985835e-28,
scipy,corr_vsALGO,spearman,ACAC,0.45292140453643925,1.308381989600177e-26,
scipy,corr_vsALGO,kendall,ACAC,0.3103754944914084,3.637310150136206e-25,
scipy,corr_vsMKT,pearson,ACAC,0.4796590953960605,4.49241384659172e-30,
scipy,corr_vsMKT,spearman,ACAC,0.4696939903904193,9.53767704051593e-29,
scipy,corr_vsMKT,kendall,ACAC,0.322291168682747,5.236331488637511e-27,
scipy,corr_vsALGO,pearson,SRTX,0.4849511766903378,8.508679406957064e-31,
scipy,corr_vsALGO,spearman,SRTX,0.4598023478090997,1.7955669727582522e-27,
scipy,corr_vsALGO,kendall,SRTX,0.31797311057894834,2.481483851770113e-26,
scipy,corr_vsMKT,pearson,SRTX,0.49174540490637586,9.626252446454342e-32,
scipy,corr_vsMKT,spearman,SRTX,0.46709187048796386,2.08365433494329e-28,
scipy,corr_vsMKT,kendall,SRTX,0.3242549355739591,2.564753291764859e-27,
scipy,corr_vsALGO,pearson,GARI,0.5194088736152043,8.000834419591059e-36,
scipy,corr_vsALGO,spearman,GARI,0.5034842221279614,1.9836516825457534e-33,
scipy,corr_vsALGO,kendall,GARI,0.34529467393989727,9.403274004648086e-31,
scipy,corr_vsMKT,pearson,GARI,0.5343113244159119,3.5065131729179906e-38,
scipy,corr_vsMKT,spearman,GARI,0.517559844272629,1.5405313930500534e-35,
scipy,corr_vsMKT,kendall,GARI,0.3555521574074899,1.658301377588031e-32,
scipy,corr_vsALGO,pearson,RCRI,0.4679072326598472,1.6322800534500708e-28,
scipy,corr_vsALGO,spearman,RCRI,0.4414784693704026,3.22372305914755e-25,
scipy,corr_vsALGO,kendall,RCRI,0.3054821146384166,1.9821662606524712e-24,
scipy,corr_vsMKT,pearson,RCRI,0.46742910357440665,1.883674740931008e-28,
scipy,corr_vsMKT,spearman,RCRI,0.44375845667238084,1.71897883036798e-25,
scipy,corr_vsMKT,kendall,RCRI,0.30754682054872795,9.711600195160767e-25,
scipy,corr_vsALGO,pearson,ACIX,0.4934016079532982,5.617247733523331e-32,
scipy,corr_vsALGO,spearman,ACIX,0.47479780601784494,2.0195705083235567e-29,
scipy,corr_vsALGO,kendall,ACIX,0.32691402339759723,9.843514715879076e-28,
scipy,corr_vsMKT,pearson,ACIX,0.49919544953691536,8.337377955459643e-33,
scipy,corr_vsMKT,spearman,ACIX,0.4776883666427357,8.286525959821405e-30,
scipy,corr_vsMKT,kendall,ACIX,0.3291075074698014,4.37901038456696e-28,
scipy,corr_vsALGO,pearson,CCNS,0.32824113973552405,5.336616474713904e-14,
scipy,corr_vsALGO,spearman,CCNS,0.32817508402788137,5.4025006992951857e-14,
scipy,corr_vsALGO,kendall,CCNS,0.22032179428245813,1.8945370920926851e-13,
scipy,corr_vsMKT,pearson,CCNS,0.34002437545469133,5.699021241080676e-15,
scipy,corr_vsMKT,spearman,CCNS,0.3376817851179861,8.95914105489422e-15,
scipy,corr_vsMKT,kendall,CCNS,0.2274583984235367,3.092215373982639e-14,
scipy,corr_vsALGO,pearson,MTNS,0.4763839022023036,1.2400085901411378e-29,
scipy,corr_vsALGO,spearman,MTNS,0.44700718565991765,6.959359450542725e-26,
scipy,corr_vsALGO,kendall,MTNS,0.3095454667348706,4.910451310772142e-25,
scipy,corr_vsMKT,pearson,MTNS,0.4895098379718892,1.982461184288662e-31,
scipy,corr_vsMKT,spearman,MTNS,0.46178703689891304,1.0040499675690071e-27,
scipy,corr_vsMKT,kendall,MTNS,0.3205447602922478,9.956420671160962e-27,
scipy,corr_vsALGO,pearson,IHOZ,0.48396897696593244,1.1612689909597876e-30,
scipy,corr_vsALGO,spearman,IHOZ,0.45727768377986877,3.740674669980974e-27,
scipy,corr_vsALGO,kendall,IHOZ,0.3168141521927134,3.752990022410139e-26,
scipy,corr_vsMKT,pearson,IHOZ,0.5036508309964217,1.8752650912579284e-33,
scipy,corr_vsMKT,spearman,IHOZ,0.4786167032860902,6.213488441524749e-30,
scipy,corr_vsMKT,kendall,IHOZ,0.3329309220851341,1.0408012490349777e-28,
scipy,corr_vsALGO,pearson,NAYO,0.43150186682370206,4.778540319933927e-24,
scipy,corr_vsALGO,spearman,NAYO,0.4150337701942478,3.380079625795225e-22,
scipy,corr_vsALGO,kendall,NAYO,0.2836550650309926,2.7658440742345692e-21,
scipy,corr_vsMKT,pearson,NAYO,0.405722396877035,3.391584086374689e-21,
scipy,corr_vsMKT,spearman,NAYO,0.3895032474587729,1.5893202062143875e-19,
scipy,corr_vsMKT,kendall,NAYO,0.26506828918881936,8.695793114852535e-19,
scipy,corr_vsALGO,pearson,FWWG,0.5001650988928039,6.036977079444799e-33,
scipy,corr_vsALGO,spearman,FWWG,0.4939810187977396,4.64923314419699e-32,
scipy,corr_vsALGO,kendall,FWWG,0.33780167344754036,1.6714491932714347e-29,
scipy,corr_vsMKT,pearson,FWWG,0.5096504873087403,2.4282395071839682e-34,
scipy,corr_vsMKT,spearman,FWWG,0.5002197649370479,5.9279088340289246e-33,
scipy,corr_vsMKT,kendall,FWWG,0.34368108457879265,1.7583064592632532e-30,
scipy,corr_vsALGO,pearson,EELT,0.4555472268711157,6.164481388125564e-27,
scipy,corr_vsALGO,spearman,EELT,0.41905932576711674,1.2194369405769239e-22,
scipy,corr_vsALGO,kendall,EELT,0.2874630781829777,8.124646773615404e-22,
scipy,corr_vsMKT,pearson,EELT,0.42172773322541307,6.156779397308994e-23,
scipy,corr_vsMKT,spearman,EELT,0.3878825213772732,2.3075472192734343e-19,
scipy,corr_vsMKT,kendall,EELT,0.2651256936613271,8.550399103672895e-19,
scipy,corr_vsALGO,pearson,HRND,0.33650354725458015,1.1231891772678612e-14,
scipy,corr_vsALGO,spearman,HRND,0.3183257995465672,3.256646189477181e-13,
scipy,corr_vsALGO,kendall,HRND,0.21544615665579606,6.317540570516045e-13,
scipy,corr_vsMKT,pearson,HRND,0.34753300499141027,1.3024755291178812e-15,
scipy,corr_vsMKT,spearman,HRND,0.3316431086960372,2.825324129383715e-14,
scipy,corr_vsMKT,kendall,HRND,0.22317821114927852,9.214568385034574e-14,
scipy,corr_vsALGO,pearson,AETS,0.3972397633808917,2.6044900732311642e-20,
scipy,corr_vsALGO,spearman,AETS,0.40178144304806923,8.808065236388722e-21,
scipy,corr_vsALGO,kendall,AETS,0.27758640120783235,1.8907687049809787e-20,
scipy,corr_vsMKT,pearson,AETS,0.4222385348136248,5.398019246528399e-23,
scipy,corr_vsMKT,spearman,AETS,0.4211656718937395,7.11364265744819e-23,
scipy,corr_vsMKT,kendall,AETS,0.29051691192435697,3.0094887423227623e-22,
scipy,corr_vsALGO,pearson,ULXY,0.3954970984685175,3.930675814167513e-20,
scipy,corr_vsALGO,spearman,ULXY,0.3878530446776023,2.323204959034893e-19,
scipy,corr_vsALGO,kendall,ULXY,0.26440347850409057,1.061699927480644e-18,
scipy,corr_vsMKT,pearson,ULXY,0.3943431719746496,5.155168720095756e-20,
scipy,corr_vsMKT,spearman,ULXY,0.3876134920443296,2.454395262273894e-19,
scipy,corr_vsMKT,kendall,ULXY,0.26374838029472597,1.2894619579674645e-18,
scipy,corr_vsALGO,pearson,BLBT,0.522108121249767,3.052223205383981e-36,
scipy,corr_vsALGO,spearman,BLBT,0.529534669664283,2.0584985354590915e-37,
scipy,corr_vsALGO,kendall,BLBT,0.3683484042072432,9.188936549096209e-35,
scipy,corr_vsMKT,pearson,BLBT,0.528462864687025,3.050373030518288e-37,
scipy,corr_vsMKT,spearman,BLBT,0.5352069283644381,2.5083141744606084e-38,
scipy,corr_vsMKT,kendall,BLBT,0.3715069861362371,2.472169937010072e-35,
scipy,corr_vsALGO,pearson,BENI,0.5260925187764955,7.2432138849761276e-37,
scipy,corr_vsALGO,spearman,BENI,0.5217902984688779,3.42050273413358e-36,
scipy,corr_vsALGO,kendall,BENI,0.362311788780338,1.11984477478962e-33,
scipy,corr_vsMKT,pearson,BENI,0.5413789667989523,2.425334555495678e-39,
scipy,corr_vsMKT,spearman,BENI,0.5339718177413939,3.9802983378849596e-38,
scipy,corr_vsMKT,kendall,BENI,0.3732954529571367,1.2030078293264082e-35,
scipy,corr_vsALGO,pearson,ITPA,0.49047333130154624,1.4530085223463657e-31,
scipy,corr_vsALGO,spearman,ITPA,0.5044000182168453,1.4560123470747845e-33,
scipy,corr_vsALGO,kendall,ITPA,0.34830416386729085,2.965789430506875e-31,
scipy,corr_vsMKT,pearson,ITPA,0.4969985667203463,1.725997425895443e-32,
scipy,corr_vsMKT,spearman,ITPA,0.5082841830833152,3.881645971946882e-34,
scipy,corr_vsMKT,kendall,ITPA,0.35067454850203206,1.1682243804801274e-31,
scipy,corr_vsALGO,pearson,HTRK,0.48526968199766923,7.690734184621184e-31,
scipy,corr_vsALGO,spearman,HTRK,0.4572781662620772,3.740152214075266e-27,
scipy,corr_vsALGO,kendall,HTRK,0.3190245914125327,1.7593685031488678e-26,
scipy,corr_vsMKT,pearson,HTRK,0.49501458377139157,3.314849879354837e-32,
scipy,corr_vsMKT,spearman,HTRK,0.46531154687122406,3.542853990412984e-28,
scipy,corr_vsMKT,kendall,HTRK,0.32463200142418003,2.3121778781060692e-27,
scipy,corr_vsALGO,pearson,NGTE,0.47811056094485055,7.27034250485682e-30,
scipy,corr_vsALGO,spearman,NGTE,0.4737496769140313,2.783797211637371e-29,
scipy,corr_vsALGO,kendall,NGTE,0.33261434700752923,1.1739347215977773e-28,
scipy,corr_vsMKT,pearson,NGTE,0.47821790663686214,7.032277568538409e-30,
scipy,corr_vsMKT,spearman,NGTE,0.4730363974463723,3.461094247282768e-29,
scipy,corr_vsMKT,kendall,NGTE,0.33202280876402124,1.4619863294203825e-28,
scipy,corr_vsALGO,pearson,ILVX,0.5900418852769107,3.952181623403836e-48,
scipy,corr_vsALGO,spearman,ILVX,0.5726611365054122,8.028880428598385e-45,
scipy,corr_vsALGO,kendall,ILVX,0.40684268350121083,4.952381678563575e-42,
scipy,corr_vsMKT,pearson,ILVX,0.6021343476608707,1.4945995289893178e-50,
scipy,corr_vsMKT,spearman,ILVX,0.5870132554265155,1.5404485333875213e-47,
scipy,corr_vsMKT,kendall,ILVX,0.41787188835502326,3.0214910415924994e-44,
scipy,corr_vsALGO,pearson,FCSG,0.4132791355881126,5.248716574064053e-22,
scipy,corr_vsALGO,spearman,FCSG,0.39878247084844287,1.8055168091096556e-20,
scipy,corr_vsALGO,kendall,FCSG,0.27356246908419696,6.587232396499564e-20,
scipy,corr_vsMKT,pearson,FCSG,0.42041290187778946,8.628456540689094e-23,
scipy,corr_vsMKT,spearman,FCSG,0.4046151097375473,4.4403467307999064e-21,
scipy,corr_vsMKT,kendall,FCSG,0.27776838818198646,1.7798823436050145e-20,
scipy,corr_vsALGO,pearson,FARS,0.3337794622359576,1.8873665676022764e-14,
scipy,corr_vsALGO,spearman,FARS,0.34738005497501784,1.3427664834607083e-15,
scipy,corr_vsALGO,kendall,FARS,0.23400590749979217,5.566096942077315e-15,
scipy,corr_vsMKT,pearson,FARS,0.3507860800410122,6.786457848257841e-16,
scipy,corr_vsMKT,spearman,FARS,0.3655359481743234,3.2071263333993065e-17,
scipy,corr_vsMKT,kendall,FARS,0.2480150985327987,1.2186504042792746e-16,
scipy,corr_vsALGO,pearson,MHRM,0.42008185012381566,9.391559954145155e-23,
scipy,corr_vsALGO,spearman,MHRM,0.38035754262493976,1.2686455750643948e-18,
scipy,corr_vsALGO,kendall,MHRM,0.26181411437410973,2.3086891004179845e-18,
scipy,corr_vsMKT,pearson,MHRM,0.4402840703965778,4.47296627630672e-25,
scipy,corr_vsMKT,spearman,MHRM,0.39896283984324626,1.7295894648653287e-20,
scipy,corr_vsMKT,kendall,MHRM,0.27466526215881537,4.7189024842487e-20,
scipy,corr_vsALGO,pearson,EAFC,0.46229342084118924,8.651265702998567e-28,
scipy,corr_vsALGO,spearman,EAFC,0.4462716930372073,8.547613926827268e-26,
scipy,corr_vsALGO,kendall,EAFC,0.30847240735169007,7.085443115453368e-25,
scipy,corr_vsMKT,pearson,EAFC,0.4942626969287105,4.240249999846907e-32,
scipy,corr_vsMKT,spearman,EAFC,0.4761450013980328,1.3347577707555323e-29,
scipy,corr_vsMKT,kendall,EAFC,0.32982148345365087,3.329674170745004e-28,
scipy,regime_2samp,ttest_ind,ALGO,1.1500665212203682,0.2506695522967561,
scipy,regime_2samp,welch_t,ALGO,1.1501975812318912,0.25061716950536606,
scipy,regime_2samp,mannwhitneyu,ALGO,32975.0,0.25080659784561365,
scipy,regime_2samp,ranksums,ALGO,1.1487027780453727,0.25067855994899446,
scipy,regime_2samp,kruskal,ALGO,1.3195183271638846,0.2506785141875796,
scipy,regime_2samp,brunnermunzel,ALGO,-1.1487218260342686,0.25122355161475945,
scipy,regime_2samp,ks_2samp,ALGO,0.08591164658634542,0.29336588663171537,
scipy,regime_2samp,cramervonmises_2s,ALGO,0.17931528921296547,0.312149291337813,
scipy,regime_2samp,epps_singleton,ALGO,2.9210901236790927,0.5711164403361602,
scipy,regime_2samp,levene_var,ALGO,0.15788111347438205,0.6912854500381442,
scipy,regime_2samp,bartlett_var,ALGO,0.7998696240612544,0.3711323526412843,
scipy,regime_2samp,fligner_var,ALGO,0.15696764892345266,0.6919638132881416,
scipy,regime_2samp,mood_scale,ALGO,-0.3394944148293233,0.73423730384874,
scipy,regime_2samp,ansari_scale,ALGO,31042.0,0.8567354972322334,
scipy,regime_2samp,ttest_ind,AENO,0.7364136059868364,0.4618264697607125,
scipy,regime_2samp,welch_t,AENO,0.736415950263264,0.46182504687012643,
scipy,regime_2samp,mannwhitneyu,AENO,32417.0,0.42259997482800804,
scipy,regime_2samp,ranksums,AENO,0.8022291833700657,0.4224203980087904,
scipy,regime_2samp,kruskal,AENO,0.6435716626506292,0.42242039800878073,
scipy,regime_2samp,brunnermunzel,AENO,-0.8017196632885235,0.42309871644047464,
scipy,regime_2samp,ks_2samp,AENO,0.06570281124498001,0.6215012178494785,
scipy,regime_2samp,cramervonmises_2s,AENO,0.09393405284464507,0.6175502588800508,
scipy,regime_2samp,epps_singleton,AENO,1.4911892943363887,0.8282010189544894,
scipy,regime_2samp,levene_var,AENO,0.03665020496737275,0.8482571634111122,
scipy,regime_2samp,bartlett_var,AENO,0.0006232741824799964,0.9800825141115626,
scipy,regime_2samp,fligner_var,AENO,0.0717180887542191,0.7888514759853539,
scipy,regime_2samp,mood_scale,AENO,-0.4694389725324489,0.6387558968333797,
scipy,regime_2samp,ansari_scale,AENO,31394.0,0.7974921075675733,
scipy,regime_2samp,ttest_ind,LSST,-0.6297271142128691,0.5291625200910303,
scipy,regime_2samp,welch_t,LSST,-0.6297960114365148,0.5291182102917772,
scipy,regime_2samp,mannwhitneyu,LSST,30406.5,0.6557266431784246,
scipy,regime_2samp,ranksums,LSST,-0.4461313221760001,0.6555023884967045,
scipy,regime_2samp,kruskal,LSST,0.19903316623786538,0.6555023807161122,
scipy,regime_2samp,brunnermunzel,LSST,0.44567564856827346,0.6560258779162811,
scipy,regime_2samp,ks_2samp,LSST,0.04269879518072284,0.9649381395968334,
scipy,regime_2samp,cramervonmises_2s,LSST,0.03585251627752939,0.9553148147700928,
scipy,regime_2samp,epps_singleton,LSST,2.256313913514427,0.6887336688235062,
scipy,regime_2samp,levene_var,LSST,0.5192939091894591,0.4714818325683442,
scipy,regime_2samp,bartlett_var,LSST,0.7371770365656983,0.3905666772787413,
scipy,regime_2samp,fligner_var,LSST,0.6010984017708166,0.438159242679073,
scipy,regime_2samp,mood_scale,LSST,-0.4955282864111804,0.6202272601656487,
scipy,regime_2samp,ansari_scale,LSST,31584.5,0.6218971139342142,
scipy,regime_2samp,ttest_ind,SRNA,1.7201057905817771,0.08603571055385582,
scipy,regime_2samp,welch_t,SRNA,1.720061015118733,0.08604403530637694,
scipy,regime_2samp,mannwhitneyu,SRNA,33674.0,0.11355470481037522,
scipy,regime_2samp,ranksums,SRNA,1.582726152020354,0.11348389489504891,
scipy,regime_2samp,kruskal,SRNA,2.505022072289421,0.11348389489502951,
scipy,regime_2samp,brunnermunzel,SRNA,-1.587029885933322,0.11314187449498926,
scipy,regime_2samp,ks_2samp,SRNA,0.0892208835341366,0.2573228466657617,
scipy,regime_2samp,cramervonmises_2s,SRNA,0.26437044369863827,0.17121951005853475,
scipy,regime_2samp,epps_singleton,SRNA,3.4471141996151418,0.485965173756149,
scipy,regime_2samp,levene_var,SRNA,0.014269538458838337,0.9049630215990604,
scipy,regime_2samp,bartlett_var,SRNA,0.04168041367806463,0.8382301752941314,
scipy,regime_2samp,fligner_var,SRNA,0.003247618881885924,0.9545548469098079,
scipy,regime_2samp,mood_scale,SRNA,0.025161597359476793,0.9799260681184736,
scipy,regime_2samp,ansari_scale,SRNA,31399.0,0.7927021950145499,
scipy,regime_2samp,ttest_ind,ELLT,2.133077162421369,0.0334076458838321,
scipy,regime_2samp,welch_t,ELLT,2.133096153176476,0.03340608012877616,
scipy,regime_2samp,mannwhitneyu,ELLT,34534.0,0.03431018569995968,
scipy,regime_2samp,ranksums,ELLT,2.116717713706311,0.034283812560862215,
scipy,regime_2samp,kruskal,ELLT,4.480493879518008,0.03428381256086341,
scipy,regime_2samp,brunnermunzel,ELLT,-2.127755765377005,0.03384890851971625,
scipy,regime_2samp,ks_2samp,ELLT,0.12573493975903627,0.03556725349438302,
scipy,regime_2samp,cramervonmises_2s,ELLT,0.49199942052780443,0.0417444174884396,
scipy,regime_2samp,epps_singleton,ELLT,4.733256332403432,0.31577780328998367,
scipy,regime_2samp,levene_var,ELLT,0.04533883128574708,0.8314695186839924,
scipy,regime_2samp,bartlett_var,ELLT,0.004875015814593647,0.9443358828796922,
scipy,regime_2samp,fligner_var,ELLT,0.03543247296553523,0.8506923165980349,
scipy,regime_2samp,mood_scale,ELLT,0.006385580636143795,0.9949050784234641,
scipy,regime_2samp,ansari_scale,ELLT,30931.0,0.750200714460922,
scipy,regime_2samp,ttest_ind,AMRP,-1.0642330888627578,0.28773989656096305,
scipy,regime_2samp,welch_t,AMRP,-1.0640159587638265,0.2878439074624012,
scipy,regime_2samp,mannwhitneyu,AMRP,29481.5,0.3076465302179924,
scipy,regime_2samp,ranksums,AMRP,-1.0204827111986865,0.307499584606719,
scipy,regime_2samp,kruskal,AMRP,1.041386019900464,0.3074993393320123,
scipy,regime_2samp,brunnermunzel,AMRP,1.0194632225236675,0.308487752346853,
scipy,regime_2samp,ks_2samp,AMRP,0.07285140562248993,0.4957460609907555,
scipy,regime_2samp,cramervonmises_2s,AMRP,0.16859340367481934,0.33842975059138214,
scipy,regime_2samp,epps_singleton,AMRP,3.785859260913627,0.4357616197556424,
scipy,regime_2samp,levene_var,AMRP,2.2269839287623956,0.1362528335820835,
scipy,regime_2samp,bartlett_var,AMRP,2.5743806813486136,0.10860660027291412,
scipy,regime_2samp,fligner_var,AMRP,2.2992574303798787,0.1294358660214971,
scipy,regime_2samp,mood_scale,AMRP,1.5984939872204627,0.10993308250793246,
scipy,regime_2samp,ansari_scale,AMRP,30210.5,0.22517422720614422,
scipy,regime_2samp,ttest_ind,OTCS,-0.020989292190783097,0.9832626211797664,
scipy,regime_2samp,welch_t,OTCS,-0.020990080321388115,0.9832619946133334,
scipy,regime_2samp,mannwhitneyu,OTCS,31384.5,0.8722363772592372,
scipy,regime_2samp,ranksums,OTCS,0.1611288491366347,0.8719919187863804,
scipy,regime_2samp,kruskal,OTCS,0.025962532352133222,0.8719918544409903,
scipy,regime_2samp,brunnermunzel,OTCS,-0.16076640784467708,0.8723427979942133,
scipy,regime_2samp,ks_2samp,OTCS,0.0501044176706828,0.8888778031778076,
scipy,regime_2samp,cramervonmises_2s,OTCS,0.05515508929505586,0.8472282580421115,
scipy,regime_2samp,epps_singleton,OTCS,5.258018491559452,0.2618326892637011,
scipy,regime_2samp,levene_var,OTCS,3.5006266421156736e-06,0.9985079126561665,
scipy,regime_2samp,bartlett_var,OTCS,0.08672742654741356,0.7683795258988951,
scipy,regime_2samp,fligner_var,OTCS,0.0012721717521758649,0.9715474719293766,
scipy,regime_2samp,mood_scale,OTCS,0.4130603308547508,0.6795624123868521,
scipy,regime_2samp,ansari_scale,OTCS,30962.5,0.7800471947068995,
scipy,regime_2samp,ttest_ind,HETT,0.5829484279189564,0.5601924195496487,
scipy,regime_2samp,welch_t,HETT,0.5828786118193073,0.5602404548868468,
scipy,regime_2samp,mannwhitneyu,HETT,32338.0,0.4515303915020662,
scipy,regime_2samp,ranksums,HETT,0.7531764701454254,0.451343876879838,
scipy,regime_2samp,kruskal,HETT,0.5672749047541102,0.45134383317432514,
scipy,regime_2samp,brunnermunzel,HETT,-0.7519912754532885,0.45241372910998234,
scipy,regime_2samp,ks_2samp,HETT,0.07767068273092381,0.41224274591070426,
scipy,regime_2samp,cramervonmises_2s,HETT,0.11619141898253815,0.5128033832269613,
scipy,regime_2samp,epps_singleton,HETT,1.5093783703732873,0.8249789184143853,
scipy,regime_2samp,levene_var,HETT,0.8406493018145335,0.3596558209683618,
scipy,regime_2samp,bartlett_var,HETT,0.883930235111174,0.3471274745886742,
scipy,regime_2samp,fligner_var,HETT,0.8335653363625205,0.36124359676632567,
scipy,regime_2samp,mood_scale,HETT,0.7473089195640417,0.45487710960840533,
scipy,regime_2samp,ansari_scale,HETT,30393.0,0.32389691580342794,
scipy,regime_2samp,ttest_ind,HUXZ,1.333351806005796,0.1830271791913663,
scipy,regime_2samp,welch_t,HUXZ,1.3335353117649842,0.18296957872216518,
scipy,regime_2samp,mannwhitneyu,HUXZ,33177.0,0.2027278383664204,
scipy,regime_2samp,ranksums,HUXZ,1.274128702999516,0.20261780758134473,
scipy,regime_2samp,kruskal,HUXZ,1.6234039518071768,0.20261780758134845,
scipy,regime_2samp,brunnermunzel,HUXZ,-1.2737853116653306,0.20333487395244068,
scipy,regime_2samp,ks_2samp,HUXZ,0.09320481927710855,0.21462687851218065,
scipy,regime_2samp,cramervonmises_2s,HUXZ,0.24090880556293826,0.20081158629647755,
scipy,regime_2samp,epps_singleton,HUXZ,5.923708843917649,0.20491864793807077,
scipy,regime_2samp,levene_var,HUXZ,0.07903608032239008,0.778724961262862,
scipy,regime_2samp,bartlett_var,HUXZ,1.1674524018586394,0.2799253223032381,
scipy,regime_2samp,fligner_var,HUXZ,0.061840244089300285,0.8036106510957486,
scipy,regime_2samp,mood_scale,HUXZ,-0.03261706395880845,0.9739799619990435,
scipy,regime_2samp,ansari_scale,HUXZ,30826.0,0.653599588186043,
scipy,regime_2samp,ttest_ind,DUCT,0.8120208725172648,0.4171684025152111,
scipy,regime_2samp,welch_t,DUCT,0.8120140189495424,0.4171723576065999,
scipy,regime_2samp,mannwhitneyu,DUCT,31961.0,0.6039123486839502,
scipy,regime_2samp,ranksums,DUCT,0.5190894715923954,0.6036983499347185,
scipy,regime_2samp,kruskal,DUCT,0.26945761394285894,0.6036958416404508,
scipy,regime_2samp,brunnermunzel,DUCT,-0.5183807593322914,0.6044235796232665,
scipy,regime_2samp,ks_2samp,DUCT,0.050489959839357446,0.8828217904231715,
scipy,regime_2samp,cramervonmises_2s,DUCT,0.0593697917924203,0.8207374432353338,
scipy,regime_2samp,epps_singleton,DUCT,1.8357282080396045,0.7659395850604487,
scipy,regime_2samp,levene_var,DUCT,0.014449640111425468,0.9043680228148993,
scipy,regime_2samp,bartlett_var,DUCT,0.004381429486968431,0.9472246734722208,
scipy,regime_2samp,fligner_var,DUCT,0.03682097822339153,0.8478299911093226,
scipy,regime_2samp,mood_scale,DUCT,0.3548166607993329,0.722726945938974,
scipy,regime_2samp,ansari_scale,DUCT,31110.0,0.9234497219501914,
scipy,regime_2samp,ttest_ind,SMAH,1.169428896853391,0.24279140673755956,
scipy,regime_2samp,welch_t,SMAH,1.1694502721359625,0.2427828216687256,
scipy,regime_2samp,mannwhitneyu,SMAH,32986.0,0.24799934665749135,
scipy,regime_2samp,ranksums,SMAH,1.1555329026715884,0.24787226680972163,
scipy,regime_2samp,kruskal,SMAH,1.3352562891566322,0.2478722668097173,
scipy,regime_2samp,brunnermunzel,SMAH,-1.1558654358922926,0.24829218108530146,
scipy,regime_2samp,ks_2samp,SMAH,0.06557429718875507,0.6246222470560817,
scipy,regime_2samp,cramervonmises_2s,SMAH,0.16830528526932653,0.33917205799072825,
scipy,regime_2samp,epps_singleton,SMAH,3.4820122367216224,0.48061868935987306,
scipy,regime_2samp,levene_var,SMAH,0.03857815532188571,0.8443670318303583,
scipy,regime_2samp,bartlett_var,SMAH,0.020548859830229693,0.8860147682574397,
scipy,regime_2samp,fligner_var,SMAH,0.02106228340827587,0.884609411594002,
scipy,regime_2samp,mood_scale,SMAH,0.37172754053409757,0.710095717683817,
scipy,regime_2samp,ansari_scale,SMAH,30887.0,0.7091369938165204,
scipy,regime_2samp,ttest_ind,NPCK,0.37849865494936824,0.7052218152739744,
scipy,regime_2samp,welch_t,NPCK,0.3784691549688285,0.705244008331529,
scipy,regime_2samp,mannwhitneyu,NPCK,32189.0,0.5090270108395136,
scipy,regime_2samp,ranksums,NPCK,0.6606593274812306,0.5088308127720108,
scipy,regime_2samp,kruskal,NPCK,0.43647685937116254,0.5088278454651107,
scipy,regime_2samp,brunnermunzel,NPCK,-0.6589293470340526,0.5102487065038025,
scipy,regime_2samp,ks_2samp,NPCK,0.08109236947791176,0.3633745517413897,
scipy,regime_2samp,cramervonmises_2s,NPCK,0.13743177922108885,0.43150307563212953,
scipy,regime_2samp,epps_singleton,NPCK,2.8838094739050013,0.5774540699623076,
scipy,regime_2samp,levene_var,NPCK,0.819800071826094,0.36567733987993517,
scipy,regime_2samp,bartlett_var,NPCK,0.37394293238214865,0.540862837669093,
scipy,regime_2samp,fligner_var,NPCK,0.8486048279368714,0.3569473249910362,
scipy,regime_2samp,mood_scale,NPCK,1.061660384900057,0.2883898897311171,
scipy,regime_2samp,ansari_scale,NPCK,30196.0,0.21826425558567708,
scipy,regime_2samp,ttest_ind,MSDP,-0.33522256712634313,0.7375986444440041,
scipy,regime_2samp,welch_t,MSDP,-0.3352650039654181,0.7375671473165792,
scipy,regime_2samp,mannwhitneyu,MSDP,30633.5,0.7604632269732259,
scipy,regime_2samp,ranksums,MSDP,-0.30518238670773007,0.7602272463080999,
scipy,regime_2samp,kruskal,MSDP,0.09313666694750937,0.7602267749214227,
scipy,regime_2samp,brunnermunzel,MSDP,0.30468675026819547,0.7607324573447077,
scipy,regime_2samp,ks_2samp,MSDP,0.04279518072289146,0.9641948113862885,
scipy,regime_2samp,cramervonmises_2s,MSDP,0.04342341711534914,0.9172982214056973,
scipy,regime_2samp,epps_singleton,MSDP,2.402269915427534,0.662217093830237,
scipy,regime_2samp,levene_var,MSDP,0.9354964495385245,0.33390915423191186,
scipy,regime_2samp,bartlett_var,MSDP,0.9874140068568811,0.32037523619586394,
scipy,regime_2samp,fligner_var,MSDP,0.8191162747869639,0.365438673046405,
scipy,regime_2samp,mood_scale,MSDP,-0.5101934626485893,0.6099159316928748,
scipy,regime_2samp,ansari_scale,MSDP,31813.5,0.4368346233572963,
scipy,regime_2samp,ttest_ind,EORC,2.451064405225649,0.014586829410044064,
scipy,regime_2samp,welch_t,EORC,2.4515895230312443,0.014569456882516107,
scipy,regime_2samp,mannwhitneyu,EORC,34516.0,0.035271214664548176,
scipy,regime_2samp,ranksums,EORC,2.1055411461361397,0.03524422958374327,
scipy,regime_2samp,kruskal,EORC,4.43330437439785,0.03524421190279714,
scipy,regime_2samp,brunnermunzel,EORC,-2.115528318423488,0.03489160256633937,
scipy,regime_2samp,ks_2samp,EORC,0.14763052208835342,0.007071409207910875,
scipy,regime_2samp,cramervonmises_2s,EORC,0.5093937594063647,0.03770557509394101,
scipy,regime_2samp,epps_singleton,EORC,10.895992980080498,0.02775811555301449,
scipy,regime_2samp,levene_var,EORC,3.257085329903577,0.0717205842955841,
scipy,regime_2samp,bartlett_var,EORC,2.838174461034338,0.09204873688584322,
scipy,regime_2samp,fligner_var,EORC,3.0469413287358234,0.08088935001758894,
scipy,regime_2samp,mood_scale,EORC,-1.781840459897921,0.0747752522186659,
scipy,regime_2samp,ansari_scale,EORC,32559.0,0.08850620748437514,
scipy,regime_2samp,ttest_ind,CUBO,-0.9025721357127795,0.36719023697476355,
scipy,regime_2samp,welch_t,CUBO,-0.9025407679773835,0.3672070737762424,
scipy,regime_2samp,mannwhitneyu,CUBO,29887.0,0.44225610138608784,
scipy,regime_2samp,ranksums,CUBO,-0.7686994806595521,0.44207173329411886,
scipy,regime_2samp,kruskal,CUBO,0.5908988915662121,0.4420717332941392,
scipy,regime_2samp,brunnermunzel,CUBO,0.7681910560395573,0.442738553181301,
scipy,regime_2samp,ks_2samp,CUBO,0.0689156626506024,0.565882589217436,
scipy,regime_2samp,cramervonmises_2s,CUBO,0.08446071258983068,0.6688077777624668,
scipy,regime_2samp,epps_singleton,CUBO,1.1083465273286721,0.8929456853296964,
scipy,regime_2samp,levene_var,CUBO,0.014207386941405158,0.9051692336468437,
scipy,regime_2samp,bartlett_var,CUBO,0.07430183132996425,0.7851733026034058,
scipy,regime_2samp,fligner_var,CUBO,0.0022622493907878353,0.9620644330447321,
scipy,regime_2samp,mood_scale,CUBO,0.05825577262619335,0.9535448959812455,
scipy,regime_2samp,ansari_scale,CUBO,31220.0,0.9676824493672196,
scipy,regime_2samp,ttest_ind,HRET,1.0822066740007341,0.2796854899639449,
scipy,regime_2samp,welch_t,HRET,1.0822782489370353,0.2796541645692806,
scipy,regime_2samp,mannwhitneyu,HRET,32127.0,0.5340393108610142,
scipy,regime_2samp,ranksums,HRET,0.6221622614061965,0.5338351782881612,
scipy,regime_2samp,kruskal,HRET,0.3870858982104075,0.5338351684113827,
scipy,regime_2samp,brunnermunzel,HRET,-0.6202379465447557,0.5353865662015324,
scipy,regime_2samp,ks_2samp,HRET,0.09900401606425707,0.15316702434442162,
scipy,regime_2samp,cramervonmises_2s,HRET,0.15493422185737415,0.3758934629859889,
scipy,regime_2samp,epps_singleton,HRET,4.296783095592061,0.3673280925602803,
scipy,regime_2samp,levene_var,HRET,0.7688196818742884,0.3810060588882285,
scipy,regime_2samp,bartlett_var,HRET,0.26915115217994595,0.6039017556844117,
scipy,regime_2samp,fligner_var,HRET,0.9443994677126044,0.33114897353610845,
scipy,regime_2samp,mood_scale,HRET,-0.8446412329424906,0.3983111800647483,
scipy,regime_2samp,ansari_scale,HRET,32122.0,0.2457846993914351,
scipy,regime_2samp,ttest_ind,ANSO,1.005625608199337,0.31508504708997476,
scipy,regime_2samp,welch_t,ANSO,1.005686564171285,0.31505607931104196,
scipy,regime_2samp,mannwhitneyu,ANSO,32691.0,0.3310252178831644,
scipy,regime_2samp,ranksums,ANSO,0.9723613786048938,0.33087079852669476,
scipy,regime_2samp,kruskal,ANSO,0.945486650602561,0.33087079852665324,
scipy,regime_2samp,brunnermunzel,ANSO,-0.9725296048534553,0.33126032143853695,
scipy,regime_2samp,ks_2samp,ANSO,0.07076305220883539,0.5218702110871074,
scipy,regime_2samp,cramervonmises_2s,ANSO,0.10878128948660049,0.5452953419879816,
scipy,regime_2samp,epps_singleton,ANSO,2.0280403356794223,0.7306013186250165,
scipy,regime_2samp,levene_var,ANSO,0.12517327485515176,0.7236400440933298,
scipy,regime_2samp,bartlett_var,ANSO,0.22605850721953138,0.6344619133608569,
scipy,regime_2samp,fligner_var,ANSO,0.0425933980893238,0.8364927795690749,
scipy,regime_2samp,mood_scale,ANSO,0.1306128350194484,0.8960815888365028,
scipy,regime_2samp,ansari_scale,ANSO,31296.0,0.892695319923227,
scipy,regime_2samp,ttest_ind,DIHO,0.11016722679335005,0.9123212234942439,
scipy,regime_2samp,welch_t,DIHO,0.11015704838711238,0.9123294026454091,
scipy,regime_2samp,mannwhitneyu,DIHO,31102.5,0.9891009396264886,
scipy,regime_2samp,ranksums,DIHO,-0.013970709462713992,0.9888533492193103,
scipy,regime_2samp,kruskal,DIHO,0.0001951842101803192,0.988853249647778,
scipy,regime_2samp,brunnermunzel,DIHO,0.013934625105219372,0.9888877588569366,
scipy,regime_2samp,ks_2samp,DIHO,0.05304417670682737,0.8491176805254451,
scipy,regime_2samp,cramervonmises_2s,DIHO,0.0636865618787823,0.7935397642121008,
scipy,regime_2samp,epps_singleton,DIHO,1.1949056603296986,0.8789366533525101,
scipy,regime_2samp,levene_var,DIHO,0.7162380917874859,0.39778795666015093,
scipy,regime_2samp,bartlett_var,DIHO,0.5256401095027292,0.4684456377971249,
scipy,regime_2samp,fligner_var,DIHO,0.694351967972939,0.40468804795078017,
scipy,regime_2samp,mood_scale,DIHO,0.8585812436691177,0.3905715898150973,
scipy,regime_2samp,ansari_scale,DIHO,30608.5,0.472720350734662,
scipy,regime_2samp,ttest_ind,RTTH,-0.09110926601641832,0.9274424783057295,
scipy,regime_2samp,welch_t,RTTH,-0.09109797197930146,0.9274516063431911,
scipy,regime_2samp,mannwhitneyu,RTTH,30703.0,0.7935388901945021,
scipy,regime_2samp,ranksums,RTTH,-0.26202841747845795,0.7932995334122871,
scipy,regime_2samp,kruskal,RTTH,0.06865889488169481,0.7932995285348419,
scipy,regime_2samp,brunnermunzel,RTTH,0.2615331236456912,0.7937901532140971,
scipy,regime_2samp,ks_2samp,RTTH,0.057718875502007994,0.7690092343999236,
scipy,regime_2samp,cramervonmises_2s,RTTH,0.04626707229719784,0.9011786615335227,
scipy,regime_2samp,epps_singleton,RTTH,1.4927040921636534,0.8279330553180114,
scipy,regime_2samp,levene_var,RTTH,0.710950944768287,0.39953391134338895,
scipy,regime_2samp,bartlett_var,RTTH,0.947106311673028,0.3304569561078564,
scipy,regime_2samp,fligner_var,RTTH,0.5788790637503873,0.44675202785094936,
scipy,regime_2samp,mood_scale,RTTH,0.7066163049806825,0.4798049535725608,
scipy,regime_2samp,ansari_scale,RTTH,30632.0,0.4903935852491984,
scipy,regime_2samp,ttest_ind,SPLZ,0.6682725822963697,0.5042698434251717,
scipy,regime_2samp,welch_t,SPLZ,0.6681607192843818,0.5043435443577001,
scipy,regime_2samp,mannwhitneyu,SPLZ,31679.0,0.7310873652540976,
scipy,regime_2samp,ranksums,SPLZ,0.3439899129930467,0.7308538719862607,
scipy,regime_2samp,kruskal,SPLZ,0.11832906024096701,0.7308538719862572,
scipy,regime_2samp,brunnermunzel,SPLZ,-0.3427450811505368,0.7319356731308948,
scipy,regime_2samp,ks_2samp,SPLZ,0.07662650602409649,0.431325238088487,
scipy,regime_2samp,cramervonmises_2s,SPLZ,0.1269161294476504,0.46967759558372,
scipy,regime_2samp,epps_singleton,SPLZ,7.494198324878115,0.11196539444595634,
scipy,regime_2samp,levene_var,SPLZ,0.8547986453464309,0.35564703086443245,
scipy,regime_2samp,bartlett_var,SPLZ,1.729844987121076,0.18843069534010315,
scipy,regime_2samp,fligner_var,SPLZ,0.9510319825737051,0.3294567540840546,
scipy,regime_2samp,mood_scale,SPLZ,0.6986644497985194,0.484761755802689,
scipy,regime_2samp,ansari_scale,SPLZ,30802.0,0.6322436965849112,
scipy,regime_2samp,ttest_ind,NWIG,0.8858390283221692,0.3761326748068776,
scipy,regime_2samp,welch_t,NWIG,0.8857974090806063,0.3761554053271592,
scipy,regime_2samp,mannwhitneyu,NWIG,32101.0,0.5447087569018466,
scipy,regime_2samp,ranksums,NWIG,0.6060183304715047,0.5445025810730576,
scipy,regime_2samp,kruskal,NWIG,0.36725821686741256,0.5445025810730888,
scipy,regime_2samp,brunnermunzel,NWIG,-0.605422805656668,0.5451745336663927,
scipy,regime_2samp,ks_2samp,NWIG,0.05678714859437761,0.7884740459038312,
scipy,regime_2samp,cramervonmises_2s,NWIG,0.06012609958872872,0.8159681135297944,
scipy,regime_2samp,epps_singleton,NWIG,3.345087758599344,0.5018203475763765,
scipy,regime_2samp,levene_var,NWIG,0.04644423135618352,0.8294587221241955,
scipy,regime_2samp,bartlett_var,NWIG,0.13581208684103435,0.712480380095474,
scipy,regime_2samp,fligner_var,NWIG,0.06039437953406047,0.8058736899708621,
scipy,regime_2samp,mood_scale,NWIG,0.16324917620281879,0.8703222484888157,
scipy,regime_2samp,ansari_scale,NWIG,31112.0,0.9254246229843147,
scipy,regime_2samp,ttest_ind,MMBT,0.7325461857688573,0.464180588663198,
scipy,regime_2samp,welch_t,MMBT,0.7324363068946436,0.4642497082948563,
scipy,regime_2samp,mannwhitneyu,MMBT,32604.0,0.3586027193552186,
scipy,regime_2samp,ranksums,MMBT,0.918341302015733,0.35844021065155807,
scipy,regime_2samp,kruskal,MMBT,0.8433507469881079,0.35844021065151355,
scipy,regime_2samp,brunnermunzel,MMBT,-0.9148519490835646,0.3607245642409115,
scipy,regime_2samp,ks_2samp,MMBT,0.09320481927710855,0.21462687851218065,
scipy,regime_2samp,cramervonmises_2s,MMBT,0.2512992893417305,0.1870291531989614,
scipy,regime_2samp,epps_singleton,MMBT,6.4429126193541135,0.16842307795393635,
scipy,regime_2samp,levene_var,MMBT,3.0463562108351607,0.08153649539062402,
scipy,regime_2samp,bartlett_var,MMBT,1.3879962572817401,0.23874377541971864,
scipy,regime_2samp,fligner_var,MMBT,3.2205561620096788,0.0727189190163559,
scipy,regime_2samp,mood_scale,MMBT,1.9763444358457152,0.04811578006724253,
scipy,regime_2samp,ansari_scale,MMBT,29549.0,0.0418923034688862,
scipy,regime_2samp,ttest_ind,MDGI,2.484067141772156,0.013317495375143417,
scipy,regime_2samp,welch_t,MDGI,2.4843318333146915,0.01330851726397048,
scipy,regime_2samp,mannwhitneyu,MDGI,35009.0,0.015893829812630426,
scipy,regime_2samp,ranksums,MDGI,2.4116549134747176,0.015880304011569122,
scipy,regime_2samp,kruskal,MDGI,5.816079421686936,0.015880304011567405,
scipy,regime_2samp,brunnermunzel,MDGI,-2.431932706256582,0.015372391168159241,
scipy,regime_2samp,ks_2samp,MDGI,0.1308433734939759,0.02343457390010103,
scipy,regime_2samp,cramervonmises_2s,MDGI,0.5882396117536217,0.023921955858625776,
scipy,regime_2samp,epps_singleton,MDGI,6.873946079573592,0.14270144282776007,
scipy,regime_2samp,levene_var,MDGI,0.9096082701378989,0.34068200036191487,
scipy,regime_2samp,bartlett_var,MDGI,0.6991903480375872,0.40305588282904137,
scipy,regime_2samp,fligner_var,MDGI,0.9410753221642624,0.3320014496722806,
scipy,regime_2samp,mood_scale,MDGI,-0.9048150892639435,0.3655633563793438,
scipy,regime_2samp,ansari_scale,MDGI,32014.0,0.30464144746630484,
scipy,regime_2samp,ttest_ind,AGVF,0.1724714901050912,0.8631370832663576,
scipy,regime_2samp,welch_t,AGVF,0.17247760483760874,0.8631322920640462,
scipy,regime_2samp,mannwhitneyu,AGVF,30776.0,0.8286831629939744,
scipy,regime_2samp,ranksums,AGVF,-0.21670122677720813,0.8284411918921413,
scipy,regime_2samp,kruskal,AGVF,0.046959421686779024,0.8284411918920835,
scipy,regime_2samp,brunnermunzel,AGVF,0.21627904373054518,0.8288590310039551,
scipy,regime_2samp,ks_2samp,AGVF,0.048481927710843475,0.9122783957768549,
scipy,regime_2samp,cramervonmises_2s,AGVF,0.04662912974544042,0.8990737192960001,
scipy,regime_2samp,epps_singleton,AGVF,3.435872308599973,0.48769584845354474,
scipy,regime_2samp,levene_var,AGVF,7.461484516501279e-05,0.9931114341700923,
scipy,regime_2samp,bartlett_var,AGVF,0.07731597419253929,0.7809682185358399,
scipy,regime_2samp,fligner_var,AGVF,0.00011778164896868112,0.9913409479273468,
scipy,regime_2samp,mood_scale,AGVF,0.23869541383212528,0.811341773211573,
scipy,regime_2samp,ansari_scale,AGVF,30985.0,0.8015700260114964,
scipy,regime_2samp,ttest_ind,RRES,-0.4722185692934519,0.6369780564382104,
scipy,regime_2samp,welch_t,RRES,-0.47219981634690356,0.636991548449367,
scipy,regime_2samp,mannwhitneyu,RRES,30571.5,0.7313208148384382,
scipy,regime_2samp,ranksums,RRES,-0.3436794527827642,0.7310873652540976,
scipy,regime_2samp,kruskal,RRES,0.11811562900602877,0.7310872966011508,
scipy,regime_2samp,brunnermunzel,RRES,0.34298503951203846,0.7317547630499497,
scipy,regime_2samp,ks_2samp,RRES,0.07534136546184733,0.43918620723071844,
scipy,regime_2samp,cramervonmises_2s,RRES,0.06309662698892282,0.7972493214937201,
scipy,regime_2samp,epps_singleton,RRES,1.0921851932559508,0.8955101223871464,
scipy,regime_2samp,levene_var,RRES,0.004863785473900778,0.9444279824676475,
scipy,regime_2samp,bartlett_var,RRES,0.0970227132336608,0.7554321786413671,
scipy,regime_2samp,fligner_var,RRES,0.0032259544580282933,0.9547065162932576,
scipy,regime_2samp,mood_scale,RRES,-0.21633143177358458,0.8287294100797997,
scipy,regime_2samp,ansari_scale,RRES,31537.5,0.6637092903232857,
scipy,regime_2samp,ttest_ind,CTGI,0.7612680686057215,0.44685802007593084,
scipy,regime_2samp,welch_t,CTGI,0.7612634580548514,0.4468607886804047,
scipy,regime_2samp,mannwhitneyu,CTGI,32517.0,0.3875819768263915,
scipy,regime_2samp,ranksums,CTGI,0.8643212254265723,0.3874114533534383,
scipy,regime_2samp,kruskal,CTGI,0.7470511807230196,0.3874114533533979,
scipy,regime_2samp,brunnermunzel,CTGI,-0.8638492591837982,0.388087459585049,
scipy,regime_2samp,ks_2samp,CTGI,0.07060240963855424,0.5257695605133282,
scipy,regime_2samp,cramervonmises_2s,CTGI,0.10658026092345096,0.5553934649322055,
scipy,regime_2samp,epps_singleton,CTGI,1.1855946175461494,0.880464627872539,
scipy,regime_2samp,levene_var,CTGI,0.033223150020666635,0.8554434459266403,
scipy,regime_2samp,bartlett_var,CTGI,0.002256023505597424,0.9621166305179754,
scipy,regime_2samp,fligner_var,CTGI,0.03029941041815561,0.8618126044201878,
scipy,regime_2samp,mood_scale,CTGI,-0.19156741908431385,0.848081065593997,
scipy,regime_2samp,ansari_scale,CTGI,31444.0,0.7499647857691157,
scipy,regime_2samp,ttest_ind,ALUT,-0.29839348045970165,0.7655275753415214,
scipy,regime_2samp,welch_t,ALUT,-0.2983818971966027,0.765536477792515,
scipy,regime_2samp,mannwhitneyu,ALUT,30378.0,0.6429936527236775,
scipy,regime_2samp,ranksums,ALUT,-0.4638275541621045,0.6427713003166902,
scipy,regime_2samp,kruskal,ALUT,0.21513614544301363,0.6427711879778054,
scipy,regime_2samp,brunnermunzel,ALUT,0.4631459418430289,0.6434627178698175,
scipy,regime_2samp,ks_2samp,ALUT,0.050682730923694685,0.8797544642250337,
scipy,regime_2samp,cramervonmises_2s,ALUT,0.05436231499142252,0.8521767169546178,
scipy,regime_2samp,epps_singleton,ALUT,0.6482978486753291,0.957548417591351,
scipy,regime_2samp,levene_var,ALUT,0.06408335779579356,0.8002593652125508,
scipy,regime_2samp,bartlett_var,ALUT,0.09270416808430967,0.7607671090018776,
scipy,regime_2samp,fligner_var,ALUT,0.05745962638497761,0.8105571159693882,
scipy,regime_2samp,mood_scale,ALUT,0.36188200158916084,0.7174402103511917,
scipy,regime_2samp,ansari_scale,ALUT,31015.0,0.8304994853560015,
scipy,regime_2samp,ttest_ind,ACAC,1.7552219113347187,0.07983743842461674,
scipy,regime_2samp,welch_t,ACAC,1.7555038235455154,0.07979274823360423,
scipy,regime_2samp,mannwhitneyu,ACAC,34189.0,0.05714635780187859,
scipy,regime_2samp,ranksums,ACAC,1.9025001686113632,0.05710579683199692,
scipy,regime_2samp,kruskal,ACAC,3.6195068915662887,0.05710579683199593,
scipy,regime_2samp,brunnermunzel,ACAC,-1.9058061112738616,0.05726809858367943,
scipy,regime_2samp,ks_2samp,ACAC,0.11946987951807231,0.04825034463683807,
scipy,regime_2samp,cramervonmises_2s,ACAC,0.4981472020345876,0.04026717782897926,
scipy,regime_2samp,epps_singleton,ACAC,11.5786638265488,0.02077553120178665,
scipy,regime_2samp,levene_var,ACAC,3.1871176581422755,0.07483048208205016,
scipy,regime_2samp,bartlett_var,ACAC,1.591282169988273,0.2071430431223393,
scipy,regime_2samp,fligner_var,ACAC,3.1935485322090904,0.07392937015921691,
scipy,regime_2samp,mood_scale,ACAC,-2.1204465087523836,0.033968408041387246,
scipy,regime_2samp,ansari_scale,ACAC,32896.0,0.03385219817542266,
scipy,regime_2samp,ttest_ind,SRTX,0.7122205748367103,0.47666239942700367,
scipy,regime_2samp,welch_t,SRTX,0.7122186611709184,0.4766635927891071,
scipy,regime_2samp,mannwhitneyu,SRTX,32110.0,0.5410035366528871,
scipy,regime_2samp,ranksums,SRTX,0.6116066142565902,0.5407980609088323,
scipy,regime_2samp,kruskal,SRTX,0.3740626506025819,0.5407980609087388,
scipy,regime_2samp,brunnermunzel,SRTX,-0.6110358499062597,0.5414553815321812,
scipy,regime_2samp,ks_2samp,SRTX,0.0533493975903615,0.8435721077470886,
scipy,regime_2samp,cramervonmises_2s,SRTX,0.05884704348456182,0.8240329342187412,
scipy,regime_2samp,epps_singleton,SRTX,0.8823472039407722,0.9270796275923617,
scipy,regime_2samp,levene_var,SRTX,0.05721492096999774,0.8110518948571943,
scipy,regime_2samp,bartlett_var,SRTX,0.00044403003345883893,0.9831882046187429,
scipy,regime_2samp,fligner_var,SRTX,0.04099028424296807,0.8395566770996344,
scipy,regime_2samp,mood_scale,SRTX,0.2696449978663256,0.7874333788185917,
scipy,regime_2samp,ansari_scale,SRTX,30887.0,0.7091369938165204,
scipy,regime_2samp,ttest_ind,GARI,-0.39546705096736123,0.6926679230376608,
scipy,regime_2samp,welch_t,GARI,-0.3954909180124823,0.6926504388028191,
scipy,regime_2samp,mannwhitneyu,GARI,30266.5,0.5942068071796902,
scipy,regime_2samp,ranksums,GARI,-0.5330601810551094,0.5939919217952154,
scipy,regime_2samp,kruskal,GARI,0.2841532115127119,0.5939918861588067,
scipy,regime_2samp,brunnermunzel,GARI,0.5323390547809106,0.5947292329287563,
scipy,regime_2samp,ks_2samp,GARI,0.05828112449799194,0.7566536425624099,
scipy,regime_2samp,cramervonmises_2s,GARI,0.06341865256617041,0.7952239175145874,
scipy,regime_2samp,epps_singleton,GARI,0.9917350013933609,0.9110466330991965,
scipy,regime_2samp,levene_var,GARI,0.15267457998671227,0.6961598567989374,
scipy,regime_2samp,bartlett_var,GARI,0.2240970571126528,0.6359357427117691,
scipy,regime_2samp,fligner_var,GARI,0.19597417360145375,0.6579901910197694,
scipy,regime_2samp,mood_scale,GARI,-0.3596191361417841,0.7191319711554477,
scipy,regime_2samp,ansari_scale,GARI,31359.5,0.8307412686548392,
scipy,regime_2samp,ttest_ind,RCRI,-0.20423804141812105,0.8382510911322522,
scipy,regime_2samp,welch_t,RCRI,-0.20426866056290638,0.8382275951933004,
scipy,regime_2samp,mannwhitneyu,RCRI,30736.0,0.8093787335826909,
scipy,regime_2samp,ranksums,RCRI,-0.2415380435998108,0.8091381346041244,
scipy,regime_2samp,kruskal,RCRI,0.058340626505923865,0.8091381346042852,
scipy,regime_2samp,brunnermunzel,RCRI,0.24083837796761923,0.8097811775722816,
scipy,regime_2samp,ks_2samp,RCRI,0.06338955823293174,0.6564514941221329,
scipy,regime_2samp,cramervonmises_2s,RCRI,0.0942684404954548,0.6158144610983399,
scipy,regime_2samp,epps_singleton,RCRI,2.076787145231095,0.7216380804553145,
scipy,regime_2samp,levene_var,RCRI,1.992041868639306,0.15875324864096174,
scipy,regime_2samp,bartlett_var,RCRI,1.385875946698874,0.23910278997296586,
scipy,regime_2samp,fligner_var,RCRI,2.059775848674012,0.1512324153195543,
scipy,regime_2samp,mood_scale,RCRI,-1.5771805854538314,0.11475397888566886,
scipy,regime_2samp,ansari_scale,RCRI,32383.0,0.1376054709817164,
scipy,regime_2samp,ttest_ind,ACIX,0.1376862871778098,0.8905441200070022,
scipy,regime_2samp,welch_t,ACIX,0.13769256233836635,0.8905391824337475,
scipy,regime_2samp,mannwhitneyu,ACIX,31632.5,0.7529079635091627,
scipy,regime_2samp,ranksums,ACIX,0.3151171134367711,0.752672735321523,
scipy,regime_2samp,kruskal,ACIX,0.09929920755872826,0.7526722385340743,
scipy,regime_2samp,brunnermunzel,ACIX,-0.3140355403014104,0.7536263576140647,
scipy,regime_2samp,ks_2samp,ACIX,0.07845783132530126,0.39435504610104893,
scipy,regime_2samp,cramervonmises_2s,ACIX,0.1212710964096857,0.49182230747415867,
scipy,regime_2samp,epps_singleton,ACIX,2.362199952231639,0.6694688445249598,
scipy,regime_2samp,levene_var,ACIX,0.7386664555575873,0.3905027473929296,
scipy,regime_2samp,bartlett_var,ACIX,0.1277774183182032,0.7207477103362274,
scipy,regime_2samp,fligner_var,ACIX,0.7820208667399062,0.3765237986462575,
scipy,regime_2samp,mood_scale,ACIX,-0.8542246221770894,0.3929805430592137,
scipy,regime_2samp,ansari_scale,ACIX,32119.5,0.24759337820941818,
scipy,regime_2samp,ttest_ind,CCNS,-0.05582371146147043,0.9555046794063357,
scipy,regime_2samp,welch_t,CCNS,-0.05581465036160588,0.9555120556295216,
scipy,regime_2samp,mannwhitneyu,CCNS,31387.5,0.8707693748006654,
scipy,regime_2samp,ranksums,CCNS,0.1629916103983299,0.8705250402716198,
scipy,regime_2samp,kruskal,CCNS,0.02656631252659838,0.8705249256248745,
scipy,regime_2samp,brunnermunzel,CCNS,-0.16241486613643116,0.8710464469729674,
scipy,regime_2samp,ks_2samp,CCNS,0.06183132530120483,0.6933273355460939,
scipy,regime_2samp,cramervonmises_2s,CCNS,0.10493117158010534,0.5630968418095338,
scipy,regime_2samp,epps_singleton,CCNS,5.773914493890017,0.21668066609093406,
scipy,regime_2samp,levene_var,CCNS,2.978285654177145,0.08501015254994185,
scipy,regime_2samp,bartlett_var,CCNS,1.6261910382590832,0.20223069194758309,
scipy,regime_2samp,fligner_var,CCNS,3.461668378605553,0.06280691282483888,
scipy,regime_2samp,mood_scale,CCNS,1.6897622862601518,0.09107344164846412,
scipy,regime_2samp,ansari_scale,CCNS,29832.5,0.09246520684456211,
scipy,regime_2samp,ttest_ind,MTNS,-0.6263891554779746,0.5313473060126775,
scipy,regime_2samp,welch_t,MTNS,-0.6263558219788122,0.5313694145227271,
scipy,regime_2samp,mannwhitneyu,MTNS,30350.0,0.6305850407750706,
scipy,regime_2samp,ranksums,MTNS,-0.4812133259379264,0.6303648907503865,
scipy,regime_2samp,kruskal,MTNS,0.2315669359933434,0.6303643953375251,
scipy,regime_2samp,brunnermunzel,MTNS,0.4804324769789853,0.631131508153133,
scipy,regime_2samp,ks_2samp,MTNS,0.04677911646586341,0.9284023098277456,
scipy,regime_2samp,cramervonmises_2s,MTNS,0.06360447803237435,0.7940556771901066,
scipy,regime_2samp,epps_singleton,MTNS,0.9571278894583387,0.9162256190580611,
scipy,regime_2samp,levene_var,MTNS,0.060462066123001625,0.8058686229563202,
scipy,regime_2samp,bartlett_var,MTNS,0.17424937373951577,0.6763625411379733,
scipy,regime_2samp,fligner_var,MTNS,0.06839853659804293,0.7936829395209469,
scipy,regime_2samp,mood_scale,MTNS,0.3410479422191165,0.733067490270018,
scipy,regime_2samp,ansari_scale,MTNS,31135.0,0.9481412859576203,
scipy,regime_2samp,ttest_ind,IHOZ,0.5382093603634135,0.5906734603085968,
scipy,regime_2samp,welch_t,IHOZ,0.5382785635060477,0.5906265938798241,
scipy,regime_2samp,mannwhitneyu,IHOZ,31689.0,0.7264222600573824,
scipy,regime_2samp,ranksums,IHOZ,0.3501991171986974,0.7261892692432861,
scipy,regime_2samp,kruskal,IHOZ,0.12263942168669928,0.7261892692433372,
scipy,regime_2samp,brunnermunzel,IHOZ,-0.3487741237238878,0.7274108461286458,
scipy,regime_2samp,ks_2samp,IHOZ,0.09137349397590364,0.22164818563235605,
scipy,regime_2samp,cramervonmises_2s,IHOZ,0.15619486362282942,0.37223260438089933,
scipy,regime_2samp,epps_singleton,IHOZ,9.753135566324294,0.04479786029279292,
scipy,regime_2samp,levene_var,IHOZ,2.7710800423695554,0.09661163310975263,
scipy,regime_2samp,bartlett_var,IHOZ,1.0187199784463417,0.3128228263710703,
scipy,regime_2samp,fligner_var,IHOZ,3.1308555849310733,0.07682341231709393,
scipy,regime_2samp,mood_scale,IHOZ,-2.180408315752309,0.029227208279303384,
scipy,regime_2samp,ansari_scale,IHOZ,32860.0,0.03779031574951705,
scipy,regime_2samp,ttest_ind,NAYO,0.6809161700736919,0.496241646895761,
scipy,regime_2samp,welch_t,NAYO,0.6809614279273182,0.4962133013933563,
scipy,regime_2samp,mannwhitneyu,NAYO,32335.0,0.4526507006622693,
scipy,regime_2samp,ranksums,NAYO,0.7513137088837302,0.4524638807977205,
scipy,regime_2samp,kruskal,NAYO,0.5644722891568108,0.45246388079764654,
scipy,regime_2samp,brunnermunzel,NAYO,-0.7501402742520366,0.45352685985505314,
scipy,regime_2samp,ks_2samp,NAYO,0.06645783132530125,0.6030602903994813,
scipy,regime_2samp,cramervonmises_2s,NAYO,0.12078087097890489,0.4938027975593188,
scipy,regime_2samp,epps_singleton,NAYO,3.1861300482188932,0.5271740912417644,
scipy,regime_2samp,levene_var,NAYO,0.38071490653707357,0.5375034346262091,
scipy,regime_2samp,bartlett_var,NAYO,0.2718300333774366,0.6021068040336917,
scipy,regime_2samp,fligner_var,NAYO,0.4489762231581813,0.5028215310008406,
scipy,regime_2samp,mood_scale,NAYO,-0.9081500491131598,0.3637989507483531,
scipy,regime_2samp,ansari_scale,NAYO,31742.0,0.4909792593890412,
scipy,regime_2samp,ttest_ind,FWWG,0.31242020358616457,0.7548522357467575,
scipy,regime_2samp,welch_t,FWWG,0.31237049522221094,0.7548908935649681,
scipy,regime_2samp,mannwhitneyu,FWWG,31638.0,0.7503166451034672,
scipy,regime_2samp,ranksums,FWWG,0.318532175749879,0.7500812919100107,
scipy,regime_2samp,kruskal,FWWG,0.10146284497958688,0.7500811752523426,
scipy,regime_2samp,brunnermunzel,FWWG,-0.31782352203017455,0.7507540289319475,
scipy,regime_2samp,ks_2samp,FWWG,0.05368674698795184,0.8372116219532297,
scipy,regime_2samp,cramervonmises_2s,FWWG,0.06351089327249326,0.7946439725393832,
scipy,regime_2samp,epps_singleton,FWWG,2.335316099130466,0.6743468375595055,
scipy,regime_2samp,levene_var,FWWG,2.230270369606611,0.13596471659929166,
scipy,regime_2samp,bartlett_var,FWWG,1.5623188871830833,0.2113260133712464,
scipy,regime_2samp,fligner_var,FWWG,2.1032728501599163,0.14698422389545007,
scipy,regime_2samp,mood_scale,FWWG,1.3743360309961454,0.16933738535972365,
scipy,regime_2samp,ansari_scale,FWWG,30081.0,0.1694616370081995,
scipy,regime_2samp,ttest_ind,EELT,1.2031116191967994,0.22950592214157445,
scipy,regime_2samp,welch_t,EELT,1.2032735107797692,0.22944561771532326,
scipy,regime_2samp,mannwhitneyu,EELT,32373.5,0.4383936088023658,
scipy,regime_2samp,ranksums,EELT,0.7752191450754853,0.4382101771591874,
scipy,regime_2samp,kruskal,EELT,0.6009647519118009,0.43821016610088015,
scipy,regime_2samp,brunnermunzel,EELT,-0.7742375384433635,0.43915872440964204,
scipy,regime_2samp,ks_2samp,EELT,0.07188755020080323,0.5004312680487916,
scipy,regime_2samp,cramervonmises_2s,EELT,0.11275797377888352,0.5275740080135864,
scipy,regime_2samp,epps_singleton,EELT,6.855335418607268,0.1437334494291389,
scipy,regime_2samp,levene_var,EELT,0.2005802701098119,0.6544480283366099,
scipy,regime_2samp,bartlett_var,EELT,1.115894382590878,0.2908042202263462,
scipy,regime_2samp,fligner_var,EELT,0.16795728330331847,0.6819336520583288,
scipy,regime_2samp,mood_scale,EELT,-0.3722311583641635,0.7097207491821832,
scipy,regime_2samp,ansari_scale,EELT,31155.5,0.9684254763301503,
scipy,regime_2samp,ttest_ind,HRND,1.9221747600776942,0.055155101545146454,
scipy,regime_2samp,welch_t,HRND,1.9223646026048054,0.055132329770988794,
scipy,regime_2samp,mannwhitneyu,HRND,34406.0,0.04165701486254499,
scipy,regime_2samp,ranksums,HRND,2.0372398998739825,0.0416260072378555,
scipy,regime_2samp,kruskal,HRND,4.150350417993049,0.04162590870133937,
scipy,regime_2samp,brunnermunzel,HRND,-2.0457622666112774,0.04130722288594965,
scipy,regime_2samp,ks_2samp,HRND,0.10562248995983947,0.11471226095921769,
scipy,regime_2samp,cramervonmises_2s,HRND,0.4815658948418928,0.04438398379022268,
scipy,regime_2samp,epps_singleton,HRND,4.872494714528849,0.3006322969425033,
scipy,regime_2samp,levene_var,HRND,0.73121375057955,0.39290207025626345,
scipy,regime_2samp,bartlett_var,HRND,0.6005684805169748,0.43836120718335325,
scipy,regime_2samp,fligner_var,HRND,0.7065863982594128,0.4005793794724565,
scipy,regime_2samp,mood_scale,HRND,-0.7319706746504009,0.4641864670394861,
scipy,regime_2samp,ansari_scale,HRND,31589.0,0.6180215433928402,
scipy,regime_2samp,ttest_ind,AETS,0.13479971438875069,0.892824804518645,
scipy,regime_2samp,welch_t,AETS,0.13479325186605112,0.892829954007742,
scipy,regime_2samp,mannwhitneyu,AETS,30764.5,0.823121939247361,
scipy,regime_2samp,ranksums,AETS,-0.2238418116137064,0.8228803943671367,
scipy,regime_2samp,kruskal,AETS,0.050105183241628104,0.822880348105919,
scipy,regime_2samp,brunnermunzel,AETS,0.22331663213704764,0.8233808407835426,
scipy,regime_2samp,ks_2samp,AETS,0.0531726907630522,0.8468105120381223,
scipy,regime_2samp,cramervonmises_2s,AETS,0.06487250002011535,0.7860958010973933,
scipy,regime_2samp,epps_singleton,AETS,4.692040751501958,0.32037961685419325,
scipy,regime_2samp,levene_var,AETS,0.13339489626007994,0.715093117141021,
scipy,regime_2samp,bartlett_var,AETS,0.1414137165343801,0.7068796121017109,
scipy,regime_2samp,fligner_var,AETS,0.11112104112614292,0.7388714383792335,
scipy,regime_2samp,mood_scale,AETS,-0.08185835163719934,0.9347593538207053,
scipy,regime_2samp,ansari_scale,AETS,30888.5,0.7105235559665467,
scipy,regime_2samp,ttest_ind,ULXY,0.3964235391248183,0.6919627506227539,
scipy,regime_2samp,welch_t,ULXY,0.3964007768544436,0.6919797099047262,
scipy,regime_2samp,mannwhitneyu,ULXY,31671.0,0.7348266324339194,
scipy,regime_2samp,ranksums,ULXY,0.3390225496285262,0.734592742915676,
scipy,regime_2samp,kruskal,ULXY,0.11493628915673071,0.7345927429155602,
scipy,regime_2samp,brunnermunzel,ULXY,-0.33801748235450385,0.7354931019950868,
scipy,regime_2samp,ks_2samp,ULXY,0.07336546184738957,0.48509569166157623,
scipy,regime_2samp,cramervonmises_2s,ULXY,0.09933885441566304,0.5901117995127596,
scipy,regime_2samp,epps_singleton,ULXY,0.4981899804916531,0.9736769450454844,
scipy,regime_2samp,levene_var,ULXY,0.3985801721003027,0.528113672043297,
scipy,regime_2samp,bartlett_var,ULXY,0.20287954553362897,0.652406530875157,
scipy,regime_2samp,fligner_var,ULXY,0.5303067508870819,0.4664779236027816,
scipy,regime_2samp,mood_scale,ULXY,0.576909499465284,0.564000593058079,
scipy,regime_2samp,ansari_scale,ULXY,30434.0,0.3494967402156619,
scipy,regime_2samp,ttest_ind,BLBT,0.04027331384629656,0.9678914016975058,
scipy,regime_2samp,welch_t,BLBT,0.04028225401521163,0.9678844614392118,
scipy,regime_2samp,mannwhitneyu,BLBT,31539.5,0.7971315938803869,
scipy,regime_2samp,ranksums,BLBT,0.25737151432421995,0.7968919906532153,
scipy,regime_2samp,kruskal,BLBT,0.0662401283725544,0.796891942686569,
scipy,regime_2samp,brunnermunzel,BLBT,-0.2564439269032107,0.7977153198262407,
scipy,regime_2samp,ks_2samp,BLBT,0.06753413654618474,0.5776035697145482,
scipy,regime_2samp,cramervonmises_2s,BLBT,0.12446904250268176,0.479129528078555,
scipy,regime_2samp,epps_singleton,BLBT,4.629954121679753,0.3274151448960488,
scipy,regime_2samp,levene_var,BLBT,1.7411171545452082,0.18760485635410892,
scipy,regime_2samp,bartlett_var,BLBT,3.0483855233754227,0.08081744476648442,
scipy,regime_2samp,fligner_var,BLBT,1.7126907087506673,0.1906366366456953,
scipy,regime_2samp,mood_scale,BLBT,-1.3450418540946856,0.17861171879215165,
scipy,regime_2samp,ansari_scale,BLBT,31783.5,0.45912469173780224,
scipy,regime_2samp,ttest_ind,BENI,-0.7816944158084465,0.43476640539699807,
scipy,regime_2samp,welch_t,BENI,-0.7816668380900502,0.4347827749070598,
scipy,regime_2samp,mannwhitneyu,BENI,29673.5,0.3676099980409573,
scipy,regime_2samp,ranksums,BENI,-0.9012659904501937,0.36744691177394895,
scipy,regime_2samp,kruskal,BENI,0.8122870537607311,0.36744494533327343,
scipy,regime_2samp,brunnermunzel,BENI,0.9002173482165634,0.368440872472059,
scipy,regime_2samp,ks_2samp,BENI,0.07434538152610437,0.46194386826031447,
scipy,regime_2samp,cramervonmises_2s,BENI,0.1440415368890342,0.4094071690909994,
scipy,regime_2samp,epps_singleton,BENI,3.0360042547943262,0.5518183588565801,
scipy,regime_2samp,levene_var,BENI,0.06477594233512626,0.7992059364073826,
scipy,regime_2samp,bartlett_var,BENI,0.07656707197032768,0.7820046689045674,
scipy,regime_2samp,fligner_var,BENI,0.07325404038352581,0.7866565160666381,
scipy,regime_2samp,mood_scale,BENI,-0.37552300459041316,0.7072715409707655,
scipy,regime_2samp,ansari_scale,BENI,31838.5,0.4196405939407599,
scipy,regime_2samp,ttest_ind,ITPA,0.6652528011439135,0.5061974051358112,
scipy,regime_2samp,welch_t,ITPA,0.6653037714805061,0.5061651975423319,
scipy,regime_2samp,mannwhitneyu,ITPA,32376.5,0.4372922757815064,
scipy,regime_2samp,ranksums,ITPA,0.7770819063371804,0.43711044824612166,
scipy,regime_2samp,kruskal,ITPA,0.6038598466766596,0.4371090978416412,
scipy,regime_2samp,brunnermunzel,ITPA,-0.7760346162856084,0.43809812136456955,
scipy,regime_2samp,ks_2samp,ITPA,0.09865060240963858,0.15774784747052398,
scipy,regime_2samp,cramervonmises_2s,ITPA,0.11713548381904104,0.5088262775449462,
scipy,regime_2samp,epps_singleton,ITPA,1.2869545513771776,0.8635849664960091,
scipy,regime_2samp,levene_var,ITPA,0.7082291878029718,0.400437045095336,
scipy,regime_2samp,bartlett_var,ITPA,0.3612678954585408,0.5478029206981319,
scipy,regime_2samp,fligner_var,ITPA,0.6201423154098868,0.43099440559022517,
scipy,regime_2samp,mood_scale,ITPA,-0.4840264160541579,0.6283671218878583,
scipy,regime_2samp,ansari_scale,ITPA,31844.5,0.4144717262212221,
scipy,regime_2samp,ttest_ind,HTRK,0.9357603939642216,0.34985101827552867,
scipy,regime_2samp,welch_t,HTRK,0.9357738057127878,0.34984412276807986,
scipy,regime_2samp,mannwhitneyu,HTRK,32602.0,0.359249818084008,
scipy,regime_2samp,ranksums,HTRK,0.9170994611746028,0.35909052339755476,
scipy,regime_2samp,kruskal,HTRK,0.8410833219892728,0.35908712391777253,
scipy,regime_2samp,brunnermunzel,HTRK,-0.9169486182657623,0.3596145412592668,
scipy,regime_2samp,ks_2samp,HTRK,0.07465060240963861,0.4547010977425435,
scipy,regime_2samp,cramervonmises_2s,HTRK,0.10726625942648127,0.5522237607270115,
scipy,regime_2samp,epps_singleton,HTRK,1.3315644099521542,0.8559978632187206,
scipy,regime_2samp,levene_var,HTRK,0.10382089822036032,0.7474272000534242,
scipy,regime_2samp,bartlett_var,HTRK,0.012634237914436457,0.9105045697599861,
scipy,regime_2samp,fligner_var,HTRK,0.08284331315056266,0.7734805898030231,
scipy,regime_2samp,mood_scale,HTRK,-0.3451380742960216,0.729990570910868,
scipy,regime_2samp,ansari_scale,HTRK,31538.0,0.663858762373982,
scipy,regime_2samp,ttest_ind,NGTE,1.8367270374911677,0.06684719850046238,
scipy,regime_2samp,welch_t,NGTE,1.8367909893811292,0.06683784224279861,
scipy,regime_2samp,mannwhitneyu,NGTE,34111.0,0.06377379540305726,
scipy,regime_2samp,ranksums,NGTE,1.854068375807288,0.06372937836182144,
scipy,regime_2samp,kruskal,NGTE,3.4375697081668366,0.063729371958153,
scipy,regime_2samp,brunnermunzel,NGTE,-1.861679450112178,0.06323905742938771,
scipy,regime_2samp,ks_2samp,NGTE,0.09055421686746995,0.23425254342099525,
scipy,regime_2samp,cramervonmises_2s,NGTE,0.36199777868991134,0.09132187727394614,
scipy,regime_2samp,epps_singleton,NGTE,6.224962061627291,0.18296607473267482,
scipy,regime_2samp,levene_var,NGTE,1.7587188033380576e-05,0.9966555975607458,
scipy,regime_2samp,bartlett_var,NGTE,0.0745700646188499,0.7847954103378122,
scipy,regime_2samp,fligner_var,NGTE,0.0011096861160884463,0.9734258230912148,
scipy,regime_2samp,mood_scale,NGTE,0.3784215571072451,0.7051174565359833,
scipy,regime_2samp,ansari_scale,NGTE,31064.0,0.8782319665079067,
scipy,regime_2samp,ttest_ind,ILVX,1.7944337424118566,0.07335157122869389,
scipy,regime_2samp,welch_t,ILVX,1.794589833191705,0.07332758248163027,
scipy,regime_2samp,mannwhitneyu,ILVX,33885.0,0.08663347937335243,
scipy,regime_2samp,ranksums,ILVX,1.713740360759583,0.08657642085373948,
scipy,regime_2samp,kruskal,ILVX,2.9369060240965155,0.08657642085373282,
scipy,regime_2samp,brunnermunzel,ILVX,-1.7183777819912005,0.08635525016489508,
scipy,regime_2samp,ks_2samp,ILVX,0.11484337349397594,0.06436129502921949,
scipy,regime_2samp,cramervonmises_2s,ILVX,0.3409092240706286,0.1042013535940608,
scipy,regime_2samp,epps_singleton,ILVX,4.885863290844685,0.29921038793035054,
scipy,regime_2samp,levene_var,ILVX,0.6259553506553811,0.4292202067205322,
scipy,regime_2samp,bartlett_var,ILVX,0.4657484381205937,0.4949496156911952,
scipy,regime_2samp,fligner_var,ILVX,0.7390084962124644,0.3899786773445393,
scipy,regime_2samp,mood_scale,ILVX,-1.1293465623491807,0.2587516658827367,
scipy,regime_2samp,ansari_scale,ILVX,32062.0,0.27741758248952575,
scipy,regime_2samp,ttest_ind,FCSG,-0.40178081625931233,0.6880180552246784,
scipy,regime_2samp,welch_t,FCSG,-0.4018248675726548,0.6879860961568459,
scipy,regime_2samp,mannwhitneyu,FCSG,30636.0,0.7616462913149569,
scipy,regime_2samp,ranksums,FCSG,-0.3036300856563174,0.7614097279983356,
scipy,regime_2samp,kruskal,FCSG,0.09219122891568077,0.7614097279983129,
scipy,regime_2samp,brunnermunzel,FCSG,0.30301832690344954,0.7620029579669718,
scipy,regime_2samp,ks_2samp,FCSG,0.046538152610441696,0.9312582606656828,
scipy,regime_2samp,cramervonmises_2s,FCSG,0.05987438330475925,0.8175555554369863,
scipy,regime_2samp,epps_singleton,FCSG,1.981404366977434,0.7391793083724123,
scipy,regime_2samp,levene_var,FCSG,0.6722416973077502,0.4126641663813565,
scipy,regime_2samp,bartlett_var,FCSG,0.7403124389094764,0.3895608111777572,
scipy,regime_2samp,fligner_var,FCSG,0.6500073188074011,0.42011006289855224,
scipy,regime_2samp,mood_scale,FCSG,-0.6295315032132494,0.5290011509571012,
scipy,regime_2samp,ansari_scale,FCSG,31813.0,0.43720460947019424,
scipy,regime_2samp,ttest_ind,FARS,-1.2196830129077827,0.2231635414950559,
scipy,regime_2samp,welch_t,FARS,-1.219530056989196,0.22322405522014044,
scipy,regime_2samp,mannwhitneyu,FARS,29274.5,0.250678548508642,
scipy,regime_2samp,ranksums,FARS,-1.149013238255655,0.2505505219569,
scipy,regime_2samp,kruskal,FARS,1.3202314854400325,0.25055051051750343,
scipy,regime_2samp,brunnermunzel,FARS,1.1484741426225502,0.25133235079757993,
scipy,regime_2samp,ks_2samp,FARS,0.08542971887550194,0.3025600913325657,
scipy,regime_2samp,cramervonmises_2s,FARS,0.19392103886487178,0.2801898845627726,
scipy,regime_2samp,epps_singleton,FARS,4.191607150372496,0.3806952600917724,
scipy,regime_2samp,levene_var,FARS,1.6472852180635102,0.19992693065672354,
scipy,regime_2samp,bartlett_var,FARS,0.9693587654752894,0.3248401530041741,
scipy,regime_2samp,fligner_var,FARS,1.8137310085550455,0.17806130768387335,
scipy,regime_2samp,mood_scale,FARS,1.3549165986056466,0.1754441306140252,
scipy,regime_2samp,ansari_scale,FARS,30038.5,0.1536631766159622,
scipy,regime_2samp,ttest_ind,MHRM,0.21872075249126166,0.8269573678189281,
scipy,regime_2samp,welch_t,MHRM,0.2186805970151482,0.8269894503204512,
scipy,regime_2samp,mannwhitneyu,MHRM,31109.0,0.9923210537572977,
scipy,regime_2samp,ranksums,MHRM,-0.00993472672904106,0.9920733653188659,
scipy,regime_2samp,kruskal,MHRM,9.869908142163376e-05,0.9920733538250537,
scipy,regime_2samp,brunnermunzel,MHRM,0.009914313822363111,0.9920936537557082,
scipy,regime_2samp,ks_2samp,MHRM,0.04451405622489968,0.9527375150105646,
scipy,regime_2samp,cramervonmises_2s,MHRM,0.04103962141149964,0.9301417480389471,
scipy,regime_2samp,epps_singleton,MHRM,5.638406766960794,0.22782863785548094,
scipy,regime_2samp,levene_var,MHRM,1.2695903842399374,0.26038726639453375,
scipy,regime_2samp,bartlett_var,MHRM,2.0824329488630444,0.1490025174191172,
scipy,regime_2samp,fligner_var,MHRM,1.4146894708873763,0.2342794716684896,
scipy,regime_2samp,mood_scale,MHRM,0.9165888907003218,0.35935810797714585,
scipy,regime_2samp,ansari_scale,MHRM,30634.0,0.4919546838609027,
scipy,regime_2samp,ttest_ind,EAFC,0.4271796448000306,0.6694334879389136,
scipy,regime_2samp,welch_t,EAFC,0.42718099216163896,0.6694325084092887,
scipy,regime_2samp,mannwhitneyu,EAFC,31579.0,0.7782597902562718,
scipy,regime_2samp,ranksums,EAFC,0.28189787093654006,0.7780218221084734,
scipy,regime_2samp,kruskal,EAFC,0.07946648638652515,0.7780217177256241,
scipy,regime_2samp,brunnermunzel,EAFC,-0.281499834218727,0.7784442349662465,
scipy,regime_2samp,ks_2samp,EAFC,0.04351807228915665,0.9581071914439243,
scipy,regime_2samp,cramervonmises_2s,EAFC,0.03117335071749494,0.9738041342363613,
scipy,regime_2samp,epps_singleton,EAFC,1.6565447894206138,0.7985953393816043,
scipy,regime_2samp,levene_var,EAFC,0.004532671079688475,0.946349958686022,
scipy,regime_2samp,bartlett_var,EAFC,0.0006118604075945831,0.9802656897690144,
scipy,regime_2samp,fligner_var,EAFC,0.00010157468742122812,0.9919587149651075,
scipy,regime_2samp,mood_scale,EAFC,-0.1911529631236066,0.8484057540095982,
scipy,regime_2samp,ansari_scale,EAFC,31246.0,0.9419629373953026,
scipy,sign,binomtest_updays,ALGO,0.4899193548387097,0.686172331416121,
scipy,sign,chi2_signtransition,ALGO,0.0,1.0,
scipy,sign,Gtest_signtransition,ALGO,0.0,1.0,
scipy,sign,fisher_signtransition,ALGO,,1.0,
scipy,info,differential_entropy,ALGO,-3.181907069883475,,
scipy,sign,binomtest_updays,AENO,0.4779116465863454,0.34669765897516197,
scipy,sign,chi2_signtransition,AENO,1.3768876465208195,0.24063200653439254,
scipy,sign,Gtest_signtransition,AENO,1.3773598595371652,0.240551371659601,
scipy,sign,fisher_signtransition,AENO,,0.2099008708110504,
scipy,info,differential_entropy,AENO,-2.535396354151503,,
scipy,sign,binomtest_updays,LSST,0.48893360160965793,0.6537916608946801,
scipy,sign,chi2_signtransition,LSST,0.8269004762840452,0.36317032253357573,
scipy,sign,Gtest_signtransition,LSST,0.827153317020084,0.36309697074833036,
scipy,sign,fisher_signtransition,LSST,,0.3245075131867684,
scipy,info,differential_entropy,LSST,-2.4300909255457697,,
scipy,sign,binomtest_updays,SRNA,0.4408817635270541,0.009351272841182172,
scipy,sign,chi2_signtransition,SRNA,0.015663277036376752,0.9004024136937484,
scipy,sign,Gtest_signtransition,SRNA,0.015664979049224925,0.9003970307682916,
scipy,sign,fisher_signtransition,SRNA,,0.8560744400079255,
scipy,info,differential_entropy,SRNA,-2.7310804667999617,,
scipy,sign,binomtest_updays,ELLT,0.5070140280561122,0.7882720378191246,
scipy,sign,chi2_signtransition,ELLT,0.034243832940792585,0.8531891181189132,
scipy,sign,Gtest_signtransition,ELLT,0.03424432395108479,0.8531880775474474,
scipy,sign,fisher_signtransition,ELLT,,0.7887380374065234,
scipy,info,differential_entropy,ELLT,-2.622617218069215,,
scipy,sign,binomtest_updays,AMRP,0.4979757085020243,0.9641196391162841,
scipy,sign,chi2_signtransition,AMRP,0.018231050078061094,0.8925941592531128,
scipy,sign,Gtest_signtransition,AMRP,0.01823116183866258,0.8925938320379243,
scipy,sign,fisher_signtransition,AMRP,,0.857200711373455,
scipy,info,differential_entropy,AMRP,-2.1531402396864325,,
scipy,sign,binomtest_updays,OTCS,0.5303643724696356,0.19191806690030333,
scipy,sign,chi2_signtransition,OTCS,0.7341420836550892,0.3915438639250719,
scipy,sign,Gtest_signtransition,OTCS,0.7344804598431285,0.39143474097453623,
scipy,sign,fisher_signtransition,OTCS,,0.366383162173753,
scipy,info,differential_entropy,OTCS,-2.2064958566599118,,
scipy,sign,binomtest_updays,HETT,0.5020161290322581,0.9641919785535499,
scipy,sign,chi2_signtransition,HETT,0.0019475510320922827,0.9647999293991516,
scipy,sign,Gtest_signtransition,HETT,0.0019475521203800028,0.9647999195706705,
scipy,sign,fisher_signtransition,HETT,,0.9284561327438856,
scipy,info,differential_entropy,HETT,-2.78296716195478,,
scipy,sign,binomtest_updays,HUXZ,0.4779116465863454,0.34669765897516197,
scipy,sign,chi2_signtransition,HUXZ,0.646080280391277,0.4215175774585348,
scipy,sign,Gtest_signtransition,HUXZ,0.6462779846778801,0.4214465487900676,
scipy,sign,fisher_signtransition,HUXZ,,0.4186336764418095,
scipy,info,differential_entropy,HUXZ,-2.4181567589827115,,
scipy,sign,binomtest_updays,DUCT,0.4804928131416838,0.41472280752657087,
scipy,sign,chi2_signtransition,DUCT,1.9504042794302197,0.16254329243007104,
scipy,sign,Gtest_signtransition,DUCT,1.9519797821174318,0.16237367000309538,
scipy,sign,fisher_signtransition,DUCT,,0.14659194711682783,
scipy,info,differential_entropy,DUCT,-2.413313158982213,,
scipy,sign,binomtest_updays,SMAH,0.501002004008016,1.0,
scipy,sign,chi2_signtransition,SMAH,1.2955254942779735e-07,0.9997128141525689,
scipy,sign,Gtest_signtransition,SMAH,1.295525205802575e-07,0.9997128141845428,
scipy,sign,fisher_signtransition,SMAH,,0.928881113591389,
scipy,info,differential_entropy,SMAH,-2.4381541943377667,,
scipy,sign,binomtest_updays,NPCK,0.47433264887063653,0.27678172964257153,
scipy,sign,chi2_signtransition,NPCK,0.04600717337330191,0.8301627590533285,
scipy,sign,Gtest_signtransition,NPCK,0.04600633364251516,0.830164285385675,
scipy,sign,fisher_signtransition,NPCK,,0.7853272615348865,
scipy,info,differential_entropy,NPCK,-2.5902096889702246,,
scipy,sign,binomtest_updays,MSDP,0.4786150712830957,0.36676023732361457,
scipy,sign,chi2_signtransition,MSDP,0.7406677100071293,0.38944707072532714,
scipy,sign,Gtest_signtransition,MSDP,0.7407797544076367,0.3894112094294431,
scipy,sign,fisher_signtransition,MSDP,,0.36578124571772924,
scipy,info,differential_entropy,MSDP,-2.392039243249557,,
scipy,sign,binomtest_updays,EORC,0.4737903225806452,0.26161516981816046,
scipy,sign,chi2_signtransition,EORC,1.4119153657308334,0.23473869172745246,
scipy,sign,Gtest_signtransition,EORC,1.412881066249959,0.23457870808098485,
scipy,sign,fisher_signtransition,EORC,,0.20814442155334062,
scipy,info,differential_entropy,EORC,-2.356574699432439,,
scipy,sign,binomtest_updays,CUBO,0.5240963855421686,0.3026979712138966,
scipy,sign,chi2_signtransition,CUBO,1.3942877405917842,0.23768233541739744,
scipy,sign,Gtest_signtransition,CUBO,1.3952043715144633,0.23752816829855006,
scipy,sign,fisher_signtransition,CUBO,,0.20932799633867052,
scipy,info,differential_entropy,CUBO,-2.697593344921575,,
scipy,sign,binomtest_updays,HRET,0.5110663983903421,0.6537916608946801,
scipy,sign,chi2_signtransition,HRET,0.41220280842310236,0.5208535590546353,
scipy,sign,Gtest_signtransition,HRET,0.4122694779376026,0.5208198498593878,
scipy,sign,fisher_signtransition,HRET,,0.4735810481749487,
scipy,info,differential_entropy,HRET,-2.403086081421543,,
scipy,sign,binomtest_updays,ANSO,0.5200803212851406,0.39456342808783673,
scipy,sign,chi2_signtransition,ANSO,2.0416722841157915,0.1530413190740463,
scipy,sign,Gtest_signtransition,ANSO,2.0433744859352263,0.15287019570766996,
scipy,sign,fisher_signtransition,ANSO,,0.15045373304366078,
scipy,info,differential_entropy,ANSO,-2.4650651449721943,,
scipy,sign,binomtest_updays,DIHO,0.49382716049382713,0.8206044574402508,
scipy,sign,chi2_signtransition,DIHO,0.34470414320182474,0.5571264054310596,
scipy,sign,Gtest_signtransition,DIHO,0.3447432132105197,0.5571040613642737,
scipy,sign,fisher_signtransition,DIHO,,0.5254359644701992,
scipy,info,differential_entropy,DIHO,-2.450590480521474,,
scipy,sign,binomtest_updays,RTTH,0.49295774647887325,0.7878567368076885,
scipy,sign,chi2_signtransition,RTTH,0.9696622312196834,0.3247644318970847,
scipy,sign,Gtest_signtransition,RTTH,0.9699704059825134,0.3246875596710509,
scipy,sign,fisher_signtransition,RTTH,,0.3231712139812005,
scipy,info,differential_entropy,RTTH,-2.004503207124632,,
scipy,sign,binomtest_updays,SPLZ,0.4578313253012048,0.06606455545148901,
scipy,sign,chi2_signtransition,SPLZ,1.6431223804969324,0.1998976028796027,
scipy,sign,Gtest_signtransition,SPLZ,1.644946161703798,0.1996481836618381,
scipy,sign,fisher_signtransition,SPLZ,,0.17654485322186525,
scipy,info,differential_entropy,SPLZ,-2.243104714957485,,
scipy,sign,binomtest_updays,NWIG,0.46092184368737477,0.08882059703851929,
scipy,sign,chi2_signtransition,NWIG,0.5911244714512172,0.44198462172208786,
scipy,sign,Gtest_signtransition,NWIG,0.5914150284640609,0.44187245707154577,
scipy,sign,fisher_signtransition,NWIG,,0.41749530761137305,
scipy,info,differential_entropy,NWIG,-2.4221314922487376,,
scipy,sign,binomtest_updays,MMBT,0.4979919678714859,0.9642638822110738,
scipy,sign,chi2_signtransition,MMBT,0.7268491697625015,0.39390640563068147,
scipy,sign,Gtest_signtransition,MMBT,0.7270269193895231,0.3938485803865023,
scipy,sign,fisher_signtransition,MMBT,,0.37013602119145284,
scipy,info,differential_entropy,MMBT,-1.7630428660851936,,
scipy,sign,binomtest_updays,MDGI,0.4979919678714859,0.9642638822110738,
scipy,sign,chi2_signtransition,MDGI,2.7548490609615057,0.09695996672681194,
scipy,sign,Gtest_signtransition,MDGI,2.757400919140686,0.09680539421257098,
scipy,sign,fisher_signtransition,MDGI,,0.08849831446111933,
scipy,info,differential_entropy,MDGI,-2.434920168930764,,
scipy,sign,binomtest_updays,AGVF,0.4497991967871486,0.028009676176906705,
scipy,sign,chi2_signtransition,AGVF,0.6523468456123193,0.4192748686272655,
scipy,sign,Gtest_signtransition,AGVF,0.6528108957161081,0.4191095001430938,
scipy,sign,fisher_signtransition,AGVF,,0.41492585341165494,
scipy,info,differential_entropy,AGVF,-2.511698868685576,,
scipy,sign,binomtest_updays,RRES,0.5171717171717172,0.4720868792374929,
scipy,sign,chi2_signtransition,RRES,0.1799415158168855,0.6714235057355975,
scipy,sign,Gtest_signtransition,RRES,0.1799471329972988,0.6714186775389686,
scipy,sign,fisher_signtransition,RRES,,0.652537148723254,
scipy,info,differential_entropy,RRES,-2.281532288053777,,
scipy,sign,binomtest_updays,CTGI,0.5090180360721442,0.7202857848916937,
scipy,sign,chi2_signtransition,CTGI,0.07626230405743539,0.7824280172562947,
scipy,sign,Gtest_signtransition,CTGI,0.07626466187339931,0.7824247385595695,
scipy,sign,fisher_signtransition,CTGI,,0.720838806008447,
scipy,info,differential_entropy,CTGI,-2.069350656305765,,
scipy,sign,binomtest_updays,ALUT,0.4808080808080808,0.41851952284643834,
scipy,sign,chi2_signtransition,ALUT,1.501500198139372,0.22044067615712504,
scipy,sign,Gtest_signtransition,ALUT,1.502089935697967,0.22035007101057247,
scipy,sign,fisher_signtransition,ALUT,,0.20725987013594283,
scipy,info,differential_entropy,ALUT,-2.441469331392316,,
scipy,sign,binomtest_updays,ACAC,0.48096192384769537,0.4203909993382166,
scipy,sign,chi2_signtransition,ACAC,0.7059684246375392,0.40078545488168815,
scipy,sign,Gtest_signtransition,ACAC,0.7061888853711107,0.4007119202802403,
scipy,sign,fisher_signtransition,ACAC,,0.37024022484790003,
scipy,info,differential_entropy,ACAC,-2.486273952804441,,
scipy,sign,binomtest_updays,SRTX,0.4749498997995992,0.2826368108936261,
scipy,sign,chi2_signtransition,SRTX,0.2372024514349414,0.6262339934275329,
scipy,sign,Gtest_signtransition,SRTX,0.23720556005441296,0.6262317318659201,
scipy,sign,fisher_signtransition,SRTX,,0.5904406932044888,
scipy,info,differential_entropy,SRTX,-2.4670035625335904,,
scipy,sign,binomtest_updays,GARI,0.46277665995975853,0.10625522428072778,
scipy,sign,chi2_signtransition,GARI,1.0559405769689671,0.3041428746380238,
scipy,sign,Gtest_signtransition,GARI,1.0566967819866715,0.30396978324690427,
scipy,sign,fisher_signtransition,GARI,,0.2792626825371636,
scipy,info,differential_entropy,GARI,-2.411243366379596,,
scipy,sign,binomtest_updays,RCRI,0.48697394789579157,0.5911780326904607,
scipy,sign,chi2_signtransition,RCRI,1.5437416617399606,0.21406172446146882,
scipy,sign,Gtest_signtransition,RCRI,1.5444771183806125,0.213952623388328,
scipy,sign,fisher_signtransition,RCRI,,0.20931454545992934,
scipy,info,differential_entropy,RCRI,-1.9630995713740373,,
scipy,sign,binomtest_updays,ACIX,0.5010183299389002,1.0,
scipy,sign,chi2_signtransition,ACIX,1.3796148207383712,0.2401667682599901,
scipy,sign,Gtest_signtransition,ACIX,1.3802629877892638,0.24005635603326464,
scipy,sign,fisher_signtransition,ACIX,,0.24013756858317978,
scipy,info,differential_entropy,ACIX,-2.6780388664737966,,
scipy,sign,binomtest_updays,CCNS,0.47058823529411764,0.20724327783428714,
scipy,sign,chi2_signtransition,CCNS,0.9644368710956102,0.32607153715627024,
scipy,sign,Gtest_signtransition,CCNS,0.9649598184385475,0.3259404105915184,
scipy,sign,fisher_signtransition,CCNS,,0.3196368085760192,
scipy,info,differential_entropy,CCNS,-2.380822620731983,,
scipy,sign,binomtest_updays,MTNS,0.4898373983739837,0.6849676554621439,
scipy,sign,chi2_signtransition,MTNS,0.015962207807772907,0.8994615032287888,
scipy,sign,Gtest_signtransition,MTNS,0.01596224473159258,0.8994613875632987,
scipy,sign,fisher_signtransition,MTNS,,0.8569185392344234,
scipy,info,differential_entropy,MTNS,-2.5131227979137263,,
scipy,sign,binomtest_updays,IHOZ,0.4729458917835671,0.24442872310807257,
scipy,sign,chi2_signtransition,IHOZ,0.0005849813805831217,0.9807039354924559,
scipy,sign,Gtest_signtransition,IHOZ,0.0005849790089879625,0.9807039745993219,
scipy,sign,fisher_signtransition,IHOZ,,0.9285420811378695,
scipy,info,differential_entropy,IHOZ,-2.5613879630577268,,
scipy,sign,binomtest_updays,NAYO,0.47695390781563124,0.32469781509452916,
scipy,sign,chi2_signtransition,NAYO,0.0,1.0,
scipy,sign,Gtest_signtransition,NAYO,0.0,1.0,
scipy,sign,fisher_signtransition,NAYO,,1.0,
scipy,info,differential_entropy,NAYO,-1.982299352934327,,
scipy,sign,binomtest_updays,FWWG,0.4676113360323887,0.16302244017744508,
scipy,sign,chi2_signtransition,FWWG,0.24415340143277375,0.6212222721748741,
scipy,sign,Gtest_signtransition,FWWG,0.24414360679667446,0.6212292714838155,
scipy,sign,fisher_signtransition,FWWG,,0.5877895165480433,
scipy,info,differential_entropy,FWWG,-2.769412746957307,,
scipy,sign,binomtest_updays,EELT,0.47484909456740443,0.2816700079866242,
scipy,sign,chi2_signtransition,EELT,0.26175014051269263,0.608920326436013,
scipy,sign,Gtest_signtransition,EELT,0.26179578256066005,0.6088891038033308,
scipy,sign,fisher_signtransition,EELT,,0.5891915062777153,
scipy,info,differential_entropy,EELT,-1.9383063621121974,,
scipy,sign,binomtest_updays,HRND,0.4979757085020243,0.9641196391162841,
scipy,sign,chi2_signtransition,HRND,0.002003868743304186,0.9642949478636178,
scipy,sign,Gtest_signtransition,HRND,0.0020038700345207383,0.9642949363678149,
scipy,sign,fisher_signtransition,HRND,,0.928311288300843,
scipy,info,differential_entropy,HRND,-2.142968770883484,,
scipy,sign,binomtest_updays,AETS,0.4909090909090909,0.7192058380367843,
scipy,sign,chi2_signtransition,AETS,0.06904012619310826,0.7927395154752793,
scipy,sign,Gtest_signtransition,AETS,0.06904138182532504,0.7927376737377243,
scipy,sign,fisher_signtransition,AETS,,0.7871653591290164,
scipy,info,differential_entropy,AETS,-1.966533330512686,,
scipy,sign,binomtest_updays,ULXY,0.4909819639278557,0.7202857848916937,
scipy,sign,chi2_signtransition,ULXY,0.12448249464919034,0.7242228128379217,
scipy,sign,Gtest_signtransition,ULXY,0.12448701436316023,0.7242180107355669,
scipy,sign,fisher_signtransition,ULXY,,0.7199527686174276,
scipy,info,differential_entropy,ULXY,-2.045837752109716,,
scipy,sign,binomtest_updays,BLBT,0.4707070707070707,0.20816410595907714,
scipy,sign,chi2_signtransition,BLBT,5.0620010007127325,0.024455985501186692,
scipy,sign,Gtest_signtransition,BLBT,5.07350376397973,0.02429423076282765,
scipy,sign,fisher_signtransition,BLBT,,0.02385399795814864,
scipy,info,differential_entropy,BLBT,-2.963972771397944,,
scipy,sign,binomtest_updays,BENI,0.5010224948875256,1.0,
scipy,sign,chi2_signtransition,BENI,0.6633521716259483,0.4153789892031644,
scipy,sign,Gtest_signtransition,BENI,0.6635020105506175,0.41532631757404803,
scipy,sign,fisher_signtransition,BENI,,0.41519455051344023,
scipy,info,differential_entropy,BENI,-3.0599241698438147,,
scipy,sign,binomtest_updays,ITPA,0.5081632653061224,0.7518664904741041,
scipy,sign,chi2_signtransition,ITPA,0.33897138778477454,0.5604235589341943,
scipy,sign,Gtest_signtransition,ITPA,0.33900750748196984,0.5604026683563044,
scipy,sign,fisher_signtransition,ITPA,,0.5271358145725072,
scipy,info,differential_entropy,ITPA,-2.7678099347252907,,
scipy,sign,binomtest_updays,HTRK,0.5030800821355236,0.9277999232261924,
scipy,sign,chi2_signtransition,HTRK,0.13279130860353747,0.715555290299517,
scipy,sign,Gtest_signtransition,HTRK,0.13279755804060933,0.7155488881607193,
scipy,sign,fisher_signtransition,HTRK,,0.651429634772893,
scipy,info,differential_entropy,HTRK,-2.603783699659815,,
scipy,sign,binomtest_updays,NGTE,0.47484909456740443,0.2816700079866242,
scipy,sign,chi2_signtransition,NGTE,0.0032072820423541914,0.9548376495328281,
scipy,sign,Gtest_signtransition,NGTE,0.003207313222321706,0.9548374302424197,
scipy,sign,fisher_signtransition,NGTE,,0.9283147146053166,
scipy,info,differential_entropy,NGTE,-2.3424240641568628,,
scipy,sign,binomtest_updays,ILVX,0.4839357429718876,0.5015174368342252,
scipy,sign,chi2_signtransition,ILVX,2.4058191673775466,0.12088483066155006,
scipy,sign,Gtest_signtransition,ILVX,2.4075734973288547,0.1207494042845494,
scipy,sign,fisher_signtransition,ILVX,,0.10667977924836303,
scipy,info,differential_entropy,ILVX,-2.8602566483814686,,
scipy,sign,binomtest_updays,FCSG,0.531062124248497,0.17921875648478447,
scipy,sign,chi2_signtransition,FCSG,1.1726846742212347,0.27885029817966767,
scipy,sign,Gtest_signtransition,FCSG,1.1728641413138163,0.27881351723098724,
scipy,sign,fisher_signtransition,FCSG,,0.24388427004856988,
scipy,info,differential_entropy,FCSG,-2.273093111572599,,
scipy,sign,binomtest_updays,FARS,0.46277665995975853,0.10625522428072778,
scipy,sign,chi2_signtransition,FARS,0.44404567009582163,0.5051762185367359,
scipy,sign,Gtest_signtransition,FARS,0.44421412054949894,0.50509546051565,
scipy,sign,fisher_signtransition,FARS,,0.4707671552804984,
scipy,info,differential_entropy,FARS,-2.772512588067104,,
scipy,sign,binomtest_updays,MHRM,0.4715447154471545,0.22346997176439012,
scipy,sign,chi2_signtransition,MHRM,0.0,1.0,
scipy,sign,Gtest_signtransition,MHRM,0.0,1.0,
scipy,sign,fisher_signtransition,MHRM,,1.0,
scipy,info,differential_entropy,MHRM,-2.344482849638445,,
scipy,sign,binomtest_updays,EAFC,0.4716599190283401,0.2244101450178502,
scipy,sign,chi2_signtransition,EAFC,0.18499269067714585,0.6671172508308876,
scipy,sign,Gtest_signtransition,EAFC,0.18499016125591528,0.6671193897041304,
scipy,sign,fisher_signtransition,EAFC,,0.6515817769112299,
scipy,info,differential_entropy,EAFC,-2.3420977487307435,,
scipy,cross,anova_means_51inst,ALL,0.6576579078786234,0.9705217932653187,
scipy,cross,alexandergovern_means,ALL,36.267505446620206,0.9272476079137384,
scipy,cross,kruskal_51inst,ALL,32.82719351234459,0.9711001500106841,
scipy,cross,levene_var_51inst,ALL,70.34159999127615,0.0,
