library,family,test,target,statistic,pvalue,note
statsmodels,unitroot,adf_price,ALGO,-1.0869391985053634,0.7202521987113772,
statsmodels,unitroot,adf_return,ALGO,-16.834672682524346,1.1506545200780736e-29,
statsmodels,unitroot,kpss_price,ALGO,1.049553104359394,0.01,
statsmodels,unitroot,range_unitroot_price,ALGO,1.9677398201998149,0.9,
statsmodels,unitroot,zivot_andrews_price,ALGO,-3.86287986325198,0.4378572358830068,break_at=170
statsmodels,unitroot,adf_price,AENO,-0.20333724482533033,0.9381226558971992,
statsmodels,unitroot,adf_return,AENO,-21.641854929859004,0.0,
statsmodels,unitroot,kpss_price,AENO,3.1595822825334325,0.01,
statsmodels,unitroot,range_unitroot_price,AENO,3.488266044899672,0.95,
statsmodels,unitroot,zivot_andrews_price,AENO,-3.552866231616479,0.6453178958279358,break_at=79
statsmodels,unitroot,adf_price,LSST,-2.588310675230198,0.09543736053747176,
statsmodels,unitroot,adf_return,LSST,-22.030156502835187,0.0,
statsmodels,unitroot,kpss_price,LSST,0.6577952476487747,0.01738225021374775,
statsmodels,unitroot,range_unitroot_price,LSST,1.6546903033498443,0.9,
statsmodels,unitroot,zivot_andrews_price,LSST,-3.770935653124755,0.4995553914690484,break_at=346
statsmodels,unitroot,adf_price,SRNA,-0.6617628455191051,0.8564068319356349,
statsmodels,unitroot,adf_return,SRNA,-10.773802016766226,2.3475674196826173e-19,
statsmodels,unitroot,kpss_price,SRNA,1.787411413405572,0.01,
statsmodels,unitroot,range_unitroot_price,SRNA,3.3541019662496843,0.95,
statsmodels,unitroot,zivot_andrews_price,SRNA,-3.520631421849303,0.6662755937342841,break_at=153
statsmodels,unitroot,adf_price,ELLT,-1.7247721456162224,0.4183964303822514,
statsmodels,unitroot,adf_return,ELLT,-16.687614400227243,1.497900339530079e-29,
statsmodels,unitroot,kpss_price,ELLT,1.2479712860769898,0.01,
statsmodels,unitroot,range_unitroot_price,ELLT,2.817445651649735,0.9,
statsmodels,unitroot,zivot_andrews_price,ELLT,-3.6776157821239197,0.5627138436210791,break_at=123
statsmodels,unitroot,adf_price,AMRP,-1.96600240284183,0.30167585364374594,
statsmodels,unitroot,adf_return,AMRP,-16.774684849089713,1.2785329218597703e-29,
statsmodels,unitroot,kpss_price,AMRP,2.781660330263471,0.01,
statsmodels,unitroot,range_unitroot_price,AMRP,1.8782971010998233,0.9,
statsmodels,unitroot,zivot_andrews_price,AMRP,-4.248525162372874,0.2150881019860772,break_at=154
statsmodels,unitroot,adf_price,OTCS,-0.9499177907316249,0.7710898640839707,
statsmodels,unitroot,adf_return,OTCS,-22.738092678506007,0.0,
statsmodels,unitroot,kpss_price,OTCS,3.289048684337375,0.01,
statsmodels,unitroot,range_unitroot_price,OTCS,2.54911749434976,0.9,
statsmodels,unitroot,zivot_andrews_price,OTCS,-3.906351331156395,0.40924914669461854,break_at=382
statsmodels,unitroot,adf_price,HETT,-1.923490324099942,0.32109248031886145,
statsmodels,unitroot,adf_return,HETT,-14.19243429888621,1.8468465567539544e-26,
statsmodels,unitroot,kpss_price,HETT,0.2209026006296008,0.1,
statsmodels,unitroot,range_unitroot_price,HETT,1.8335757415498275,0.9,
statsmodels,unitroot,zivot_andrews_price,HETT,-2.818514991977144,0.951977212991191,break_at=295
statsmodels,unitroot,adf_price,HUXZ,-0.750046516548042,0.8333571618604655,
statsmodels,unitroot,adf_return,HUXZ,-23.076489868602007,0.0,
statsmodels,unitroot,kpss_price,HUXZ,2.8500287270197497,0.01,
statsmodels,unitroot,range_unitroot_price,HUXZ,1.9677398201998149,0.9,
statsmodels,unitroot,zivot_andrews_price,HUXZ,-4.550136389124818,0.10472538020593257,break_at=179
statsmodels,unitroot,adf_price,DUCT,-0.5782551828351432,0.8758201542381363,
statsmodels,unitroot,adf_return,DUCT,-23.38122431837959,0.0,
statsmodels,unitroot,kpss_price,DUCT,2.4182688301166126,0.01,
statsmodels,unitroot,range_unitroot_price,DUCT,2.817445651649735,0.9,
statsmodels,unitroot,zivot_andrews_price,DUCT,-3.5844043139980046,0.624420677181285,break_at=101
statsmodels,unitroot,adf_price,SMAH,-1.446294576421739,0.5598918961366925,
statsmodels,unitroot,adf_return,SMAH,-22.124445593731735,0.0,
statsmodels,unitroot,kpss_price,SMAH,2.6284917999767563,0.01,
statsmodels,unitroot,range_unitroot_price,SMAH,2.101903898849802,0.9,
statsmodels,unitroot,zivot_andrews_price,SMAH,-3.508733602457238,0.6739694759071143,break_at=400
statsmodels,unitroot,adf_price,NPCK,-0.8888639004014359,0.7916175704464015,
statsmodels,unitroot,adf_return,NPCK,-14.133554921126354,2.3110985380398024e-26,
statsmodels,unitroot,kpss_price,NPCK,3.5538522901248255,0.01,
statsmodels,unitroot,range_unitroot_price,NPCK,3.5777087639996634,0.95,
statsmodels,unitroot,zivot_andrews_price,NPCK,-5.350422315193213,0.007349774779129343,break_at=117
statsmodels,unitroot,adf_price,MSDP,-0.855123078939279,0.8023917423820986,
statsmodels,unitroot,adf_return,MSDP,-22.427830075096633,0.0,
statsmodels,unitroot,kpss_price,MSDP,3.119877078481629,0.01,
statsmodels,unitroot,range_unitroot_price,MSDP,2.2807893370497854,0.9,
statsmodels,unitroot,zivot_andrews_price,MSDP,-3.746339488589511,0.5156792984108379,break_at=119
statsmodels,unitroot,adf_price,EORC,-0.21667731709433719,0.9365043093189945,
statsmodels,unitroot,adf_return,EORC,-22.713844305437497,0.0,
statsmodels,unitroot,kpss_price,EORC,1.0383083179472554,0.01,
statsmodels,unitroot,range_unitroot_price,EORC,3.3093806066996887,0.95,
statsmodels,unitroot,zivot_andrews_price,EORC,-2.8141473764874836,0.9526277365970386,break_at=170
statsmodels,unitroot,adf_price,CUBO,-0.7250093848610356,0.84016476403819,
statsmodels,unitroot,adf_return,CUBO,-23.825941144683426,0.0,
statsmodels,unitroot,kpss_price,CUBO,2.9257112987480403,0.01,
statsmodels,unitroot,range_unitroot_price,CUBO,1.9677398201998149,0.9,
statsmodels,unitroot,zivot_andrews_price,CUBO,-4.159522917852169,0.25992656066178405,break_at=114
statsmodels,unitroot,adf_price,HRET,-1.5923308382593153,0.4874448426576987,
statsmodels,unitroot,adf_return,HRET,-24.033103133153453,0.0,
statsmodels,unitroot,kpss_price,HRET,0.6855888623477033,0.014855557968390604,
statsmodels,unitroot,range_unitroot_price,HRET,1.744133022449836,0.9,
statsmodels,unitroot,zivot_andrews_price,HRET,-3.8024514818725974,0.47715926529804037,break_at=170
statsmodels,unitroot,adf_price,ANSO,-1.5266255535890965,0.5203013628076256,
statsmodels,unitroot,adf_return,ANSO,-25.122993566722364,0.0,
statsmodels,unitroot,kpss_price,ANSO,2.7981303614873547,0.01,
statsmodels,unitroot,range_unitroot_price,ANSO,2.2807893370497854,0.9,
statsmodels,unitroot,zivot_andrews_price,ANSO,-3.714992288041771,0.5368438015781581,break_at=218
statsmodels,unitroot,adf_price,DIHO,-2.1787970983500977,0.2140306806671038,
statsmodels,unitroot,adf_return,DIHO,-14.264423835711533,1.4085589218495797e-26,
statsmodels,unitroot,kpss_price,DIHO,1.1603609886936708,0.01,
statsmodels,unitroot,range_unitroot_price,DIHO,1.520526224699857,0.9,
statsmodels,unitroot,zivot_andrews_price,DIHO,-3.563523713665865,0.6382562194103729,break_at=129
statsmodels,unitroot,adf_price,RTTH,-2.627748678420663,0.0873967164017202,
statsmodels,unitroot,adf_return,RTTH,-21.129611192717388,0.0,
statsmodels,unitroot,kpss_price,RTTH,2.008004755744845,0.01,
statsmodels,unitroot,range_unitroot_price,RTTH,1.1627553482998907,0.025,
statsmodels,unitroot,zivot_andrews_price,RTTH,-4.819300797516494,0.04903124887571344,break_at=80
statsmodels,unitroot,adf_price,SPLZ,-0.7388443604301941,0.8364298351675518,
statsmodels,unitroot,adf_return,SPLZ,-10.911421567060724,1.0944928894503117e-19,
statsmodels,unitroot,kpss_price,SPLZ,2.1198086598344594,0.01,
statsmodels,unitroot,range_unitroot_price,SPLZ,2.5043961347997645,0.9,
statsmodels,unitroot,zivot_andrews_price,SPLZ,-3.198656141373593,0.8409857529372371,break_at=157
statsmodels,unitroot,adf_price,NWIG,-0.6069853501192748,0.8693957988609078,
statsmodels,unitroot,adf_return,NWIG,-22.814868424292925,0.0,
statsmodels,unitroot,kpss_price,NWIG,2.9209321753255644,0.01,
statsmodels,unitroot,range_unitroot_price,NWIG,2.996331089849718,0.9,
statsmodels,unitroot,zivot_andrews_price,NWIG,-3.3682661660322304,0.7590562753252148,break_at=85
statsmodels,unitroot,adf_price,MMBT,-1.9795899149932197,0.29559328267296314,
statsmodels,unitroot,adf_return,MMBT,-22.06343847440205,0.0,
statsmodels,unitroot,kpss_price,MMBT,2.338572173377512,0.01,
statsmodels,unitroot,range_unitroot_price,MMBT,1.6099689437998486,0.9,
statsmodels,unitroot,zivot_andrews_price,MMBT,-3.712898643977603,0.5382940953327773,break_at=151
statsmodels,unitroot,adf_price,MDGI,-1.8909970831794884,0.3363081475611006,
statsmodels,unitroot,adf_return,MDGI,-11.799356074153193,9.411291146584818e-22,
statsmodels,unitroot,kpss_price,MDGI,0.9354994465991134,0.01,
statsmodels,unitroot,range_unitroot_price,MDGI,2.0124611797498106,0.9,
statsmodels,unitroot,zivot_andrews_price,MDGI,-2.337342027140151,0.9911110536776856,break_at=382
statsmodels,unitroot,adf_price,AGVF,-1.138284637774943,0.6995655609902345,
statsmodels,unitroot,adf_return,AGVF,-23.517722273156895,0.0,
statsmodels,unitroot,kpss_price,AGVF,3.2298769659176925,0.01,
statsmodels,unitroot,range_unitroot_price,AGVF,2.862167011199731,0.9,
statsmodels,unitroot,zivot_andrews_price,AGVF,-4.097025376027764,0.2938176212470854,break_at=360
statsmodels,unitroot,adf_price,RRES,-1.0889955994121758,0.7194403224661167,
statsmodels,unitroot,adf_return,RRES,-21.66933076673919,0.0,
statsmodels,unitroot,kpss_price,RRES,2.9020215104436264,0.01,
statsmodels,unitroot,range_unitroot_price,RRES,1.9677398201998149,0.9,
statsmodels,unitroot,zivot_andrews_price,RRES,-3.595689258340719,0.6169432425518689,break_at=319
statsmodels,unitroot,adf_price,CTGI,-2.2715613382019266,0.1813040833253184,
statsmodels,unitroot,adf_return,CTGI,-21.94354543390312,0.0,
statsmodels,unitroot,kpss_price,CTGI,1.6576688132549409,0.01,
statsmodels,unitroot,range_unitroot_price,CTGI,1.6546903033498443,0.9,
statsmodels,unitroot,zivot_andrews_price,CTGI,-4.754482151976662,0.06045861217022898,break_at=361
statsmodels,unitroot,adf_price,ALUT,-1.3588397583700127,0.6018421751935287,
statsmodels,unitroot,adf_return,ALUT,-20.705448248699266,0.0,
statsmodels,unitroot,kpss_price,ALUT,2.2922803276530614,0.01,
statsmodels,unitroot,range_unitroot_price,ALUT,2.101903898849802,0.9,
statsmodels,unitroot,zivot_andrews_price,ALUT,-4.1945073319734165,0.24165086957891174,break_at=92
statsmodels,unitroot,adf_price,ACAC,-0.2925865691408119,0.9265477530216679,
statsmodels,unitroot,adf_return,ACAC,-18.437662929303816,2.1635781938238595e-30,
statsmodels,unitroot,kpss_price,ACAC,2.689885056831112,0.01,
statsmodels,unitroot,range_unitroot_price,ACAC,2.6832815729997477,0.9,
statsmodels,unitroot,zivot_andrews_price,ACAC,-4.446853538265336,0.1362968849975941,break_at=187
statsmodels,unitroot,adf_price,SRTX,-0.628763709956762,0.8643492609554946,
statsmodels,unitroot,adf_return,SRTX,-21.717646784287485,0.0,
statsmodels,unitroot,kpss_price,SRTX,2.7290418656830475,0.01,
statsmodels,unitroot,range_unitroot_price,SRTX,2.6385602134497517,0.9,
statsmodels,unitroot,zivot_andrews_price,SRTX,-4.067908699224184,0.31086377437413204,break_at=416
statsmodels,unitroot,adf_price,GARI,-1.3079387905264974,0.6255325260209759,
statsmodels,unitroot,adf_return,GARI,-12.574582514366071,1.9701836195750053e-23,
statsmodels,unitroot,kpss_price,GARI,3.6716632692401965,0.01,
statsmodels,unitroot,range_unitroot_price,GARI,1.6994116628998401,0.9,
statsmodels,unitroot,zivot_andrews_price,GARI,-4.588164442355253,0.0950116985035277,break_at=206
statsmodels,unitroot,adf_price,RCRI,-2.4424932879994024,0.13010029639693133,
statsmodels,unitroot,adf_return,RCRI,-20.861648945780765,0.0,
statsmodels,unitroot,kpss_price,RCRI,1.8063451612923216,0.01,
statsmodels,unitroot,range_unitroot_price,RCRI,1.3416407864998738,0.1,
statsmodels,unitroot,zivot_andrews_price,RCRI,-3.9406015094767097,0.38781264788692227,break_at=235
statsmodels,unitroot,adf_price,ACIX,-1.9918258211356223,0.29016865310834894,
statsmodels,unitroot,adf_return,ACIX,-21.085023108184487,0.0,
statsmodels,unitroot,kpss_price,ACIX,1.3449528105781823,0.01,
statsmodels,unitroot,range_unitroot_price,ACIX,1.6994116628998401,0.9,
statsmodels,unitroot,zivot_andrews_price,ACIX,-3.8231388295993756,0.46384115478036436,break_at=389
statsmodels,unitroot,adf_price,CCNS,-1.3039119678531381,0.6273806885598531,
statsmodels,unitroot,adf_return,CCNS,-22.53562540504201,0.0,
statsmodels,unitroot,kpss_price,CCNS,2.4157873383502517,0.01,
statsmodels,unitroot,range_unitroot_price,CCNS,1.8782971010998233,0.9,
statsmodels,unitroot,zivot_andrews_price,CCNS,-3.1697953817080253,0.853118686724217,break_at=319
statsmodels,unitroot,adf_price,MTNS,-3.450641523982071,0.009348985576780378,
statsmodels,unitroot,adf_return,MTNS,-22.40931775050067,0.0,
statsmodels,unitroot,kpss_price,MTNS,1.2679281860439375,0.01,
statsmodels,unitroot,range_unitroot_price,MTNS,1.296919426949878,0.1,
statsmodels,unitroot,zivot_andrews_price,MTNS,-4.5348517498182055,0.10922721789049086,break_at=294
statsmodels,unitroot,adf_price,IHOZ,-1.4850526016992212,0.5408922196494339,
statsmodels,unitroot,adf_return,IHOZ,-21.037951851257677,0.0,
statsmodels,unitroot,kpss_price,IHOZ,2.3796838210353854,0.01,
statsmodels,unitroot,range_unitroot_price,IHOZ,2.146625258399798,0.9,
statsmodels,unitroot,zivot_andrews_price,IHOZ,-3.437302276503722,0.7187478794325183,break_at=274
statsmodels,unitroot,adf_price,NAYO,-3.1247966898057067,0.024771719945897264,
statsmodels,unitroot,adf_return,NAYO,-9.382375204842935,6.901975041685247e-16,
statsmodels,unitroot,kpss_price,NAYO,1.4826930431203174,0.01,
statsmodels,unitroot,range_unitroot_price,NAYO,0.9838699100999074,0.01,
statsmodels,unitroot,zivot_andrews_price,NAYO,-4.757727217615324,0.05985458684846175,break_at=192
statsmodels,unitroot,adf_price,FWWG,-1.3705940146174078,0.596289736206606,
statsmodels,unitroot,adf_return,FWWG,-22.21286416845055,0.0,
statsmodels,unitroot,kpss_price,FWWG,3.1182043115835576,0.01,
statsmodels,unitroot,range_unitroot_price,FWWG,1.6546903033498443,0.9,
statsmodels,unitroot,zivot_andrews_price,FWWG,-4.139701609134175,0.27040515482439476,break_at=306
statsmodels,unitroot,adf_price,EELT,-2.892518574960883,0.046224927910090405,
statsmodels,unitroot,adf_return,EELT,-10.923178725732168,1.0257122158454878e-19,
statsmodels,unitroot,kpss_price,EELT,1.301894824910172,0.01,
statsmodels,unitroot,range_unitroot_price,EELT,1.073312629199899,0.025,
statsmodels,unitroot,zivot_andrews_price,EELT,-4.441432986822007,0.13807458126000038,break_at=357
statsmodels,unitroot,adf_price,HRND,-0.06492617688190462,0.952821889602995,
statsmodels,unitroot,adf_return,HRND,-22.32232663400156,0.0,
statsmodels,unitroot,kpss_price,HRND,2.1141990768590624,0.01,
statsmodels,unitroot,range_unitroot_price,HRND,3.3541019662496843,0.95,
statsmodels,unitroot,zivot_andrews_price,HRND,-4.736872913887546,0.06373633499226675,break_at=90
statsmodels,unitroot,adf_price,AETS,-2.268356280071968,0.1823768436445995,
statsmodels,unitroot,adf_return,AETS,-23.032616880414423,0.0,
statsmodels,unitroot,kpss_price,AETS,0.5754631365251743,0.024866987588620514,
statsmodels,unitroot,range_unitroot_price,AETS,1.4310835055998654,0.9,
statsmodels,unitroot,zivot_andrews_price,AETS,-4.069998437964001,0.3095991055652379,break_at=339
statsmodels,unitroot,adf_price,ULXY,-2.754394278529504,0.06508928656319607,
statsmodels,unitroot,adf_return,ULXY,-17.846648374832768,3.0910648587751983e-30,
statsmodels,unitroot,kpss_price,ULXY,0.2270740359029356,0.1,
statsmodels,unitroot,range_unitroot_price,ULXY,1.2074767078498865,0.05,
statsmodels,unitroot,zivot_andrews_price,ULXY,-3.6220270858425567,0.5995030540019716,break_at=281
statsmodels,unitroot,adf_price,BLBT,-1.3193586518674514,0.6202698307623036,
statsmodels,unitroot,adf_return,BLBT,-23.92707173460272,0.0,
statsmodels,unitroot,kpss_price,BLBT,3.34466566898556,0.01,
statsmodels,unitroot,range_unitroot_price,BLBT,2.370232056149777,0.9,
statsmodels,unitroot,zivot_andrews_price,BLBT,-4.487692389187585,0.1231172275013003,break_at=127
statsmodels,unitroot,adf_price,BENI,-3.3653611566833717,0.012197932188240116,
statsmodels,unitroot,adf_return,BENI,-21.452215378424107,0.0,
statsmodels,unitroot,kpss_price,BENI,2.186144085613877,0.01,
statsmodels,unitroot,range_unitroot_price,BENI,1.520526224699857,0.9,
statsmodels,unitroot,zivot_andrews_price,BENI,-3.9889805384556145,0.35874614113809344,break_at=139
statsmodels,unitroot,adf_price,ITPA,-2.200071245190052,0.2062195999751747,
statsmodels,unitroot,adf_return,ITPA,-21.310031943662366,0.0,
statsmodels,unitroot,kpss_price,ITPA,1.8621534674770974,0.01,
statsmodels,unitroot,range_unitroot_price,ITPA,2.0124611797498106,0.9,
statsmodels,unitroot,zivot_andrews_price,ITPA,-3.429432533178499,0.7234801363929653,break_at=412
statsmodels,unitroot,adf_price,HTRK,-2.3179624453867103,0.16624015148293553,
statsmodels,unitroot,adf_return,HTRK,-23.555794729618782,0.0,
statsmodels,unitroot,kpss_price,HTRK,0.7700430610716235,0.01,
statsmodels,unitroot,range_unitroot_price,HTRK,1.1627553482998907,0.025,
statsmodels,unitroot,zivot_andrews_price,HTRK,-3.9202898031399034,0.4003142287564723,break_at=100
statsmodels,unitroot,adf_price,NGTE,-0.4553730759511898,0.9004348995297891,
statsmodels,unitroot,adf_return,NGTE,-23.49473721786809,0.0,
statsmodels,unitroot,kpss_price,NGTE,0.9599422230835822,0.01,
statsmodels,unitroot,range_unitroot_price,NGTE,2.593838853899756,0.9,
statsmodels,unitroot,zivot_andrews_price,NGTE,-3.294205061874831,0.7983626675115003,break_at=179
statsmodels,unitroot,adf_price,ILVX,-1.3557317804184417,0.6033054059662949,
statsmodels,unitroot,adf_return,ILVX,-20.77737673423556,0.0,
statsmodels,unitroot,kpss_price,ILVX,2.7726251269005746,0.01,
statsmodels,unitroot,range_unitroot_price,ILVX,2.057182539299806,0.9,
statsmodels,unitroot,zivot_andrews_price,ILVX,-3.361050546421813,0.7628858155069459,break_at=404
statsmodels,unitroot,adf_price,FCSG,-1.8152268943373757,0.3729285961738644,
statsmodels,unitroot,adf_return,FCSG,-21.422129564192762,0.0,
statsmodels,unitroot,kpss_price,FCSG,2.768648719385692,0.01,
statsmodels,unitroot,range_unitroot_price,FCSG,1.520526224699857,0.9,
statsmodels,unitroot,zivot_andrews_price,FCSG,-3.681369695635233,0.5601177761858693,break_at=416
statsmodels,unitroot,adf_price,FARS,-2.593032496332056,0.0944458765081278,
statsmodels,unitroot,adf_return,FARS,-23.63164029216789,0.0,
statsmodels,unitroot,kpss_price,FARS,3.456611661126515,0.01,
statsmodels,unitroot,range_unitroot_price,FARS,2.817445651649735,0.9,
statsmodels,unitroot,zivot_andrews_price,FARS,-4.122566327698802,0.27967534457430654,break_at=348
statsmodels,unitroot,adf_price,MHRM,-0.825708022847208,0.8114536592502138,
statsmodels,unitroot,adf_return,MHRM,-23.596943255263024,0.0,
statsmodels,unitroot,kpss_price,MHRM,3.242034137186716,0.01,
statsmodels,unitroot,range_unitroot_price,MHRM,2.7727242920997393,0.9,
statsmodels,unitroot,zivot_andrews_price,MHRM,-4.533229284011905,0.1097050883565313,break_at=130
statsmodels,unitroot,adf_price,EAFC,-0.9424522113332217,0.773671146025597,
statsmodels,unitroot,adf_return,EAFC,-12.652106777382626,1.3612825484831534e-23,
statsmodels,unitroot,kpss_price,EAFC,3.182626238270957,0.01,
statsmodels,unitroot,range_unitroot_price,EAFC,2.9068883707497264,0.9,
statsmodels,unitroot,zivot_andrews_price,EAFC,-5.446840290931966,0.005070125201563459,break_at=110
statsmodels,autocorr,ljungbox_lag1,ALGO,0.024191090987261427,0.8763996782902751,
statsmodels,autocorr,boxpierce_lag1,ALGO,0.024046234155002375,0.8767673291918286,
statsmodels,autocorr,ljungbox_lag2,ALGO,2.421644039651631,0.2979522560750167,
statsmodels,autocorr,boxpierce_lag2,ALGO,2.402357841911872,0.3008393369698273,
statsmodels,autocorr,ljungbox_lag3,ALGO,2.943822164557662,0.4003680404910668,
statsmodels,autocorr,boxpierce_lag3,ALGO,2.919324608285907,0.4042317163935596,
statsmodels,autocorr,ljungbox_lag5,ALGO,4.97310591652337,0.4191712009684311,
statsmodels,autocorr,boxpierce_lag5,ALGO,4.921655288237023,0.425516196908979,
statsmodels,autocorr,ljungbox_lag10,ALGO,8.327073770690356,0.5969221132581289,
statsmodels,autocorr,boxpierce_lag10,ALGO,8.209428656939489,0.6083884528667591,
statsmodels,autocorr,ljungbox_lag20,ALGO,22.518432255168737,0.31305405159835165,
statsmodels,autocorr,boxpierce_lag20,ALGO,21.928300665544185,0.3444138907758656,
statsmodels,autocorr,durbin_watson,ALGO,1.9800383961685417,,
statsmodels,autocorr,breusch_godfrey,ALGO,5.4548156351102985,0.3629259532497566,
statsmodels,autocorr,ljungbox_lag1,AENO,0.48887891512248616,0.4844278213429787,
statsmodels,autocorr,boxpierce_lag1,AENO,0.48595149646905816,0.4857388288697744,
statsmodels,autocorr,ljungbox_lag2,AENO,2.554216540318857,0.2788424728211105,
statsmodels,autocorr,boxpierce_lag2,AENO,2.5347994001069747,0.28156281848284254,
statsmodels,autocorr,ljungbox_lag3,AENO,3.1571666633799063,0.368022164364979,
statsmodels,autocorr,boxpierce_lag3,AENO,3.1317320568700096,0.37175724221159484,
statsmodels,autocorr,ljungbox_lag5,AENO,5.420306009500697,0.366763767135452,
statsmodels,autocorr,boxpierce_lag5,AENO,5.365405239346121,0.3729304496543674,
statsmodels,autocorr,ljungbox_lag10,AENO,12.00037337028105,0.28503151279940664,
statsmodels,autocorr,boxpierce_lag10,AENO,11.803923693782258,0.2983935258244024,
statsmodels,autocorr,ljungbox_lag20,AENO,29.442932846427574,0.07939706476099243,
statsmodels,autocorr,boxpierce_lag20,AENO,28.6525043793108,0.09483054728312437,
statsmodels,autocorr,durbin_watson,AENO,1.9236695140369144,,
statsmodels,autocorr,breusch_godfrey,AENO,4.882991912691255,0.4303264156721752,
statsmodels,autocorr,ljungbox_lag1,LSST,0.05859779032052984,0.8087260748836941,
statsmodels,autocorr,boxpierce_lag1,LSST,0.05824690534855062,0.8092885451748115,
statsmodels,autocorr,ljungbox_lag2,LSST,0.1459744803355199,0.9296126916521101,
statsmodels,autocorr,boxpierce_lag2,LSST,0.14492597707998786,0.9301001703884964,
statsmodels,autocorr,ljungbox_lag3,LSST,4.5487819156219045,0.2079801069717875,
statsmodels,autocorr,boxpierce_lag3,LSST,4.503793218401439,0.21195219039054725,
statsmodels,autocorr,ljungbox_lag5,LSST,5.936922077856838,0.3124051519066682,
statsmodels,autocorr,boxpierce_lag5,LSST,5.872598459232521,0.31881372869258323,
statsmodels,autocorr,ljungbox_lag10,LSST,8.717045106269936,0.5591510675324989,
statsmodels,autocorr,boxpierce_lag10,LSST,8.58916209782879,0.5714857018171932,
statsmodels,autocorr,ljungbox_lag20,LSST,20.596591469225675,0.4212089882516816,
statsmodels,autocorr,boxpierce_lag20,LSST,20.060742071784134,0.45413580969641354,
statsmodels,autocorr,durbin_watson,LSST,1.9762045230862562,,
statsmodels,autocorr,breusch_godfrey,LSST,5.758927636507842,0.33038748415105423,
statsmodels,autocorr,ljungbox_lag1,SRNA,0.3744380471661115,0.5405950348244561,
statsmodels,autocorr,boxpierce_lag1,SRNA,0.37219590317110485,0.541809739155847,
statsmodels,autocorr,ljungbox_lag2,SRNA,3.107785676263264,0.21142333295897278,
statsmodels,autocorr,boxpierce_lag2,SRNA,3.0837203975050063,0.2139826806553437,
statsmodels,autocorr,ljungbox_lag3,SRNA,9.73941884976702,0.020916129849520192,
statsmodels,autocorr,boxpierce_lag3,SRNA,9.64916960720134,0.021796268995818522,
statsmodels,autocorr,ljungbox_lag5,SRNA,10.203816651669355,0.06966192700117117,
statsmodels,autocorr,boxpierce_lag5,SRNA,10.107720943378787,0.07223992838712599,
statsmodels,autocorr,ljungbox_lag10,SRNA,17.389858125642427,0.06617037736030568,
statsmodels,autocorr,boxpierce_lag10,SRNA,17.157570329507454,0.07094925566908371,
statsmodels,autocorr,ljungbox_lag20,SRNA,28.80850233951597,0.09159903311814575,
statsmodels,autocorr,boxpierce_lag20,SRNA,28.20446500515036,0.10464692609288555,
statsmodels,autocorr,durbin_watson,SRNA,1.9347219543073646,,
statsmodels,autocorr,breusch_godfrey,SRNA,8.953534949243098,0.11093190691018373,
statsmodels,autocorr,ljungbox_lag1,ELLT,0.7628825093654185,0.38242795144762376,
statsmodels,autocorr,boxpierce_lag1,ELLT,0.7583143506267034,0.38385655761921533,
statsmodels,autocorr,ljungbox_lag2,ELLT,3.5046517921880254,0.17337023299042273,
statsmodels,autocorr,boxpierce_lag2,ELLT,3.478193259933761,0.17567903212780403,
statsmodels,autocorr,ljungbox_lag3,ELLT,3.5053845464956743,0.32006443438214394,
statsmodels,autocorr,boxpierce_lag3,ELLT,3.4789187013241674,0.3235066049212197,
statsmodels,autocorr,ljungbox_lag5,ELLT,5.809724487166103,0.3251760780875764,
statsmodels,autocorr,boxpierce_lag5,ELLT,5.755613251300968,0.33072973249001253,
statsmodels,autocorr,ljungbox_lag10,ELLT,12.952703670070886,0.22632824572854396,
statsmodels,autocorr,boxpierce_lag10,ELLT,12.745962531692077,0.2382242086820141,
statsmodels,autocorr,ljungbox_lag20,ELLT,20.803942775180804,0.4087521332497142,
statsmodels,autocorr,boxpierce_lag20,ELLT,20.324165463701668,0.4378228192187224,
statsmodels,autocorr,durbin_watson,ELLT,1.9170296978823105,,
statsmodels,autocorr,breusch_godfrey,ELLT,5.451171360197295,0.3633298309915425,
statsmodels,autocorr,ljungbox_lag1,AMRP,1.6019632040312484,0.205625217863909,
statsmodels,autocorr,boxpierce_lag1,AMRP,1.5923706099951331,0.20698776651918505,
statsmodels,autocorr,ljungbox_lag2,AMRP,5.324688315677121,0.06978444410767255,
statsmodels,autocorr,boxpierce_lag2,AMRP,5.285373365460201,0.0711698017876168,
statsmodels,autocorr,ljungbox_lag3,AMRP,5.324708718151765,0.14950709122061578,
statsmodels,autocorr,boxpierce_lag3,AMRP,5.285393564317333,0.15205299345392503,
statsmodels,autocorr,ljungbox_lag5,AMRP,6.909619379997061,0.227449281259123,
statsmodels,autocorr,boxpierce_lag5,AMRP,6.850955850210377,0.23196299900369344,
statsmodels,autocorr,ljungbox_lag10,AMRP,12.868021883078942,0.23114477828340402,
statsmodels,autocorr,boxpierce_lag10,AMRP,12.709737762969413,0.24035650376402062,
statsmodels,autocorr,ljungbox_lag20,AMRP,26.69579858728737,0.1440414441784669,
statsmodels,autocorr,boxpierce_lag20,AMRP,26.043030767478225,0.1643953998939384,
statsmodels,autocorr,durbin_watson,AMRP,1.8795841406433875,,
statsmodels,autocorr,breusch_godfrey,AMRP,6.959164110396789,0.2236950848189274,
statsmodels,autocorr,ljungbox_lag1,OTCS,0.2388910441690657,0.6250082107902559,
statsmodels,autocorr,boxpierce_lag1,OTCS,0.23746055887464018,0.6260462792697379,
statsmodels,autocorr,ljungbox_lag2,OTCS,0.24146489984580777,0.8862710497624067,
statsmodels,autocorr,boxpierce_lag2,OTCS,0.24001386480546014,0.8869142882488126,
statsmodels,autocorr,ljungbox_lag3,OTCS,1.1553204625168358,0.7637390200179084,
statsmodels,autocorr,boxpierce_lag3,OTCS,1.1447491124797713,0.7662839062428012,
statsmodels,autocorr,ljungbox_lag5,OTCS,2.4833142078883035,0.779005861309147,
statsmodels,autocorr,boxpierce_lag5,OTCS,2.456072012511385,0.783095690844399,
statsmodels,autocorr,ljungbox_lag10,OTCS,8.253459248185186,0.6040944731215937,
statsmodels,autocorr,boxpierce_lag10,OTCS,8.109065130518276,0.6181843926325236,
statsmodels,autocorr,ljungbox_lag20,OTCS,24.807853458613536,0.20888124117384557,
statsmodels,autocorr,boxpierce_lag20,OTCS,24.012990406249063,0.24182517298930753,
statsmodels,autocorr,durbin_watson,OTCS,2.034084819300016,,
statsmodels,autocorr,breusch_godfrey,OTCS,2.4869470616812284,0.778459573826835,
statsmodels,autocorr,ljungbox_lag1,HETT,1.595387086265563,0.2065581548467224,
statsmodels,autocorr,boxpierce_lag1,HETT,1.5858338701801404,0.20792236881597703,
statsmodels,autocorr,ljungbox_lag2,HETT,4.578045135876149,0.10136549132990547,
statsmodels,autocorr,boxpierce_lag2,HETT,4.544678282668087,0.10307080071264954,
statsmodels,autocorr,ljungbox_lag3,HETT,5.248468838117103,0.15448133738704997,
statsmodels,autocorr,boxpierce_lag3,HETT,5.2084111295972555,0.15715708490542218,
statsmodels,autocorr,ljungbox_lag5,HETT,5.62965735465045,0.3439378241820616,
statsmodels,autocorr,boxpierce_lag5,HETT,5.585002567215057,0.34871504158167266,
statsmodels,autocorr,ljungbox_lag10,HETT,7.1211482685741245,0.7139604627856055,
statsmodels,autocorr,boxpierce_lag10,HETT,7.045000550128374,0.7211899068294817,
statsmodels,autocorr,ljungbox_lag20,HETT,10.550846659759392,0.9570496887081534,
statsmodels,autocorr,boxpierce_lag20,HETT,10.351474424034727,0.9613418519205144,
statsmodels,autocorr,durbin_watson,HETT,1.884604617440365,,
statsmodels,autocorr,breusch_godfrey,HETT,4.3159805601554995,0.5048753133143685,
statsmodels,autocorr,ljungbox_lag1,HUXZ,0.5626865799919264,0.4531797994993537,
statsmodels,autocorr,boxpierce_lag1,HUXZ,0.5593171992734118,0.4545354842206728,
statsmodels,autocorr,ljungbox_lag2,HUXZ,0.615896695967297,0.73495327884746,
statsmodels,autocorr,boxpierce_lag2,HUXZ,0.6121024839835101,0.7363488865057815,
statsmodels,autocorr,ljungbox_lag3,HUXZ,1.478917953368815,0.6871445332580033,
statsmodels,autocorr,boxpierce_lag3,HUXZ,1.4665107547842147,0.6900209157061826,
statsmodels,autocorr,ljungbox_lag5,HUXZ,5.168575818745653,0.3956554930016312,
statsmodels,autocorr,boxpierce_lag5,HUXZ,5.1116422568252045,0.4024078342159596,
statsmodels,autocorr,ljungbox_lag10,HUXZ,12.398215030908133,0.25928890082766615,
statsmodels,autocorr,boxpierce_lag10,HUXZ,12.198172415701858,0.2720125224905409,
statsmodels,autocorr,ljungbox_lag20,HUXZ,20.03565530551772,0.4557012937830858,
statsmodels,autocorr,boxpierce_lag20,HUXZ,19.561309136415957,0.48565486523594636,
statsmodels,autocorr,durbin_watson,HUXZ,2.0468293254084493,,
statsmodels,autocorr,breusch_godfrey,HUXZ,5.409372292910556,0.3679858976254592,
statsmodels,autocorr,ljungbox_lag1,DUCT,1.126275335584835,0.28857121323077206,
statsmodels,autocorr,boxpierce_lag1,DUCT,1.1195311718986982,0.2900194271473657,
statsmodels,autocorr,ljungbox_lag2,DUCT,1.5504292527894434,0.4606049124176984,
statsmodels,autocorr,boxpierce_lag2,DUCT,1.5402986306825113,0.46294393851812543,
statsmodels,autocorr,ljungbox_lag3,DUCT,3.4990981551387623,0.3208791058972601,
statsmodels,autocorr,boxpierce_lag3,DUCT,3.4695197395952104,0.3247368781526832,
statsmodels,autocorr,ljungbox_lag5,DUCT,7.567547677866908,0.18173461578225428,
statsmodels,autocorr,boxpierce_lag5,DUCT,7.48275352513795,0.1871405422552085,
statsmodels,autocorr,ljungbox_lag10,DUCT,10.858263024235224,0.3686668030682631,
statsmodels,autocorr,boxpierce_lag10,DUCT,10.700590101619326,0.3813155581419361,
statsmodels,autocorr,ljungbox_lag20,DUCT,17.334457178006968,0.6311613161473845,
statsmodels,autocorr,boxpierce_lag20,DUCT,16.943931703751602,0.656611354289784,
statsmodels,autocorr,durbin_watson,DUCT,2.0868295225104214,,
statsmodels,autocorr,breusch_godfrey,DUCT,7.534042972333276,0.1838541996344731,
statsmodels,autocorr,ljungbox_lag1,SMAH,0.01874942692550286,0.8910872742814917,
statsmodels,autocorr,boxpierce_lag1,SMAH,0.018637154907984878,0.8914118230828778,
statsmodels,autocorr,ljungbox_lag2,SMAH,0.019075504280854288,0.9905075879554893,
statsmodels,autocorr,boxpierce_lag2,SMAH,0.018960628851317534,0.9905644820817209,
statsmodels,autocorr,ljungbox_lag3,SMAH,0.06079967923521488,0.9960847182298664,
statsmodels,autocorr,boxpierce_lag3,SMAH,0.06026839487399787,0.9961353113808796,
statsmodels,autocorr,ljungbox_lag5,SMAH,2.7056076414588333,0.7452606408542183,
statsmodels,autocorr,boxpierce_lag5,SMAH,2.6721541834560143,0.7503739255595842,
statsmodels,autocorr,ljungbox_lag10,SMAH,7.505402617110171,0.6770241288890759,
statsmodels,autocorr,boxpierce_lag10,SMAH,7.384620512967466,0.6887035273168285,
statsmodels,autocorr,ljungbox_lag20,SMAH,18.13570572376612,0.5784690063890726,
statsmodels,autocorr,boxpierce_lag20,SMAH,17.655515615611872,0.6100895422812224,
statsmodels,autocorr,durbin_watson,SMAH,1.9836049091048282,,
statsmodels,autocorr,breusch_godfrey,SMAH,2.8305723687440905,0.7260868214601874,
statsmodels,autocorr,ljungbox_lag1,NPCK,2.430422658767802,0.11900080886136777,
statsmodels,autocorr,boxpierce_lag1,NPCK,2.415869229673384,0.12011128286582956,
statsmodels,autocorr,ljungbox_lag2,NPCK,5.268634572964531,0.07176794963631333,
statsmodels,autocorr,boxpierce_lag2,NPCK,5.231420769305669,0.07311582987936878,
statsmodels,autocorr,ljungbox_lag3,NPCK,5.2849495733306115,0.152081977121571,
statsmodels,autocorr,boxpierce_lag3,NPCK,5.247572945316798,0.15454070787727492,
statsmodels,autocorr,ljungbox_lag5,NPCK,5.341504816063508,0.375638505469164,
statsmodels,autocorr,boxpierce_lag5,NPCK,5.303339707524079,0.37999231928287136,
statsmodels,autocorr,ljungbox_lag10,NPCK,15.206920360741773,0.12469804964346141,
statsmodels,autocorr,boxpierce_lag10,NPCK,14.991015308385478,0.13238976547611492,
statsmodels,autocorr,ljungbox_lag20,NPCK,24.613959809170833,0.21660086313577814,
statsmodels,autocorr,boxpierce_lag20,NPCK,24.076955001601007,0.23904676640954414,
statsmodels,autocorr,durbin_watson,NPCK,1.8434251394251602,,
statsmodels,autocorr,breusch_godfrey,NPCK,4.964178115597773,0.4202675855867971,
statsmodels,autocorr,ljungbox_lag1,MSDP,0.0530357821596994,0.8178625538381387,
statsmodels,autocorr,boxpierce_lag1,MSDP,0.05271820262580899,0.8183991500651171,
statsmodels,autocorr,ljungbox_lag2,MSDP,0.22659243009692057,0.8928861346300959,
statsmodels,autocorr,boxpierce_lag2,MSDP,0.2248891687431721,0.8936468677391505,
statsmodels,autocorr,ljungbox_lag3,MSDP,0.35558707245143995,0.949256317313978,
statsmodels,autocorr,boxpierce_lag3,MSDP,0.3525964394175067,0.94985107565457,
statsmodels,autocorr,ljungbox_lag5,MSDP,4.52622002493465,0.4763829723228932,
statsmodels,autocorr,boxpierce_lag5,MSDP,4.4649597592102195,0.48458534718940116,
statsmodels,autocorr,ljungbox_lag10,MSDP,9.326306671993395,0.5014411126454392,
statsmodels,autocorr,boxpierce_lag10,MSDP,9.155672533639612,0.517396264058915,
statsmodels,autocorr,ljungbox_lag20,MSDP,29.03291393372639,0.08711330130385231,
statsmodels,autocorr,boxpierce_lag20,MSDP,28.167383915038858,0.10549588145708873,
statsmodels,autocorr,durbin_watson,MSDP,2.006221911906826,,
statsmodels,autocorr,breusch_godfrey,MSDP,4.66009191749314,0.4587534497769611,
statsmodels,autocorr,ljungbox_lag1,EORC,0.22680636339537036,0.6339020399717873,
statsmodels,autocorr,boxpierce_lag1,EORC,0.22544824145887116,0.6349196232948195,
statsmodels,autocorr,ljungbox_lag2,EORC,1.5203780867881618,0.46757802611731525,
statsmodels,autocorr,boxpierce_lag2,EORC,1.5086920469004226,0.470318091180959,
statsmodels,autocorr,ljungbox_lag3,EORC,3.249882473092632,0.3546792042289078,
statsmodels,autocorr,boxpierce_lag3,EORC,3.220935910387483,0.3587993499797366,
statsmodels,autocorr,ljungbox_lag5,EORC,4.34627494105461,0.5007108503283101,
statsmodels,autocorr,boxpierce_lag5,EORC,4.3038965446123685,0.5065418515654584,
statsmodels,autocorr,ljungbox_lag10,EORC,8.843930463645925,0.5469765538342349,
statsmodels,autocorr,boxpierce_lag10,EORC,8.709290468386257,0.5598972829381789,
statsmodels,autocorr,ljungbox_lag20,EORC,14.013877687895864,0.8297916091545265,
statsmodels,autocorr,boxpierce_lag20,EORC,13.688691712076022,0.8459227180839012,
statsmodels,autocorr,durbin_watson,EORC,2.034583503936563,,
statsmodels,autocorr,breusch_godfrey,EORC,5.572216589972916,0.3500920355171932,
statsmodels,autocorr,ljungbox_lag1,CUBO,2.2585414199440006,0.1328791623129893,
statsmodels,autocorr,boxpierce_lag1,CUBO,2.2450172198245752,0.13404541625984892,
statsmodels,autocorr,ljungbox_lag2,CUBO,2.5025573991735097,0.2861386774231141,
statsmodels,autocorr,boxpierce_lag2,CUBO,2.4870849676829914,0.2883608926498271,
statsmodels,autocorr,ljungbox_lag3,CUBO,3.592345130136253,0.3089812834737698,
statsmodels,autocorr,boxpierce_lag3,CUBO,3.565996573586226,0.3123029205100997,
statsmodels,autocorr,ljungbox_lag5,CUBO,5.649979717386574,0.3417801308068601,
statsmodels,autocorr,boxpierce_lag5,CUBO,5.596207269832853,0.3475116889042511,
statsmodels,autocorr,ljungbox_lag10,CUBO,7.592458791808206,0.6685763772626231,
statsmodels,autocorr,boxpierce_lag10,CUBO,7.504082888784195,0.6771520176482382,
statsmodels,autocorr,ljungbox_lag20,CUBO,19.04837673662211,0.5186835042056752,
statsmodels,autocorr,boxpierce_lag20,CUBO,18.51009125321629,0.5538444170183032,
statsmodels,autocorr,durbin_watson,CUBO,2.128587771691958,,
statsmodels,autocorr,breusch_godfrey,CUBO,5.1429690252234295,0.3986825647308663,
statsmodels,autocorr,ljungbox_lag1,HRET,3.312360913302485,0.06876064018132338,
statsmodels,autocorr,boxpierce_lag1,HRET,3.292526416815644,0.06959585915913886,
statsmodels,autocorr,ljungbox_lag2,HRET,3.535134769787394,0.17074784781867353,
statsmodels,autocorr,boxpierce_lag2,HRET,3.5135216397158424,0.17260305167694318,
statsmodels,autocorr,ljungbox_lag3,HRET,5.464622921229528,0.14076993653259234,
statsmodels,autocorr,boxpierce_lag3,HRET,5.423753422381108,0.14327080025486494,
statsmodels,autocorr,ljungbox_lag5,HRET,7.374353153136524,0.1942543021531717,
statsmodels,autocorr,boxpierce_lag5,HRET,7.310612446344091,0.19854546103030257,
statsmodels,autocorr,ljungbox_lag10,HRET,8.754731012243544,0.5555280478700546,
statsmodels,autocorr,boxpierce_lag10,HRET,8.664962436727356,0.564167347391366,
statsmodels,autocorr,ljungbox_lag20,HRET,21.319936361546308,0.3785211545129247,
statsmodels,autocorr,boxpierce_lag20,HRET,20.77364014492164,0.4105620205888896,
statsmodels,autocorr,durbin_watson,HRET,2.149292687915831,,
statsmodels,autocorr,breusch_godfrey,HRET,6.8363972766539,0.23309476475252705,
statsmodels,autocorr,ljungbox_lag1,ANSO,7.247740819423891,0.007099027157679413,
statsmodels,autocorr,boxpierce_lag1,ANSO,7.204341173798598,0.00727274424617394,
statsmodels,autocorr,ljungbox_lag2,ANSO,7.508080393103876,0.023422921224353882,
statsmodels,autocorr,boxpierce_lag2,ANSO,7.462602188008085,0.02396163920114072,
statsmodels,autocorr,ljungbox_lag3,ANSO,7.969112409961999,0.04665439088852092,
statsmodels,autocorr,boxpierce_lag3,ANSO,7.919033086933493,0.0477150234400576,
statsmodels,autocorr,ljungbox_lag5,ANSO,8.268465367039525,0.14204746717482278,
statsmodels,autocorr,boxpierce_lag5,ANSO,8.21429708850088,0.14481405749026136,
statsmodels,autocorr,ljungbox_lag10,ANSO,19.262002686862182,0.0370583118897376,
statsmodels,autocorr,boxpierce_lag10,ANSO,18.96601596265321,0.04069646040098942,
statsmodels,autocorr,ljungbox_lag20,ANSO,23.48868963888765,0.2654404158646568,
statsmodels,autocorr,boxpierce_lag20,ANSO,23.053947051299197,0.2861533933503274,
statsmodels,autocorr,durbin_watson,ANSO,2.2377772478540727,,
statsmodels,autocorr,breusch_godfrey,ANSO,9.345183571172335,0.09606307217972516,
statsmodels,autocorr,ljungbox_lag1,DIHO,0.45212990105601825,0.5013252299438292,
statsmodels,autocorr,boxpierce_lag1,DIHO,0.4494225363790361,0.5026093102454414,
statsmodels,autocorr,ljungbox_lag2,DIHO,0.8448879043880725,0.655442989438862,
statsmodels,autocorr,boxpierce_lag2,DIHO,0.8390447472693175,0.6573607176564392,
statsmodels,autocorr,ljungbox_lag3,DIHO,6.034869205461362,0.10992603152194036,
statsmodels,autocorr,boxpierce_lag3,DIHO,5.977229827773013,0.11272331403149498,
statsmodels,autocorr,ljungbox_lag5,DIHO,7.985713869420028,0.15702472373538806,
statsmodels,autocorr,boxpierce_lag5,DIHO,7.9036757256588395,0.16162475525657646,
statsmodels,autocorr,ljungbox_lag10,DIHO,11.541146639051794,0.31693833683487593,
statsmodels,autocorr,boxpierce_lag10,DIHO,11.384485696290135,0.32835771705198735,
statsmodels,autocorr,ljungbox_lag20,DIHO,20.921023633744817,0.4017941676000012,
statsmodels,autocorr,boxpierce_lag20,DIHO,20.45041389809638,0.43008979278653847,
statsmodels,autocorr,durbin_watson,DIHO,1.9384396210824504,,
statsmodels,autocorr,breusch_godfrey,DIHO,7.5533319766687,0.1826313201334782,
statsmodels,autocorr,ljungbox_lag1,RTTH,1.3953614971128774,0.2375017536990521,
statsmodels,autocorr,boxpierce_lag1,RTTH,1.3870060390463332,0.23891135931532018,
statsmodels,autocorr,ljungbox_lag2,RTTH,1.5011282140304583,0.4721001625981922,
statsmodels,autocorr,boxpierce_lag2,RTTH,1.4919283111182646,0.4742768028101556,
statsmodels,autocorr,ljungbox_lag3,RTTH,1.5148809002369392,0.6788401097378756,
statsmodels,autocorr,boxpierce_lag3,RTTH,1.5055437449673954,0.6809914292266492,
statsmodels,autocorr,ljungbox_lag5,RTTH,4.4123634091476776,0.4916938290068036,
statsmodels,autocorr,boxpierce_lag5,RTTH,4.367947966687139,0.4977434840061261,
statsmodels,autocorr,ljungbox_lag10,RTTH,6.13411854618979,0.803872076025626,
statsmodels,autocorr,boxpierce_lag10,RTTH,6.056303884100744,0.8105108492573249,
statsmodels,autocorr,ljungbox_lag20,RTTH,26.970735965860452,0.13608932629799975,
statsmodels,autocorr,boxpierce_lag20,RTTH,26.186087816056045,0.15975356024263504,
statsmodels,autocorr,durbin_watson,RTTH,1.8935854669014738,,
statsmodels,autocorr,breusch_godfrey,RTTH,4.269601908864945,0.5112880959655766,
statsmodels,autocorr,ljungbox_lag1,SPLZ,0.3167956196765955,0.5735397538184202,
statsmodels,autocorr,boxpierce_lag1,SPLZ,0.314898639918053,0.5746896260107615,
statsmodels,autocorr,ljungbox_lag2,SPLZ,0.7177055423604051,0.6984771797525663,
statsmodels,autocorr,boxpierce_lag2,SPLZ,0.7126076849756446,0.7002598192223004,
statsmodels,autocorr,ljungbox_lag3,SPLZ,1.9583771672356907,0.5810904655266129,
statsmodels,autocorr,boxpierce_lag3,SPLZ,1.940897357506865,0.5847638376287729,
statsmodels,autocorr,ljungbox_lag5,SPLZ,9.54400803485364,0.08923596051455299,
statsmodels,autocorr,boxpierce_lag5,SPLZ,9.422730220106095,0.09334512357387977,
statsmodels,autocorr,ljungbox_lag10,SPLZ,15.405761551583442,0.11795386428442058,
statsmodels,autocorr,boxpierce_lag10,SPLZ,15.170624653680878,0.12596390950447717,
statsmodels,autocorr,ljungbox_lag20,SPLZ,19.956130149264826,0.4606769858880101,
statsmodels,autocorr,boxpierce_lag20,SPLZ,19.561595598733476,0.4856365884860442,
statsmodels,autocorr,durbin_watson,SPLZ,2.040885610812351,,
statsmodels,autocorr,breusch_godfrey,SPLZ,9.29567946149746,0.09783596482791232,
statsmodels,autocorr,ljungbox_lag1,NWIG,0.3011505605596952,0.5831620201634864,
statsmodels,autocorr,boxpierce_lag1,NWIG,0.29934726378987664,0.5842919173537209,
statsmodels,autocorr,ljungbox_lag2,NWIG,1.4645203136903417,0.480821030130712,
statsmodels,autocorr,boxpierce_lag2,NWIG,1.4534286356580033,0.48349499399252216,
statsmodels,autocorr,ljungbox_lag3,NWIG,1.5186171224544702,0.6779802220826625,
statsmodels,autocorr,boxpierce_lag3,NWIG,1.506985556111112,0.6806590086753084,
statsmodels,autocorr,ljungbox_lag5,NWIG,2.919211325813801,0.7124395715006049,
statsmodels,autocorr,boxpierce_lag5,NWIG,2.888781433058917,0.7171275494620825,
statsmodels,autocorr,ljungbox_lag10,NWIG,4.852013688543985,0.9008417499088511,
statsmodels,autocorr,boxpierce_lag10,NWIG,4.783529311195383,0.905161353828999,
statsmodels,autocorr,ljungbox_lag20,NWIG,14.574044396430926,0.8002401582677467,
statsmodels,autocorr,boxpierce_lag20,NWIG,14.173402135233133,0.8215962921414595,
statsmodels,autocorr,durbin_watson,NWIG,2.0416399075333955,,
statsmodels,autocorr,breusch_godfrey,NWIG,3.169554819526075,0.6738641095746573,
statsmodels,autocorr,ljungbox_lag1,MMBT,0.05824718165242646,0.809288101553997,
statsmodels,autocorr,boxpierce_lag1,MMBT,0.057898396133549655,0.8098489846259362,
statsmodels,autocorr,ljungbox_lag2,MMBT,2.237695933435891,0.326655896404996,
statsmodels,autocorr,boxpierce_lag2,MMBT,2.2199463594796214,0.3295678000508041,
statsmodels,autocorr,ljungbox_lag3,MMBT,3.0630037567023414,0.38201287621050395,
statsmodels,autocorr,boxpierce_lag3,MMBT,3.0370175777234523,0.3859529330978104,
statsmodels,autocorr,ljungbox_lag5,MMBT,5.250045855084691,0.38613261072188293,
statsmodels,autocorr,boxpierce_lag5,MMBT,5.19562591839959,0.39247541761697646,
statsmodels,autocorr,ljungbox_lag10,MMBT,6.900951489749684,0.7347614908369725,
statsmodels,autocorr,boxpierce_lag10,MMBT,6.815362401739949,0.7427533283127823,
statsmodels,autocorr,ljungbox_lag20,MMBT,14.920855837993987,0.7809181994116376,
statsmodels,autocorr,boxpierce_lag20,MMBT,14.607844337885307,0.7983899540415837,
statsmodels,autocorr,durbin_watson,MMBT,1.9731089980145675,,
statsmodels,autocorr,breusch_godfrey,MMBT,5.477899252930449,0.36037539470755414,
statsmodels,autocorr,ljungbox_lag1,MDGI,0.16939401662773074,0.6806509266790475,
statsmodels,autocorr,boxpierce_lag1,MDGI,0.16837968119882216,0.6815558691693915,
statsmodels,autocorr,ljungbox_lag2,MDGI,0.2983224006215759,0.8614302408834392,
statsmodels,autocorr,boxpierce_lag2,MDGI,0.29627869685738706,0.86231094489427,
statsmodels,autocorr,ljungbox_lag3,MDGI,1.8922011153370928,0.5950793009177184,
statsmodels,autocorr,boxpierce_lag3,MDGI,1.8742504383721506,0.598911996352568,
statsmodels,autocorr,ljungbox_lag5,MDGI,8.066017160342366,0.15263462648045992,
statsmodels,autocorr,boxpierce_lag5,MDGI,7.964475801139267,0.15820433352967847,
statsmodels,autocorr,ljungbox_lag10,MDGI,14.504481774899666,0.15119881582705125,
statsmodels,autocorr,boxpierce_lag10,MDGI,14.262401751769863,0.16135559531992474,
statsmodels,autocorr,ljungbox_lag20,MDGI,20.07362896709016,0.4533324140504262,
statsmodels,autocorr,boxpierce_lag20,MDGI,19.626165303682363,0.48152233377997167,
statsmodels,autocorr,durbin_watson,MDGI,2.033973910551313,,
statsmodels,autocorr,breusch_godfrey,MDGI,11.566337690482023,0.04123818309834933,
statsmodels,autocorr,ljungbox_lag1,AGVF,1.4729783927334075,0.22487635775131773,
statsmodels,autocorr,boxpierce_lag1,AGVF,1.4641581628368001,0.2262696706914351,
statsmodels,autocorr,ljungbox_lag2,AGVF,3.0591959407055986,0.21662273857538558,
statsmodels,autocorr,boxpierce_lag2,AGVF,3.037711299248335,0.21896231324262885,
statsmodels,autocorr,ljungbox_lag3,AGVF,3.137657384505414,0.37088421095488183,
statsmodels,autocorr,boxpierce_lag3,AGVF,3.115389694706835,0.37417424732026067,
statsmodels,autocorr,ljungbox_lag5,AGVF,4.414208143049055,0.49144348754555645,
statsmodels,autocorr,boxpierce_lag5,AGVF,4.374582416354447,0.49683713340329505,
statsmodels,autocorr,ljungbox_lag10,AGVF,12.75924270426111,0.23744609085557894,
statsmodels,autocorr,boxpierce_lag10,AGVF,12.56351984595018,0.24910953617214934,
statsmodels,autocorr,ljungbox_lag20,AGVF,21.820806991193162,0.3503127963856693,
statsmodels,autocorr,boxpierce_lag20,AGVF,21.30772032396256,0.3792235496374515,
statsmodels,autocorr,durbin_watson,AGVF,2.102100478442776,,
statsmodels,autocorr,breusch_godfrey,AGVF,4.346902143889911,0.5006248361766384,
statsmodels,autocorr,ljungbox_lag1,RRES,0.3281399738166257,0.5667563969477898,
statsmodels,autocorr,boxpierce_lag1,RRES,0.32617506379377165,0.5679200768724677,
statsmodels,autocorr,ljungbox_lag2,RRES,1.7699439822474345,0.41272573310115734,
statsmodels,autocorr,boxpierce_lag2,RRES,1.756467662975632,0.4155161355074035,
statsmodels,autocorr,ljungbox_lag3,RRES,2.209920172510271,0.5299970507101897,
statsmodels,autocorr,boxpierce_lag3,RRES,2.192052873295725,0.5335154032261242,
statsmodels,autocorr,ljungbox_lag5,RRES,2.5511344635472346,0.7687751964384124,
statsmodels,autocorr,boxpierce_lag5,RRES,2.529040595090365,0.772115289894491,
statsmodels,autocorr,ljungbox_lag10,RRES,7.18118067723009,0.7082368386105419,
statsmodels,autocorr,boxpierce_lag10,RRES,7.064876214061747,0.7193063775419059,
statsmodels,autocorr,ljungbox_lag20,RRES,20.041679079126023,0.4553252106659937,
statsmodels,autocorr,boxpierce_lag20,RRES,19.47999410508361,0.49085121476439997,
statsmodels,autocorr,durbin_watson,RRES,1.9383835628701434,,
statsmodels,autocorr,breusch_godfrey,RRES,2.5718190754618817,0.7656422534354855,
statsmodels,autocorr,ljungbox_lag1,CTGI,0.09349179333263428,0.759784129119695,
statsmodels,autocorr,boxpierce_lag1,CTGI,0.09293196223483408,0.7604823474977181,
statsmodels,autocorr,ljungbox_lag2,CTGI,0.20565723690715357,0.9022815946465306,
statsmodels,autocorr,boxpierce_lag2,CTGI,0.20420187332572445,0.9029384074794379,
statsmodels,autocorr,ljungbox_lag3,CTGI,1.4146884713488195,0.7020953127753224,
statsmodels,autocorr,boxpierce_lag3,CTGI,1.4011669277829428,0.7052612196341769,
statsmodels,autocorr,ljungbox_lag5,CTGI,5.8001759641993,0.3261508294614914,
statsmodels,autocorr,boxpierce_lag5,CTGI,5.727610827956135,0.3336321517289833,
statsmodels,autocorr,ljungbox_lag10,CTGI,7.745659746708957,0.6536647554459483,
statsmodels,autocorr,boxpierce_lag10,CTGI,7.637403758147893,0.6642069956413693,
statsmodels,autocorr,ljungbox_lag20,CTGI,17.84853163050748,0.597385586067189,
statsmodels,autocorr,boxpierce_lag20,CTGI,17.368567058154294,0.6289276433765185,
statsmodels,autocorr,durbin_watson,CTGI,1.9671865272095177,,
statsmodels,autocorr,breusch_godfrey,CTGI,5.569484637054673,0.3503867825561696,
statsmodels,autocorr,ljungbox_lag1,ALUT,2.589216889652948,0.10759352077981436,
statsmodels,autocorr,boxpierce_lag1,ALUT,2.573712596900535,0.10865246576960255,
statsmodels,autocorr,ljungbox_lag2,ALUT,2.8734821781889313,0.2377011446522221,
statsmodels,autocorr,boxpierce_lag2,ALUT,2.8557083022945147,0.23982299438329685,
statsmodels,autocorr,ljungbox_lag3,ALUT,2.9788519719282123,0.3948972922229066,
statsmodels,autocorr,boxpierce_lag3,ALUT,2.9600265012858986,0.3978294540391356,
statsmodels,autocorr,ljungbox_lag5,ALUT,6.826184933851091,0.23389142373374636,
statsmodels,autocorr,boxpierce_lag5,ALUT,6.755620014639632,0.23945875743022513,
statsmodels,autocorr,ljungbox_lag10,ALUT,10.044210784116618,0.43662312188944064,
statsmodels,autocorr,boxpierce_lag10,ALUT,9.909167414721884,0.4484982215858496,
statsmodels,autocorr,ljungbox_lag20,ALUT,18.640453959974707,0.5452951279746017,
statsmodels,autocorr,boxpierce_lag20,ALUT,18.175336979502053,0.5758590622031425,
statsmodels,autocorr,durbin_watson,ALUT,1.8525195141488007,,
statsmodels,autocorr,breusch_godfrey,ALUT,7.550307662310235,0.18282258550324154,
statsmodels,autocorr,ljungbox_lag1,ACAC,1.1480398989436151,0.2839598435821331,
statsmodels,autocorr,boxpierce_lag1,ACAC,1.1411654085307792,0.28540620547473583,
statsmodels,autocorr,ljungbox_lag2,ACAC,9.948429442932474,0.006913946181747315,
statsmodels,autocorr,boxpierce_lag2,ACAC,9.871292361350067,0.007185816109851891,
statsmodels,autocorr,ljungbox_lag3,ACAC,10.677263382562607,0.013605394646183355,
statsmodels,autocorr,boxpierce_lag3,ACAC,10.592852509167523,0.014144074565296875,
statsmodels,autocorr,ljungbox_lag5,ACAC,10.928681502652543,0.05281249931655016,
statsmodels,autocorr,boxpierce_lag5,ACAC,10.841233668340248,0.054620322180859285,
statsmodels,autocorr,ljungbox_lag10,ACAC,16.26125886133804,0.09239382934508039,
statsmodels,autocorr,boxpierce_lag10,ACAC,16.066283948418864,0.09775060287660216,
statsmodels,autocorr,ljungbox_lag20,ACAC,22.03161723677927,0.33879747266768423,
statsmodels,autocorr,boxpierce_lag20,ACAC,21.626138930434976,0.36113697059349253,
statsmodels,autocorr,durbin_watson,ACAC,2.0877776590417936,,
statsmodels,autocorr,breusch_godfrey,ACAC,10.917823818093268,0.05303385979078338,
statsmodels,autocorr,ljungbox_lag1,SRTX,0.33791865795675396,0.5610330827667686,
statsmodels,autocorr,boxpierce_lag1,SRTX,0.33589519293904885,0.5622082319576887,
statsmodels,autocorr,ljungbox_lag2,SRTX,0.34161394061523026,0.8429842787636536,
statsmodels,autocorr,boxpierce_lag2,SRTX,0.3395609723427669,0.8438500330183831,
statsmodels,autocorr,ljungbox_lag3,SRTX,3.283558152519257,0.34993760749957065,
statsmodels,autocorr,boxpierce_lag3,SRTX,3.252144463569109,0.35435897451743537,
statsmodels,autocorr,ljungbox_lag5,SRTX,7.693317726333731,0.17396711408552037,
statsmodels,autocorr,boxpierce_lag5,SRTX,7.601157767244557,0.17962978916087513,
statsmodels,autocorr,ljungbox_lag10,SRTX,15.135473722422043,0.12720023771802627,
statsmodels,autocorr,boxpierce_lag10,SRTX,14.873841441751992,0.1367295144594642,
statsmodels,autocorr,ljungbox_lag20,SRTX,20.620451906929418,0.41976702838944563,
statsmodels,autocorr,boxpierce_lag20,SRTX,20.175007710712045,0.4470311060955851,
statsmodels,autocorr,durbin_watson,SRTX,1.9390700799636467,,
statsmodels,autocorr,breusch_godfrey,SRTX,7.733041670418041,0.17157491344511042,
statsmodels,autocorr,ljungbox_lag1,GARI,0.015934018543839964,0.8995498470339435,
statsmodels,autocorr,boxpierce_lag1,GARI,0.01583860525914631,0.8998494583390897,
statsmodels,autocorr,ljungbox_lag2,GARI,5.883478950979599,0.05277385003250506,
statsmodels,autocorr,boxpierce_lag2,GARI,5.836536871567675,0.05402715784510178,
statsmodels,autocorr,ljungbox_lag3,GARI,9.249526936745923,0.026150828879871725,
statsmodels,autocorr,boxpierce_lag3,GARI,9.168991564062878,0.02712641693416889,
statsmodels,autocorr,ljungbox_lag5,GARI,13.765724347828328,0.017168085835041723,
statsmodels,autocorr,boxpierce_lag5,GARI,13.622652534561979,0.01819266522071868,
statsmodels,autocorr,ljungbox_lag10,GARI,15.983278813881018,0.10011206509545216,
statsmodels,autocorr,boxpierce_lag10,GARI,15.79490244458613,0.10565600582704597,
statsmodels,autocorr,ljungbox_lag20,GARI,23.19849254235401,0.2791535735616248,
statsmodels,autocorr,boxpierce_lag20,GARI,22.744962171493714,0.3014902804001522,
statsmodels,autocorr,durbin_watson,GARI,1.984592717009907,,
statsmodels,autocorr,breusch_godfrey,GARI,12.231072721219507,0.03175512544265326,
statsmodels,autocorr,ljungbox_lag1,RCRI,2.0685259080320177,0.15036679667259414,
statsmodels,autocorr,boxpierce_lag1,RCRI,2.0561395253491916,0.15159380409839593,
statsmodels,autocorr,ljungbox_lag2,RCRI,2.111369697230195,0.3479540498401252,
statsmodels,autocorr,boxpierce_lag2,RCRI,2.098641248366146,0.3501755691307693,
statsmodels,autocorr,ljungbox_lag3,RCRI,2.4104759559859685,0.4916875060894904,
statsmodels,autocorr,boxpierce_lag3,RCRI,2.394762414719167,0.49461034225956957,
statsmodels,autocorr,ljungbox_lag5,RCRI,2.8281272279956826,0.7264628641210148,
statsmodels,autocorr,boxpierce_lag5,RCRI,2.8070925342102324,0.7296966300541631,
statsmodels,autocorr,ljungbox_lag10,RCRI,3.742474023168741,0.958217530005816,
statsmodels,autocorr,boxpierce_lag10,RCRI,3.702909671759983,0.9597556849742953,
statsmodels,autocorr,ljungbox_lag20,RCRI,12.667571711062825,0.8911872129250781,
statsmodels,autocorr,boxpierce_lag20,RCRI,12.290771493112203,0.9057043013163638,
statsmodels,autocorr,durbin_watson,RCRI,1.8691341882163992,,
statsmodels,autocorr,breusch_godfrey,RCRI,2.9434864530299762,0.7086983328793115,
statsmodels,autocorr,ljungbox_lag1,ACIX,1.5165066816686412,0.21814890280946175,
statsmodels,autocorr,boxpierce_lag1,ACIX,1.507425803335296,0.2195323065114037,
statsmodels,autocorr,ljungbox_lag2,ACIX,2.620159214640272,0.2697985775880252,
statsmodels,autocorr,boxpierce_lag2,ACIX,2.6022667392372933,0.27222308875074513,
statsmodels,autocorr,ljungbox_lag3,ACIX,3.4171807044202347,0.33166342101062435,
statsmodels,autocorr,boxpierce_lag3,ACIX,3.3913339227320267,0.33513161700864474,
statsmodels,autocorr,ljungbox_lag5,ACIX,3.496906814571851,0.6238557177707051,
statsmodels,autocorr,boxpierce_lag5,ACIX,3.4699543656202727,0.6279387130882027,
statsmodels,autocorr,ljungbox_lag10,ACIX,12.415977611180553,0.25818059722156456,
statsmodels,autocorr,boxpierce_lag10,ACIX,12.2269221094381,0.27015653034880704,
statsmodels,autocorr,ljungbox_lag20,ACIX,18.620964429123408,0.5465721418137808,
statsmodels,autocorr,boxpierce_lag20,ACIX,18.202243715182792,0.5740873777237703,
statsmodels,autocorr,durbin_watson,ACIX,1.8874652374981098,,
statsmodels,autocorr,breusch_godfrey,ACIX,3.8744121745043367,0.5676356654399015,
statsmodels,autocorr,ljungbox_lag1,CCNS,0.06439616872792261,0.7996778854680269,
statsmodels,autocorr,boxpierce_lag1,CCNS,0.06401056292715661,0.8002658263419324,
statsmodels,autocorr,ljungbox_lag2,CCNS,0.6793902139017434,0.7119873696729616,
statsmodels,autocorr,boxpierce_lag2,CCNS,0.6740944760037811,0.7138751170720967,
statsmodels,autocorr,ljungbox_lag3,CCNS,0.8255012120079585,0.843358256902664,
statsmodels,autocorr,boxpierce_lag3,CCNS,0.8187472805161218,0.844977875789196,
statsmodels,autocorr,ljungbox_lag5,CCNS,1.5701271507009378,0.904838042247428,
statsmodels,autocorr,boxpierce_lag5,CCNS,1.5543418618169464,0.9067148680062893,
statsmodels,autocorr,ljungbox_lag10,CCNS,6.48943481105822,0.7726050201701896,
statsmodels,autocorr,boxpierce_lag10,CCNS,6.387736300934678,0.7817037099661223,
statsmodels,autocorr,ljungbox_lag20,CCNS,11.805830276263476,0.9225969918780215,
statsmodels,autocorr,boxpierce_lag20,CCNS,11.501021797891624,0.9321810756105618,
statsmodels,autocorr,durbin_watson,CCNS,2.018295209455914,,
statsmodels,autocorr,breusch_godfrey,CCNS,1.5726180222237256,0.9045406431607167,
statsmodels,autocorr,ljungbox_lag1,MTNS,0.0025595491929105716,0.9596506477487997,
statsmodels,autocorr,boxpierce_lag1,MTNS,0.0025442225510368555,0.9597715328580048,
statsmodels,autocorr,ljungbox_lag2,MTNS,0.028353027621665573,0.9859234997885498,
statsmodels,autocorr,boxpierce_lag2,MTNS,0.028131765024272858,0.9860325798194681,
statsmodels,autocorr,ljungbox_lag3,MTNS,0.932520338460898,0.8175736480270832,
statsmodels,autocorr,boxpierce_lag3,MTNS,0.9232754500068263,0.8198075827182955,
statsmodels,autocorr,ljungbox_lag5,MTNS,0.9795329652564263,0.9641996300917223,
statsmodels,autocorr,boxpierce_lag5,MTNS,0.9696514436190271,0.9649762636386126,
statsmodels,autocorr,ljungbox_lag10,MTNS,9.903980150540828,0.4489575104131568,
statsmodels,autocorr,boxpierce_lag10,MTNS,9.728987845855904,0.46458326171072306,
statsmodels,autocorr,ljungbox_lag20,MTNS,26.049099024010623,0.16419640181468995,
statsmodels,autocorr,boxpierce_lag20,MTNS,25.279122347980824,0.19096047396894286,
statsmodels,autocorr,durbin_watson,MTNS,1.9942825345402888,,
statsmodels,autocorr,breusch_godfrey,MTNS,0.9713577561400142,0.9648427267160387,
statsmodels,autocorr,ljungbox_lag1,IHOZ,1.671253156935749,0.1960907684794221,
statsmodels,autocorr,boxpierce_lag1,IHOZ,1.6612456530020019,0.19743522219920423,
statsmodels,autocorr,ljungbox_lag2,IHOZ,1.6903128673403838,0.42949016623231706,
statsmodels,autocorr,boxpierce_lag2,IHOZ,1.6801531900700728,0.43167745781275935,
statsmodels,autocorr,ljungbox_lag3,IHOZ,2.114433115169742,0.548998369084652,
statsmodels,autocorr,boxpierce_lag3,IHOZ,2.100040700895146,0.5519045293152396,
statsmodels,autocorr,ljungbox_lag5,IHOZ,2.4270066260277003,0.7874456314155204,
statsmodels,autocorr,boxpierce_lag5,IHOZ,2.4084747860700175,0.7902113927925792,
statsmodels,autocorr,ljungbox_lag10,IHOZ,9.498625655314116,0.48552366897169175,
statsmodels,autocorr,boxpierce_lag10,IHOZ,9.352884798008544,0.49897275842583977,
statsmodels,autocorr,ljungbox_lag20,IHOZ,13.239076783105585,0.866892212053968,
statsmodels,autocorr,boxpierce_lag20,IHOZ,12.958840142752878,0.8791430366422021,
statsmodels,autocorr,durbin_watson,IHOZ,1.8812508782507704,,
statsmodels,autocorr,breusch_godfrey,IHOZ,2.4741863710346594,0.7803775378442508,
statsmodels,autocorr,ljungbox_lag1,NAYO,0.02284576739378698,0.879858839752677,
statsmodels,autocorr,boxpierce_lag1,NAYO,0.022708966391428973,0.8802163611519184,
statsmodels,autocorr,ljungbox_lag2,NAYO,0.18931803154918905,0.9096830691664108,
statsmodels,autocorr,boxpierce_lag2,NAYO,0.18785211067333485,0.9103500752818476,
statsmodels,autocorr,ljungbox_lag3,NAYO,0.1908178461486382,0.9790578209402621,
statsmodels,autocorr,boxpierce_lag3,NAYO,0.18933695706320863,0.9792920402457786,
statsmodels,autocorr,ljungbox_lag5,NAYO,1.2343067143507132,0.9415440661253878,
statsmodels,autocorr,boxpierce_lag5,NAYO,1.219836490246042,0.9429602247985275,
statsmodels,autocorr,ljungbox_lag10,NAYO,17.109657661860062,0.07197247897627587,
statsmodels,autocorr,boxpierce_lag10,NAYO,16.776098930763425,0.07946749792894915,
statsmodels,autocorr,ljungbox_lag20,NAYO,26.070350542219018,0.16350096424995678,
statsmodels,autocorr,boxpierce_lag20,NAYO,25.393196855195203,0.18680024563507527,
statsmodels,autocorr,durbin_watson,NAYO,2.0101182548365335,,
statsmodels,autocorr,breusch_godfrey,NAYO,1.3212595677100591,0.9327289560064739,
statsmodels,autocorr,ljungbox_lag1,FWWG,0.0022531371288425366,0.9621408542288862,
statsmodels,autocorr,boxpierce_lag1,FWWG,0.0022396452897476713,0.9622542903104194,
statsmodels,autocorr,ljungbox_lag2,FWWG,0.502323286091289,0.7778966198169601,
statsmodels,autocorr,boxpierce_lag2,FWWG,0.49831721821257374,0.779456334707212,
statsmodels,autocorr,ljungbox_lag3,FWWG,0.6534598720524606,0.8840921149169424,
statsmodels,autocorr,boxpierce_lag3,FWWG,0.6479454550124563,0.8853738612018024,
statsmodels,autocorr,ljungbox_lag5,FWWG,3.7247153937423207,0.5896902783061503,
statsmodels,autocorr,boxpierce_lag5,FWWG,3.6799346806054003,0.5963527951661545,
statsmodels,autocorr,ljungbox_lag10,FWWG,8.252154195416807,0.6042217059956111,
statsmodels,autocorr,boxpierce_lag10,FWWG,8.1167628333576,0.6174327516446789,
statsmodels,autocorr,ljungbox_lag20,FWWG,19.31852994105849,0.5012163064169194,
statsmodels,autocorr,boxpierce_lag20,FWWG,18.76414047690277,0.5372012864771827,
statsmodels,autocorr,durbin_watson,FWWG,1.9891721576114825,,
statsmodels,autocorr,breusch_godfrey,FWWG,3.7130140170372106,0.5914284788613106,
statsmodels,autocorr,ljungbox_lag1,EELT,0.0032406885923882515,0.9546033094676258,
statsmodels,autocorr,boxpierce_lag1,EELT,0.003221283271475747,0.9547392854648202,
statsmodels,autocorr,ljungbox_lag2,EELT,0.36096681376280326,0.8348665336214178,
statsmodels,autocorr,boxpierce_lag2,EELT,0.35809131163414293,0.836067727170439,
statsmodels,autocorr,ljungbox_lag3,EELT,2.3598983575949783,0.5011431808281916,
statsmodels,autocorr,boxpierce_lag3,EELT,2.3370734388612067,0.5054558483014957,
statsmodels,autocorr,ljungbox_lag5,EELT,7.577805239751853,0.181089969645884,
statsmodels,autocorr,boxpierce_lag5,EELT,7.485436187026638,0.18696739598741569,
statsmodels,autocorr,ljungbox_lag10,EELT,9.53004214844811,0.48264429544173815,
statsmodels,autocorr,boxpierce_lag10,EELT,9.392741290185109,0.49528012647083375,
statsmodels,autocorr,ljungbox_lag20,EELT,19.022022119575873,0.5203949740898973,
statsmodels,autocorr,boxpierce_lag20,EELT,18.586268271402457,0.5488465596048322,
statsmodels,autocorr,durbin_watson,EELT,1.994035621999161,,
statsmodels,autocorr,breusch_godfrey,EELT,7.477379756872594,0.1874877985648671,
statsmodels,autocorr,ljungbox_lag1,HRND,0.00022110574874765888,0.9881361929521384,
statsmodels,autocorr,boxpierce_lag1,HRND,0.00021978176222821184,0.9881717640565522,
statsmodels,autocorr,ljungbox_lag2,HRND,0.918422257311827,0.6317818435661067,
statsmodels,autocorr,boxpierce_lag2,HRND,0.9110899860074387,0.6341022924483928,
statsmodels,autocorr,ljungbox_lag3,HRND,2.9389713108447144,0.4011306265867546,
statsmodels,autocorr,boxpierce_lag3,HRND,2.9114738793254267,0.40547651249899785,
statsmodels,autocorr,ljungbox_lag5,HRND,2.9901879904042414,0.7014986507017577,
statsmodels,autocorr,boxpierce_lag5,HRND,2.962050943596179,0.705836598366332,
statsmodels,autocorr,ljungbox_lag10,HRND,5.7793099540817545,0.8334512585279253,
statsmodels,autocorr,boxpierce_lag10,HRND,5.689435380951129,0.8406458145065558,
statsmodels,autocorr,ljungbox_lag20,HRND,24.309669692317453,0.22912683287126714,
statsmodels,autocorr,boxpierce_lag20,HRND,23.61558711024234,0.2595873888204657,
statsmodels,autocorr,durbin_watson,HRND,1.9889656233483282,,
statsmodels,autocorr,breusch_godfrey,HRND,4.206963085639713,0.5200194477815963,
statsmodels,autocorr,ljungbox_lag1,AETS,0.587894121264131,0.44323460625489286,
statsmodels,autocorr,boxpierce_lag1,AETS,0.584373797184705,0.444603020652408,
statsmodels,autocorr,ljungbox_lag2,AETS,0.6297681508435162,0.7298734796403383,
statsmodels,autocorr,boxpierce_lag2,AETS,0.625913503174634,0.7312815386507592,
statsmodels,autocorr,ljungbox_lag3,AETS,0.8749534577899067,0.8314675184887723,
statsmodels,autocorr,boxpierce_lag3,AETS,0.8686518509698631,0.8329854789234141,
statsmodels,autocorr,ljungbox_lag5,AETS,4.813651872679709,0.4390432332006329,
statsmodels,autocorr,boxpierce_lag5,AETS,4.757985328330109,0.4461241321702599,
statsmodels,autocorr,ljungbox_lag10,AETS,8.054056016994164,0.6235567194282257,
statsmodels,autocorr,boxpierce_lag10,AETS,7.930141237045661,0.6356606287695106,
statsmodels,autocorr,ljungbox_lag20,AETS,15.782985140099035,0.7299929317062336,
statsmodels,autocorr,boxpierce_lag20,AETS,15.404370113389128,0.7528208963020997,
statsmodels,autocorr,durbin_watson,AETS,2.059917671100585,,
statsmodels,autocorr,breusch_godfrey,AETS,4.973639476692661,0.4191057381707113,
statsmodels,autocorr,ljungbox_lag1,ULXY,0.5246668414825703,0.4688577010022231,
statsmodels,autocorr,boxpierce_lag1,ULXY,0.5215251238689023,0.47019183169589684,
statsmodels,autocorr,ljungbox_lag2,ULXY,6.707438498956056,0.034954108992332464,
statsmodels,autocorr,boxpierce_lag2,ULXY,6.6549333349753335,0.03588389585751422,
statsmodels,autocorr,ljungbox_lag3,ULXY,7.693804558053018,0.05278240946558517,
statsmodels,autocorr,boxpierce_lag3,ULXY,7.631455421426618,0.0542752835299939,
statsmodels,autocorr,ljungbox_lag5,ULXY,8.671719683586712,0.12289661878344078,
statsmodels,autocorr,boxpierce_lag5,ULXY,8.59676692467994,0.12626964349806122,
statsmodels,autocorr,ljungbox_lag10,ULXY,12.443673816288667,0.25645945433776807,
statsmodels,autocorr,boxpierce_lag10,ULXY,12.29159203469126,0.2660152544232169,
statsmodels,autocorr,ljungbox_lag20,ULXY,24.183067342613587,0.23448686554376955,
statsmodels,autocorr,boxpierce_lag20,ULXY,23.67688228486574,0.256791586180502,
statsmodels,autocorr,durbin_watson,ULXY,2.058260151399379,,
statsmodels,autocorr,breusch_godfrey,ULXY,8.702749946504444,0.12152419240615699,
statsmodels,autocorr,ljungbox_lag1,BLBT,2.533324988057532,0.11146511563190523,
statsmodels,autocorr,boxpierce_lag1,BLBT,2.5181553773506007,0.1125421635055756,
statsmodels,autocorr,ljungbox_lag2,BLBT,4.020395560569455,0.13396217697102625,
statsmodels,autocorr,boxpierce_lag2,BLBT,3.9933531309203123,0.1357858094238468,
statsmodels,autocorr,ljungbox_lag3,BLBT,4.8476683037258965,0.18329754711560017,
statsmodels,autocorr,boxpierce_lag3,BLBT,4.812369659075193,0.1860633439825967,
statsmodels,autocorr,ljungbox_lag5,BLBT,5.845392511576294,0.32155481633638466,
statsmodels,autocorr,boxpierce_lag5,BLBT,5.798060965817889,0.32636704118957066,
statsmodels,autocorr,ljungbox_lag10,BLBT,7.0456288071724,0.721130408183244,
statsmodels,autocorr,boxpierce_lag10,BLBT,6.972298041716858,0.7280575753261839,
statsmodels,autocorr,ljungbox_lag20,BLBT,19.471417982541258,0.4914002130950952,
statsmodels,autocorr,boxpierce_lag20,BLBT,18.916033566352052,0.5272898210188219,
statsmodels,autocorr,durbin_watson,BLBT,2.1311887878853013,,
statsmodels,autocorr,breusch_godfrey,BLBT,5.742935014318684,0.332041413468562,
statsmodels,autocorr,ljungbox_lag1,BENI,0.7065882899111936,0.4005787489002278,
statsmodels,autocorr,boxpierce_lag1,BENI,0.7023572223069349,0.40199276519548466,
statsmodels,autocorr,ljungbox_lag2,BENI,1.2993959860106001,0.5222034620469825,
statsmodels,autocorr,boxpierce_lag2,BENI,1.2904319228287016,0.5245492474760174,
statsmodels,autocorr,ljungbox_lag3,BENI,1.5006994672159522,0.6821089030760807,
statsmodels,autocorr,boxpierce_lag3,BENI,1.489726387255557,0.6846434967231467,
statsmodels,autocorr,ljungbox_lag5,BENI,1.6062040779564737,0.9004980705203955,
statsmodels,autocorr,boxpierce_lag5,BENI,1.5939118297921737,0.9019846031668491,
statsmodels,autocorr,ljungbox_lag10,BENI,8.003735024435,0.6284720853193223,
statsmodels,autocorr,boxpierce_lag10,BENI,7.864884614349193,0.6420329355243044,
statsmodels,autocorr,ljungbox_lag20,BENI,16.783256895320815,0.666999520315492,
statsmodels,autocorr,boxpierce_lag20,BENI,16.404991421182622,0.6912028145179538,
statsmodels,autocorr,durbin_watson,BENI,1.9218061325692413,,
statsmodels,autocorr,breusch_godfrey,BENI,1.7298334104952706,0.8851200286309517,
statsmodels,autocorr,ljungbox_lag1,ITPA,0.9826132000599416,0.321554499629824,
statsmodels,autocorr,boxpierce_lag1,ITPA,0.9767292886823371,0.32300762828331636,
statsmodels,autocorr,ljungbox_lag2,ITPA,1.480070939692861,0.4770969926638484,
statsmodels,autocorr,boxpierce_lag2,ITPA,1.4702153098351534,0.47945384063276464,
statsmodels,autocorr,ljungbox_lag3,ITPA,1.4801817261853554,0.6868518730320134,
statsmodels,autocorr,boxpierce_lag3,ITPA,1.4703249906740299,0.6891360456456186,
statsmodels,autocorr,ljungbox_lag5,ITPA,8.821896031134735,0.1163825015005949,
statsmodels,autocorr,boxpierce_lag5,ITPA,8.713107119284341,0.12106920452277734,
statsmodels,autocorr,ljungbox_lag10,ITPA,16.26201417278637,0.09237358739532683,
statsmodels,autocorr,boxpierce_lag10,ITPA,15.988383242881534,0.09996542668650517,
statsmodels,autocorr,ljungbox_lag20,ITPA,28.739203043879414,0.09302295889392506,
statsmodels,autocorr,boxpierce_lag20,ITPA,28.022697796643254,0.10886315338174195,
statsmodels,autocorr,durbin_watson,ITPA,1.9023917670076234,,
statsmodels,autocorr,breusch_godfrey,ITPA,9.387215263053536,0.09458099927619987,
statsmodels,autocorr,ljungbox_lag1,HTRK,1.5815424752875178,0.2085386522304595,
statsmodels,autocorr,boxpierce_lag1,HTRK,1.5720721610642394,0.20990634072245645,
statsmodels,autocorr,ljungbox_lag2,HTRK,1.835855689911613,0.39934569050279484,
statsmodels,autocorr,boxpierce_lag2,HTRK,1.8243549308609963,0.4016486950138843,
statsmodels,autocorr,ljungbox_lag3,HTRK,2.2789711878470187,0.5165614353086889,
statsmodels,autocorr,boxpierce_lag3,HTRK,2.2630481184377653,0.5196368435814853,
statsmodels,autocorr,ljungbox_lag5,HTRK,2.7449805013754336,0.7392307403332353,
statsmodels,autocorr,boxpierce_lag5,HTRK,2.7234727673982246,0.7425261074367383,
statsmodels,autocorr,ljungbox_lag10,HTRK,5.910355164923045,0.8227377148519648,
statsmodels,autocorr,boxpierce_lag10,HTRK,5.831984927446791,0.8291760111300684,
statsmodels,autocorr,ljungbox_lag20,HTRK,18.43552208487267,0.5587418740842514,
statsmodels,autocorr,boxpierce_lag20,HTRK,17.901540071968896,0.5938942778468508,
statsmodels,autocorr,durbin_watson,HTRK,2.111053618797232,,
statsmodels,autocorr,breusch_godfrey,HTRK,2.81773792809435,0.728060336898936,
statsmodels,autocorr,ljungbox_lag1,NGTE,1.1364556629993134,0.2864025114002072,
statsmodels,autocorr,boxpierce_lag1,NGTE,1.1296505392687786,0.2878498917559683,
statsmodels,autocorr,ljungbox_lag2,NGTE,1.3380780944728565,0.512200541897788,
statsmodels,autocorr,boxpierce_lag2,NGTE,1.329663210810397,0.5143601358809169,
statsmodels,autocorr,ljungbox_lag3,NGTE,1.46237773126171,0.6909803478669181,
statsmodels,autocorr,boxpierce_lag3,NGTE,1.4527223322620364,0.6932241714244018,
statsmodels,autocorr,ljungbox_lag5,NGTE,2.7805087678644878,0.7337801050462445,
statsmodels,autocorr,boxpierce_lag5,NGTE,2.752880715218761,0.7380194439943388,
statsmodels,autocorr,ljungbox_lag10,NGTE,5.218408116788095,0.876118614001587,
statsmodels,autocorr,boxpierce_lag10,NGTE,5.142177268445921,0.8814801913601882,
statsmodels,autocorr,ljungbox_lag20,NGTE,17.85167004538684,0.5971788990124931,
statsmodels,autocorr,boxpierce_lag20,NGTE,17.384136746919065,0.6279076029877582,
statsmodels,autocorr,durbin_watson,NGTE,2.0790049509167443,,
statsmodels,autocorr,breusch_godfrey,NGTE,3.1745608093646087,0.6730941166290181,
statsmodels,autocorr,ljungbox_lag1,ILVX,2.713087259408244,0.09952820758286225,
statsmodels,autocorr,boxpierce_lag1,ILVX,2.6968412279147813,0.10054727669015641,
statsmodels,autocorr,ljungbox_lag2,ILVX,2.7795080326813584,0.2491365806226852,
statsmodels,autocorr,boxpierce_lag2,ILVX,2.762731695612861,0.25123516960306835,
statsmodels,autocorr,ljungbox_lag3,ILVX,2.8018065561159053,0.42320261209085963,
statsmodels,autocorr,boxpierce_lag3,ILVX,2.7848076788933707,0.4260069537073079,
statsmodels,autocorr,ljungbox_lag5,ILVX,5.068740135452676,0.40754882970896705,
statsmodels,autocorr,boxpierce_lag5,ILVX,5.020598696950621,0.4133714724887407,
statsmodels,autocorr,ljungbox_lag10,ILVX,8.227734486991542,0.6066028987586729,
statsmodels,autocorr,boxpierce_lag10,ILVX,8.124627480869654,0.6166648523688489,
statsmodels,autocorr,ljungbox_lag20,ILVX,15.524754203414114,0.7456355178128689,
statsmodels,autocorr,boxpierce_lag20,ILVX,15.171935060040695,0.7664863358521591,
statsmodels,autocorr,durbin_watson,ILVX,1.8413951864956035,,
statsmodels,autocorr,breusch_godfrey,ILVX,4.277597662448775,0.5101793335036193,
statsmodels,autocorr,ljungbox_lag1,FCSG,0.8327497427975992,0.36147861548501425,
statsmodels,autocorr,boxpierce_lag1,FCSG,0.8277632173916255,0.362920116438631,
statsmodels,autocorr,ljungbox_lag2,FCSG,0.9093770428639965,0.6346456156726736,
statsmodels,autocorr,boxpierce_lag2,FCSG,0.9037787226471135,0.6364245790030976,
statsmodels,autocorr,ljungbox_lag3,FCSG,0.9096327980881264,0.82310259279299,
statsmodels,autocorr,boxpierce_lag3,FCSG,0.9040319254238967,0.82445470514745,
statsmodels,autocorr,ljungbox_lag5,FCSG,1.8628406468794017,0.8677794612455212,
statsmodels,autocorr,boxpierce_lag5,FCSG,1.8452970463593525,0.8701101726043158,
statsmodels,autocorr,ljungbox_lag10,FCSG,7.609948173199632,0.6668767177878565,
statsmodels,autocorr,boxpierce_lag10,FCSG,7.477397565673757,0.6797367508071703,
statsmodels,autocorr,ljungbox_lag20,FCSG,17.943989451741412,0.5910980434742756,
statsmodels,autocorr,boxpierce_lag20,FCSG,17.460036592208176,0.6229311682163036,
statsmodels,autocorr,durbin_watson,FCSG,1.9123853658313432,,
statsmodels,autocorr,breusch_godfrey,FCSG,1.8382442553232279,0.8710435718066539,
statsmodels,autocorr,ljungbox_lag1,FARS,1.715208865843828,0.1903109391177101,
statsmodels,autocorr,boxpierce_lag1,FARS,1.704938154072308,0.19164343844408763,
statsmodels,autocorr,ljungbox_lag2,FARS,2.217824556419317,0.3299176245660376,
statsmodels,autocorr,boxpierce_lag2,FARS,2.2035409449226435,0.3322822660077821,
statsmodels,autocorr,ljungbox_lag3,FARS,4.879139999666095,0.18086406561745824,
statsmodels,autocorr,boxpierce_lag3,FARS,4.838296353805681,0.18402810802917607,
statsmodels,autocorr,ljungbox_lag5,FARS,8.956902936009463,0.11079555148147902,
statsmodels,autocorr,boxpierce_lag5,FARS,8.862978065401009,0.11465590579850594,
statsmodels,autocorr,ljungbox_lag10,FARS,14.794157585205381,0.139748660409221,
statsmodels,autocorr,boxpierce_lag10,FARS,14.56932067198817,0.1485702662671704,
statsmodels,autocorr,ljungbox_lag20,FARS,32.426860371719336,0.0389569142772656,
statsmodels,autocorr,boxpierce_lag20,FARS,31.609044356092316,0.047646478536576775,
statsmodels,autocorr,durbin_watson,FARS,2.089496806293817,,
statsmodels,autocorr,breusch_godfrey,FARS,9.364311553932614,0.09538597794023843,
statsmodels,autocorr,ljungbox_lag1,MHRM,1.6880334744659726,0.19386040348154066,
statsmodels,autocorr,boxpierce_lag1,MHRM,1.6779254895889308,0.19520033433878925,
statsmodels,autocorr,ljungbox_lag2,MHRM,1.7402970433276161,0.41888933048702093,
statsmodels,autocorr,boxpierce_lag2,MHRM,1.729771784447687,0.4210996006249119,
statsmodels,autocorr,ljungbox_lag3,MHRM,1.7885668167540858,0.6174260796392681,
statsmodels,autocorr,boxpierce_lag3,MHRM,1.7775598236084234,0.6198303019633404,
statsmodels,autocorr,ljungbox_lag5,MHRM,2.5006903992801486,0.7763910920278208,
statsmodels,autocorr,boxpierce_lag5,MHRM,2.4798713066617846,0.7795233943403942,
statsmodels,autocorr,ljungbox_lag10,MHRM,13.394414452827066,0.20244782517992288,
statsmodels,autocorr,boxpierce_lag10,MHRM,13.141611011338977,0.21586163725478097,
statsmodels,autocorr,ljungbox_lag20,MHRM,17.61420606089533,0.6128058163654084,
statsmodels,autocorr,boxpierce_lag20,MHRM,17.20576021704147,0.6395751818640382,
statsmodels,autocorr,durbin_watson,MHRM,2.101316343447148,,
statsmodels,autocorr,breusch_godfrey,MHRM,2.781075812233101,0.7336930453185792,
statsmodels,autocorr,ljungbox_lag1,EAFC,0.2975909831264259,0.5853966141925708,
statsmodels,autocorr,boxpierce_lag1,EAFC,0.2958090011915371,0.5865218087206168,
statsmodels,autocorr,ljungbox_lag2,EAFC,2.045586571312222,0.35958910095116237,
statsmodels,autocorr,boxpierce_lag2,EAFC,2.0298485367770476,0.36242987619176986,
statsmodels,autocorr,ljungbox_lag3,EAFC,2.415432398494912,0.49076835197846724,
statsmodels,autocorr,boxpierce_lag3,EAFC,2.39600328784015,0.49437904305786473,
statsmodels,autocorr,ljungbox_lag5,EAFC,9.47921241647734,0.0914101792918652,
statsmodels,autocorr,boxpierce_lag5,EAFC,9.36932858917958,0.095209111620157,
statsmodels,autocorr,ljungbox_lag10,EAFC,15.97775687510197,0.10027090822236794,
statsmodels,autocorr,boxpierce_lag10,EAFC,15.743327682466028,0.10721946887170497,
statsmodels,autocorr,ljungbox_lag20,EAFC,21.606161169435914,0.36225796000166827,
statsmodels,autocorr,boxpierce_lag20,EAFC,21.16945604500108,0.38721953670069637,
statsmodels,autocorr,durbin_watson,EAFC,1.937736844739732,,
statsmodels,autocorr,breusch_godfrey,EAFC,9.952516287751857,0.07659191056567394,
statsmodels,crosscorr,ccf_algo_lag1,AENO,-0.022617399851360357,,2sig=0.090
statsmodels,crosscorr,ccf_algo_lag2,AENO,-0.039831889169952325,,2sig=0.090
statsmodels,crosscorr,ccf_algo_lag3,AENO,0.030057125455839405,,2sig=0.090
statsmodels,crosscorr,ccf_algo_lag4,AENO,-0.0068536975771767246,,2sig=0.090
statsmodels,crosscorr,ccf_algo_lag5,AENO,-0.004041428956137038,,2sig=0.090
statsmodels,crosscorr,ccf_algo_lag1,LSST,0.06908325683617465,,2sig=0.090
statsmodels,crosscorr,ccf_algo_lag2,LSST,-0.100789233520355,,2sig=0.090
statsmodels,crosscorr,ccf_algo_lag3,LSST,0.01050107660021455,,2sig=0.090
statsmodels,crosscorr,ccf_algo_lag4,LSST,-0.00805790147889636,,2sig=0.090
statsmodels,crosscorr,ccf_algo_lag5,LSST,0.0006789308118017301,,2sig=0.090
statsmodels,crosscorr,ccf_algo_lag1,SRNA,-0.051591783675838616,,2sig=0.090
statsmodels,crosscorr,ccf_algo_lag2,SRNA,0.01156346739214691,,2sig=0.090
statsmodels,crosscorr,ccf_algo_lag3,SRNA,0.015226658202581768,,2sig=0.090
statsmodels,crosscorr,ccf_algo_lag4,SRNA,-0.014557955873326759,,2sig=0.090
statsmodels,crosscorr,ccf_algo_lag5,SRNA,0.04425407081626209,,2sig=0.090
statsmodels,crosscorr,ccf_algo_lag1,ELLT,0.09696569109347931,,2sig=0.090
statsmodels,crosscorr,ccf_algo_lag2,ELLT,-0.017219392689088772,,2sig=0.090
statsmodels,crosscorr,ccf_algo_lag3,ELLT,0.004645007764080707,,2sig=0.090
statsmodels,crosscorr,ccf_algo_lag4,ELLT,-0.05266167305944258,,2sig=0.090
statsmodels,crosscorr,ccf_algo_lag5,ELLT,-0.07972212125509948,,2sig=0.090
statsmodels,crosscorr,ccf_algo_lag1,AMRP,0.08031277276541876,,2sig=0.090
statsmodels,crosscorr,ccf_algo_lag2,AMRP,-0.09571756332960113,,2sig=0.090
statsmodels,crosscorr,ccf_algo_lag3,AMRP,-0.017276938875233235,,2sig=0.090
statsmodels,crosscorr,ccf_algo_lag4,AMRP,-0.041841325462649404,,2sig=0.090
statsmodels,crosscorr,ccf_algo_lag5,AMRP,0.0035220500810337293,,2sig=0.090
statsmodels,crosscorr,ccf_algo_lag1,OTCS,-0.019492187429559917,,2sig=0.090
statsmodels,crosscorr,ccf_algo_lag2,OTCS,-0.045173424200113714,,2sig=0.090
statsmodels,crosscorr,ccf_algo_lag3,OTCS,0.09098107790723839,,2sig=0.090
statsmodels,crosscorr,ccf_algo_lag4,OTCS,0.027583379096494588,,2sig=0.090
statsmodels,crosscorr,ccf_algo_lag5,OTCS,-0.044387054128392014,,2sig=0.090
statsmodels,crosscorr,ccf_algo_lag1,HETT,0.0013614716876892996,,2sig=0.090
statsmodels,crosscorr,ccf_algo_lag2,HETT,0.03147836990793482,,2sig=0.090
statsmodels,crosscorr,ccf_algo_lag3,HETT,0.007583938906606947,,2sig=0.090
statsmodels,crosscorr,ccf_algo_lag4,HETT,-0.011429709801448744,,2sig=0.090
statsmodels,crosscorr,ccf_algo_lag5,HETT,-0.008053026144470314,,2sig=0.090
statsmodels,crosscorr,ccf_algo_lag1,HUXZ,0.03431185703396051,,2sig=0.090
statsmodels,crosscorr,ccf_algo_lag2,HUXZ,-0.04445493895639032,,2sig=0.090
statsmodels,crosscorr,ccf_algo_lag3,HUXZ,0.019563345020583173,,2sig=0.090
statsmodels,crosscorr,ccf_algo_lag4,HUXZ,0.047953268985640486,,2sig=0.090
statsmodels,crosscorr,ccf_algo_lag5,HUXZ,-0.05949358985092874,,2sig=0.090
statsmodels,crosscorr,ccf_algo_lag1,DUCT,-0.03560011238417784,,2sig=0.090
statsmodels,crosscorr,ccf_algo_lag2,DUCT,-0.05343555808634957,,2sig=0.090
statsmodels,crosscorr,ccf_algo_lag3,DUCT,0.012669306380569663,,2sig=0.090
statsmodels,crosscorr,ccf_algo_lag4,DUCT,0.06888070412223285,,2sig=0.090
statsmodels,crosscorr,ccf_algo_lag5,DUCT,-0.005371792820262129,,2sig=0.090
statsmodels,crosscorr,ccf_algo_lag1,SMAH,-0.021105227160266242,,2sig=0.090
statsmodels,crosscorr,ccf_algo_lag2,SMAH,-0.030404357499116335,,2sig=0.090
statsmodels,crosscorr,ccf_algo_lag3,SMAH,-0.0017404828781494924,,2sig=0.090
statsmodels,crosscorr,ccf_algo_lag4,SMAH,-0.014667478769808753,,2sig=0.090
statsmodels,crosscorr,ccf_algo_lag5,SMAH,0.056027269116954034,,2sig=0.090
statsmodels,crosscorr,ccf_algo_lag1,NPCK,0.010941333305502263,,2sig=0.090
statsmodels,crosscorr,ccf_algo_lag2,NPCK,-0.028120878285124194,,2sig=0.090
statsmodels,crosscorr,ccf_algo_lag3,NPCK,0.013016197619863135,,2sig=0.090
statsmodels,crosscorr,ccf_algo_lag4,NPCK,-0.03635904143350645,,2sig=0.090
statsmodels,crosscorr,ccf_algo_lag5,NPCK,0.03451466779723973,,2sig=0.090
statsmodels,crosscorr,ccf_algo_lag1,MSDP,-0.015543513752974154,,2sig=0.090
statsmodels,crosscorr,ccf_algo_lag2,MSDP,-0.0018711241756553714,,2sig=0.090
statsmodels,crosscorr,ccf_algo_lag3,MSDP,0.03996159650358633,,2sig=0.090
statsmodels,crosscorr,ccf_algo_lag4,MSDP,-0.03626296481639302,,2sig=0.090
statsmodels,crosscorr,ccf_algo_lag5,MSDP,-0.1378757574755839,,2sig=0.090
statsmodels,crosscorr,ccf_algo_lag1,EORC,-0.038290601838372046,,2sig=0.090
statsmodels,crosscorr,ccf_algo_lag2,EORC,0.018741907767075253,,2sig=0.090
statsmodels,crosscorr,ccf_algo_lag3,EORC,0.008865510721687633,,2sig=0.090
statsmodels,crosscorr,ccf_algo_lag4,EORC,0.0010936626721288435,,2sig=0.090
statsmodels,crosscorr,ccf_algo_lag5,EORC,0.040321666569630654,,2sig=0.090
statsmodels,crosscorr,ccf_algo_lag1,CUBO,-0.13385653133792952,,2sig=0.090
statsmodels,crosscorr,ccf_algo_lag2,CUBO,-0.049855012532263016,,2sig=0.090
statsmodels,crosscorr,ccf_algo_lag3,CUBO,-0.07183981826508123,,2sig=0.090
statsmodels,crosscorr,ccf_algo_lag4,CUBO,-0.026711070175151407,,2sig=0.090
statsmodels,crosscorr,ccf_algo_lag5,CUBO,0.0664764929020707,,2sig=0.090
statsmodels,crosscorr,ccf_algo_lag1,HRET,-0.13752645499093852,,2sig=0.090
statsmodels,crosscorr,ccf_algo_lag2,HRET,0.029146838350531806,,2sig=0.090
statsmodels,crosscorr,ccf_algo_lag3,HRET,0.039247959018139114,,2sig=0.090
statsmodels,crosscorr,ccf_algo_lag4,HRET,-0.08316035393903257,,2sig=0.090
statsmodels,crosscorr,ccf_algo_lag5,HRET,0.04480595459929989,,2sig=0.090
statsmodels,crosscorr,ccf_algo_lag1,ANSO,-0.06605289090872252,,2sig=0.090
statsmodels,crosscorr,ccf_algo_lag2,ANSO,-0.10934850046696833,,2sig=0.090
statsmodels,crosscorr,ccf_algo_lag3,ANSO,-0.006476276002563693,,2sig=0.090
statsmodels,crosscorr,ccf_algo_lag4,ANSO,0.029677724746107654,,2sig=0.090
statsmodels,crosscorr,ccf_algo_lag5,ANSO,0.04250369638674575,,2sig=0.090
statsmodels,crosscorr,ccf_algo_lag1,DIHO,0.07090009529936285,,2sig=0.090
statsmodels,crosscorr,ccf_algo_lag2,DIHO,-0.022751969712026077,,2sig=0.090
statsmodels,crosscorr,ccf_algo_lag3,DIHO,-0.01593128534363281,,2sig=0.090
statsmodels,crosscorr,ccf_algo_lag4,DIHO,-0.07490026244316055,,2sig=0.090
statsmodels,crosscorr,ccf_algo_lag5,DIHO,-0.04013411924630028,,2sig=0.090
statsmodels,crosscorr,ccf_algo_lag1,RTTH,0.0338748001311031,,2sig=0.090
statsmodels,crosscorr,ccf_algo_lag2,RTTH,-0.001883194764503642,,2sig=0.090
statsmodels,crosscorr,ccf_algo_lag3,RTTH,-0.018871045762205958,,2sig=0.090
statsmodels,crosscorr,ccf_algo_lag4,RTTH,-0.05760726820478264,,2sig=0.090
statsmodels,crosscorr,ccf_algo_lag5,RTTH,-0.029307296878739002,,2sig=0.090
statsmodels,crosscorr,ccf_algo_lag1,SPLZ,0.0374300682774222,,2sig=0.090
statsmodels,crosscorr,ccf_algo_lag2,SPLZ,-0.0288971886188291,,2sig=0.090
statsmodels,crosscorr,ccf_algo_lag3,SPLZ,0.019261343016327016,,2sig=0.090
statsmodels,crosscorr,ccf_algo_lag4,SPLZ,0.04333342003810998,,2sig=0.090
statsmodels,crosscorr,ccf_algo_lag5,SPLZ,-0.08559624102482047,,2sig=0.090
statsmodels,crosscorr,ccf_algo_lag1,NWIG,0.025871361711398998,,2sig=0.090
statsmodels,crosscorr,ccf_algo_lag2,NWIG,-0.04334093708935611,,2sig=0.090
statsmodels,crosscorr,ccf_algo_lag3,NWIG,0.05920803587578637,,2sig=0.090
statsmodels,crosscorr,ccf_algo_lag4,NWIG,0.03598916725162593,,2sig=0.090
statsmodels,crosscorr,ccf_algo_lag5,NWIG,-0.04848055606826044,,2sig=0.090
statsmodels,crosscorr,ccf_algo_lag1,MMBT,0.05359950352963491,,2sig=0.090
statsmodels,crosscorr,ccf_algo_lag2,MMBT,-0.06966421720416698,,2sig=0.090
statsmodels,crosscorr,ccf_algo_lag3,MMBT,0.05407147096469706,,2sig=0.090
statsmodels,crosscorr,ccf_algo_lag4,MMBT,0.032504208740094624,,2sig=0.090
statsmodels,crosscorr,ccf_algo_lag5,MMBT,-0.07456951111915226,,2sig=0.090
statsmodels,crosscorr,ccf_algo_lag1,MDGI,0.02616658481791151,,2sig=0.090
statsmodels,crosscorr,ccf_algo_lag2,MDGI,-0.02232409832912384,,2sig=0.090
statsmodels,crosscorr,ccf_algo_lag3,MDGI,0.006927224215040441,,2sig=0.090
statsmodels,crosscorr,ccf_algo_lag4,MDGI,-0.029814540390164256,,2sig=0.090
statsmodels,crosscorr,ccf_algo_lag5,MDGI,-0.06380338631873357,,2sig=0.090
statsmodels,crosscorr,ccf_algo_lag1,AGVF,0.007599138741993732,,2sig=0.090
statsmodels,crosscorr,ccf_algo_lag2,AGVF,0.017185902576152764,,2sig=0.090
statsmodels,crosscorr,ccf_algo_lag3,AGVF,0.032979464382652514,,2sig=0.090
statsmodels,crosscorr,ccf_algo_lag4,AGVF,-0.06472558452861651,,2sig=0.090
statsmodels,crosscorr,ccf_algo_lag5,AGVF,-0.047393946632142386,,2sig=0.090
statsmodels,crosscorr,ccf_algo_lag1,RRES,-0.03870909196577443,,2sig=0.090
statsmodels,crosscorr,ccf_algo_lag2,RRES,-0.03200299294282979,,2sig=0.090
statsmodels,crosscorr,ccf_algo_lag3,RRES,0.007128644599414555,,2sig=0.090
statsmodels,crosscorr,ccf_algo_lag4,RRES,-0.03241079838669124,,2sig=0.090
statsmodels,crosscorr,ccf_algo_lag5,RRES,-0.010943187716305277,,2sig=0.090
statsmodels,crosscorr,ccf_algo_lag1,CTGI,-0.027452254058716895,,2sig=0.090
statsmodels,crosscorr,ccf_algo_lag2,CTGI,0.015802055880303912,,2sig=0.090
statsmodels,crosscorr,ccf_algo_lag3,CTGI,-0.030208057151186823,,2sig=0.090
statsmodels,crosscorr,ccf_algo_lag4,CTGI,-0.07982315849324848,,2sig=0.090
statsmodels,crosscorr,ccf_algo_lag5,CTGI,0.024349061499450594,,2sig=0.090
statsmodels,crosscorr,ccf_algo_lag1,ALUT,0.015764180923210015,,2sig=0.090
statsmodels,crosscorr,ccf_algo_lag2,ALUT,-0.03574996367603077,,2sig=0.090
statsmodels,crosscorr,ccf_algo_lag3,ALUT,0.06054096256630191,,2sig=0.090
statsmodels,crosscorr,ccf_algo_lag4,ALUT,-0.00884840904848525,,2sig=0.090
statsmodels,crosscorr,ccf_algo_lag5,ALUT,-0.06587128606242508,,2sig=0.090
statsmodels,crosscorr,ccf_algo_lag1,ACAC,-0.014300337109457427,,2sig=0.090
statsmodels,crosscorr,ccf_algo_lag2,ACAC,-0.0958650407366091,,2sig=0.090
statsmodels,crosscorr,ccf_algo_lag3,ACAC,0.01847454185266957,,2sig=0.090
statsmodels,crosscorr,ccf_algo_lag4,ACAC,-0.020830194782661057,,2sig=0.090
statsmodels,crosscorr,ccf_algo_lag5,ACAC,-0.0008524156786534791,,2sig=0.090
statsmodels,crosscorr,ccf_algo_lag1,SRTX,-0.03545283994484653,,2sig=0.090
statsmodels,crosscorr,ccf_algo_lag2,SRTX,0.004552165743400324,,2sig=0.090
statsmodels,crosscorr,ccf_algo_lag3,SRTX,-0.016465361051007717,,2sig=0.090
statsmodels,crosscorr,ccf_algo_lag4,SRTX,-0.0270713674455563,,2sig=0.090
statsmodels,crosscorr,ccf_algo_lag5,SRTX,0.04380456056886703,,2sig=0.090
statsmodels,crosscorr,ccf_algo_lag1,GARI,0.10546378319313583,,2sig=0.090
statsmodels,crosscorr,ccf_algo_lag2,GARI,-0.06866476611545488,,2sig=0.090
statsmodels,crosscorr,ccf_algo_lag3,GARI,0.0461601719427375,,2sig=0.090
statsmodels,crosscorr,ccf_algo_lag4,GARI,-0.013035612646827108,,2sig=0.090
statsmodels,crosscorr,ccf_algo_lag5,GARI,-0.11318614843639617,,2sig=0.090
statsmodels,crosscorr,ccf_algo_lag1,RCRI,0.018630759438015176,,2sig=0.090
statsmodels,crosscorr,ccf_algo_lag2,RCRI,-0.0018663253064329622,,2sig=0.090
statsmodels,crosscorr,ccf_algo_lag3,RCRI,-0.039817686334397626,,2sig=0.090
statsmodels,crosscorr,ccf_algo_lag4,RCRI,-0.0063730347185569185,,2sig=0.090
statsmodels,crosscorr,ccf_algo_lag5,RCRI,-0.06284137629150789,,2sig=0.090
statsmodels,crosscorr,ccf_algo_lag1,ACIX,0.04628862945993168,,2sig=0.090
statsmodels,crosscorr,ccf_algo_lag2,ACIX,-0.013100419893753506,,2sig=0.090
statsmodels,crosscorr,ccf_algo_lag3,ACIX,0.04077703998636025,,2sig=0.090
statsmodels,crosscorr,ccf_algo_lag4,ACIX,-0.0431051372886521,,2sig=0.090
statsmodels,crosscorr,ccf_algo_lag5,ACIX,-0.045306889830682366,,2sig=0.090
statsmodels,crosscorr,ccf_algo_lag1,CCNS,0.015493417252351115,,2sig=0.090
statsmodels,crosscorr,ccf_algo_lag2,CCNS,0.00875875296131711,,2sig=0.090
statsmodels,crosscorr,ccf_algo_lag3,CCNS,0.02824275776830885,,2sig=0.090
statsmodels,crosscorr,ccf_algo_lag4,CCNS,0.011663649714577833,,2sig=0.090
statsmodels,crosscorr,ccf_algo_lag5,CCNS,-0.008342735507802863,,2sig=0.090
statsmodels,crosscorr,ccf_algo_lag1,MTNS,-0.06145623181682598,,2sig=0.090
statsmodels,crosscorr,ccf_algo_lag2,MTNS,-0.03448888621888914,,2sig=0.090
statsmodels,crosscorr,ccf_algo_lag3,MTNS,0.0299931642368467,,2sig=0.090
statsmodels,crosscorr,ccf_algo_lag4,MTNS,-0.04013784150141811,,2sig=0.090
statsmodels,crosscorr,ccf_algo_lag5,MTNS,-0.015009962560514947,,2sig=0.090
statsmodels,crosscorr,ccf_algo_lag1,IHOZ,0.07135062761663068,,2sig=0.090
statsmodels,crosscorr,ccf_algo_lag2,IHOZ,0.04680507263580228,,2sig=0.090
statsmodels,crosscorr,ccf_algo_lag3,IHOZ,-0.01723788573987523,,2sig=0.090
statsmodels,crosscorr,ccf_algo_lag4,IHOZ,-0.03360045314247093,,2sig=0.090
statsmodels,crosscorr,ccf_algo_lag5,IHOZ,0.01803311480915144,,2sig=0.090
statsmodels,crosscorr,ccf_algo_lag1,NAYO,0.03396435619348747,,2sig=0.090
statsmodels,crosscorr,ccf_algo_lag2,NAYO,0.003507111908014455,,2sig=0.090
statsmodels,crosscorr,ccf_algo_lag3,NAYO,-0.0021223316341842644,,2sig=0.090
statsmodels,crosscorr,ccf_algo_lag4,NAYO,0.055798314695083444,,2sig=0.090
statsmodels,crosscorr,ccf_algo_lag5,NAYO,-0.020880112355729518,,2sig=0.090
statsmodels,crosscorr,ccf_algo_lag1,FWWG,-0.034698477997077475,,2sig=0.090
statsmodels,crosscorr,ccf_algo_lag2,FWWG,0.050036810609008255,,2sig=0.090
statsmodels,crosscorr,ccf_algo_lag3,FWWG,0.06754519095075935,,2sig=0.090
statsmodels,crosscorr,ccf_algo_lag4,FWWG,-0.07159672998089761,,2sig=0.090
statsmodels,crosscorr,ccf_algo_lag5,FWWG,-0.026333043551951842,,2sig=0.090
statsmodels,crosscorr,ccf_algo_lag1,EELT,-0.01394977916831078,,2sig=0.090
statsmodels,crosscorr,ccf_algo_lag2,EELT,-0.0284707519230247,,2sig=0.090
statsmodels,crosscorr,ccf_algo_lag3,EELT,0.022862748210331924,,2sig=0.090
statsmodels,crosscorr,ccf_algo_lag4,EELT,-0.006991316396742656,,2sig=0.090
statsmodels,crosscorr,ccf_algo_lag5,EELT,-0.05778368128918067,,2sig=0.090
statsmodels,crosscorr,ccf_algo_lag1,HRND,0.13667739688553274,,2sig=0.090
statsmodels,crosscorr,ccf_algo_lag2,HRND,-0.0470023972103807,,2sig=0.090
statsmodels,crosscorr,ccf_algo_lag3,HRND,0.03494367102494271,,2sig=0.090
statsmodels,crosscorr,ccf_algo_lag4,HRND,-0.014631636539946636,,2sig=0.090
statsmodels,crosscorr,ccf_algo_lag5,HRND,-0.015516277551191584,,2sig=0.090
statsmodels,crosscorr,ccf_algo_lag1,AETS,-0.04037969895409981,,2sig=0.090
statsmodels,crosscorr,ccf_algo_lag2,AETS,-0.0027618768193599826,,2sig=0.090
statsmodels,crosscorr,ccf_algo_lag3,AETS,-0.0025135473614497725,,2sig=0.090
statsmodels,crosscorr,ccf_algo_lag4,AETS,-0.06180857736250656,,2sig=0.090
statsmodels,crosscorr,ccf_algo_lag5,AETS,-0.06540384536388089,,2sig=0.090
statsmodels,crosscorr,ccf_algo_lag1,ULXY,-0.13873829851139502,,2sig=0.090
statsmodels,crosscorr,ccf_algo_lag2,ULXY,-0.06796037854578195,,2sig=0.090
statsmodels,crosscorr,ccf_algo_lag3,ULXY,-0.056388496255209426,,2sig=0.090
statsmodels,crosscorr,ccf_algo_lag4,ULXY,-0.01613962480474136,,2sig=0.090
statsmodels,crosscorr,ccf_algo_lag5,ULXY,0.0851758646484883,,2sig=0.090
statsmodels,crosscorr,ccf_algo_lag1,BLBT,-0.05830030941422969,,2sig=0.090
statsmodels,crosscorr,ccf_algo_lag2,BLBT,-0.060749788833743774,,2sig=0.090
statsmodels,crosscorr,ccf_algo_lag3,BLBT,0.01837973722779968,,2sig=0.090
statsmodels,crosscorr,ccf_algo_lag4,BLBT,0.005884859000241057,,2sig=0.090
statsmodels,crosscorr,ccf_algo_lag5,BLBT,-0.09137104958592562,,2sig=0.090
statsmodels,crosscorr,ccf_algo_lag1,BENI,-0.030421246524446895,,2sig=0.090
statsmodels,crosscorr,ccf_algo_lag2,BENI,-0.05268183048153336,,2sig=0.090
statsmodels,crosscorr,ccf_algo_lag3,BENI,0.014709794394903664,,2sig=0.090
statsmodels,crosscorr,ccf_algo_lag4,BENI,0.0006560327704918005,,2sig=0.090
statsmodels,crosscorr,ccf_algo_lag5,BENI,-0.01162848638071178,,2sig=0.090
statsmodels,crosscorr,ccf_algo_lag1,ITPA,0.03924727503401425,,2sig=0.090
statsmodels,crosscorr,ccf_algo_lag2,ITPA,-0.03223580204298084,,2sig=0.090
statsmodels,crosscorr,ccf_algo_lag3,ITPA,0.058203061445435,,2sig=0.090
statsmodels,crosscorr,ccf_algo_lag4,ITPA,-0.006983950154759324,,2sig=0.090
statsmodels,crosscorr,ccf_algo_lag5,ITPA,-0.06968972385307472,,2sig=0.090
statsmodels,crosscorr,ccf_algo_lag1,HTRK,0.04344735012104878,,2sig=0.090
statsmodels,crosscorr,ccf_algo_lag2,HTRK,-0.08211173550505609,,2sig=0.090
statsmodels,crosscorr,ccf_algo_lag3,HTRK,-0.012135127952483053,,2sig=0.090
statsmodels,crosscorr,ccf_algo_lag4,HTRK,-0.026438142979162894,,2sig=0.090
statsmodels,crosscorr,ccf_algo_lag5,HTRK,-0.010584462837940118,,2sig=0.090
statsmodels,crosscorr,ccf_algo_lag1,NGTE,0.0019510347230218713,,2sig=0.090
statsmodels,crosscorr,ccf_algo_lag2,NGTE,-0.08029243769866447,,2sig=0.090
statsmodels,crosscorr,ccf_algo_lag3,NGTE,0.05077769856133448,,2sig=0.090
statsmodels,crosscorr,ccf_algo_lag4,NGTE,-0.03560069892659093,,2sig=0.090
statsmodels,crosscorr,ccf_algo_lag5,NGTE,0.01513498544557707,,2sig=0.090
statsmodels,crosscorr,ccf_algo_lag1,ILVX,0.03110263595052421,,2sig=0.090
statsmodels,crosscorr,ccf_algo_lag2,ILVX,-0.03540301900948138,,2sig=0.090
statsmodels,crosscorr,ccf_algo_lag3,ILVX,0.07313368148500471,,2sig=0.090
statsmodels,crosscorr,ccf_algo_lag4,ILVX,0.004107049842488484,,2sig=0.090
statsmodels,crosscorr,ccf_algo_lag5,ILVX,0.06423943729641922,,2sig=0.090
statsmodels,crosscorr,ccf_algo_lag1,FCSG,-0.0024150972228384844,,2sig=0.090
statsmodels,crosscorr,ccf_algo_lag2,FCSG,0.03395048365340857,,2sig=0.090
statsmodels,crosscorr,ccf_algo_lag3,FCSG,-0.009216631529555161,,2sig=0.090
statsmodels,crosscorr,ccf_algo_lag4,FCSG,-0.07692893275906862,,2sig=0.090
statsmodels,crosscorr,ccf_algo_lag5,FCSG,-0.027366007263269446,,2sig=0.090
statsmodels,crosscorr,ccf_algo_lag1,FARS,-0.02679024485500559,,2sig=0.090
statsmodels,crosscorr,ccf_algo_lag2,FARS,0.05795348026122936,,2sig=0.090
statsmodels,crosscorr,ccf_algo_lag3,FARS,-0.04526651550023058,,2sig=0.090
statsmodels,crosscorr,ccf_algo_lag4,FARS,0.04444043647552182,,2sig=0.090
statsmodels,crosscorr,ccf_algo_lag5,FARS,-0.0428803837702458,,2sig=0.090
statsmodels,crosscorr,ccf_algo_lag1,MHRM,0.06381246605021894,,2sig=0.090
statsmodels,crosscorr,ccf_algo_lag2,MHRM,-0.07791518495153098,,2sig=0.090
statsmodels,crosscorr,ccf_algo_lag3,MHRM,0.01621844553037455,,2sig=0.090
statsmodels,crosscorr,ccf_algo_lag4,MHRM,0.030834664832515887,,2sig=0.090
statsmodels,crosscorr,ccf_algo_lag5,MHRM,-0.04460416832196296,,2sig=0.090
statsmodels,crosscorr,ccf_algo_lag1,EAFC,0.050088300517808895,,2sig=0.090
statsmodels,crosscorr,ccf_algo_lag2,EAFC,-0.05374922004459632,,2sig=0.090
statsmodels,crosscorr,ccf_algo_lag3,EAFC,-0.015852897192816517,,2sig=0.090
statsmodels,crosscorr,ccf_algo_lag4,EAFC,-0.09522359456035477,,2sig=0.090
statsmodels,crosscorr,ccf_algo_lag5,EAFC,-0.09797876756603947,,2sig=0.090
statsmodels,granger,granger_algo_to,AENO,,0.3402211025597626,
statsmodels,granger,granger_to_algo,AENO,,0.2069290039865634,
statsmodels,granger,granger_algo_to,LSST,,0.022042424589567924,
statsmodels,granger,granger_to_algo,LSST,,0.13582830205804652,
statsmodels,granger,granger_algo_to,SRNA,,0.08871000675691501,
statsmodels,granger,granger_to_algo,SRNA,,0.6440214777489701,
statsmodels,granger,granger_algo_to,ELLT,,0.0470590156277223,
statsmodels,granger,granger_to_algo,ELLT,,0.3214907097431229,
statsmodels,granger,granger_algo_to,AMRP,,0.1210801014909888,
statsmodels,granger,granger_to_algo,AMRP,,0.7389418425407894,
statsmodels,granger,granger_algo_to,OTCS,,0.2148867704508154,
statsmodels,granger,granger_to_algo,OTCS,,0.284077361504985,
statsmodels,granger,granger_algo_to,HETT,,0.5346307100680018,
statsmodels,granger,granger_to_algo,HETT,,0.6287637691347441,
statsmodels,granger,granger_algo_to,HUXZ,,0.20537309794007308,
statsmodels,granger,granger_to_algo,HUXZ,,0.4270474903652814,
statsmodels,granger,granger_algo_to,DUCT,,0.5742023584758992,
statsmodels,granger,granger_to_algo,DUCT,,0.20768377481204509,
statsmodels,granger,granger_algo_to,SMAH,,0.5510971077286545,
statsmodels,granger,granger_to_algo,SMAH,,0.2956923122220958,
statsmodels,granger,granger_algo_to,NPCK,,0.29908546145213133,
statsmodels,granger,granger_to_algo,NPCK,,0.719525796244966,
statsmodels,granger,granger_algo_to,MSDP,,0.6424273006264076,
statsmodels,granger,granger_to_algo,MSDP,,0.18624542744386305,
statsmodels,granger,granger_algo_to,EORC,,0.47184546099278823,
statsmodels,granger,granger_to_algo,EORC,,0.3140497519521117,
statsmodels,granger,granger_algo_to,CUBO,,0.0007544129280238921,
statsmodels,granger,granger_to_algo,CUBO,,0.09593650235846432,
statsmodels,granger,granger_algo_to,HRET,,0.009814995822353146,
statsmodels,granger,granger_to_algo,HRET,,0.12052459510905628,
statsmodels,granger,granger_algo_to,ANSO,,0.040039279006048784,
statsmodels,granger,granger_to_algo,ANSO,,0.5024935363679541,
statsmodels,granger,granger_algo_to,DIHO,,0.15249990388223453,
statsmodels,granger,granger_to_algo,DIHO,,0.24500680375578313,
statsmodels,granger,granger_algo_to,RTTH,,0.7313198588442233,
statsmodels,granger,granger_to_algo,RTTH,,0.603509296410719,
statsmodels,granger,granger_algo_to,SPLZ,,0.21580309075973755,
statsmodels,granger,granger_to_algo,SPLZ,,0.24648323603293903,
statsmodels,granger,granger_algo_to,NWIG,,0.2271116719249913,
statsmodels,granger,granger_to_algo,NWIG,,0.44762922372351205,
statsmodels,granger,granger_algo_to,MMBT,,0.1289776843175696,
statsmodels,granger,granger_to_algo,MMBT,,0.3866707626659799,
statsmodels,granger,granger_algo_to,MDGI,,0.4025896904210479,
statsmodels,granger,granger_to_algo,MDGI,,0.16699748809653472,
statsmodels,granger,granger_algo_to,AGVF,,0.4466155964276414,
statsmodels,granger,granger_to_algo,AGVF,,0.6715238058598192,
statsmodels,granger,granger_algo_to,RRES,,0.16790303813516186,
statsmodels,granger,granger_to_algo,RRES,,0.5358681342893102,
statsmodels,granger,granger_algo_to,CTGI,,0.41410742578537235,
statsmodels,granger,granger_to_algo,CTGI,,0.39925956258135264,
statsmodels,granger,granger_algo_to,ALUT,,0.3722977129848276,
statsmodels,granger,granger_to_algo,ALUT,,0.49361108313800545,
statsmodels,granger,granger_algo_to,ACAC,,0.6907923559937663,
statsmodels,granger,granger_to_algo,ACAC,,0.22934028879632248,
statsmodels,granger,granger_algo_to,SRTX,,0.22047067806019952,
statsmodels,granger,granger_to_algo,SRTX,,0.6052406286611431,
statsmodels,granger,granger_algo_to,GARI,,0.007391201472461895,
statsmodels,granger,granger_to_algo,GARI,,0.09203995398749146,
statsmodels,granger,granger_algo_to,RCRI,,0.772480487114477,
statsmodels,granger,granger_to_algo,RCRI,,0.4543706677981033,
statsmodels,granger,granger_algo_to,ACIX,,0.6235859904123611,
statsmodels,granger,granger_to_algo,ACIX,,0.7346010181152556,
statsmodels,granger,granger_algo_to,CCNS,,0.6508643697155471,
statsmodels,granger,granger_to_algo,CCNS,,0.37812250900864874,
statsmodels,granger,granger_algo_to,MTNS,,0.1246046109109767,
statsmodels,granger,granger_to_algo,MTNS,,0.018482576629739008,
statsmodels,granger,granger_algo_to,IHOZ,,0.2683059008400068,
statsmodels,granger,granger_to_algo,IHOZ,,0.4816682355890819,
statsmodels,granger,granger_algo_to,NAYO,,0.3628635279369506,
statsmodels,granger,granger_to_algo,NAYO,,0.35849624621387755,
statsmodels,granger,granger_algo_to,FWWG,,0.12296471612282552,
statsmodels,granger,granger_to_algo,FWWG,,0.399407007972973,
statsmodels,granger,granger_algo_to,EELT,,0.705804733248579,
statsmodels,granger,granger_to_algo,EELT,,0.33599843502879706,
statsmodels,granger,granger_algo_to,HRND,,0.0011267290787014095,
statsmodels,granger,granger_to_algo,HRND,,0.07420562040598647,
statsmodels,granger,granger_algo_to,AETS,,0.5160961179779481,
statsmodels,granger,granger_to_algo,AETS,,0.8204389388766943,
statsmodels,granger,granger_algo_to,ULXY,,0.0021587747543845514,
statsmodels,granger,granger_to_algo,ULXY,,0.042480688279042327,
statsmodels,granger,granger_algo_to,BLBT,,0.579165407162883,
statsmodels,granger,granger_to_algo,BLBT,,0.09449481925434204,
statsmodels,granger,granger_algo_to,BENI,,0.18892427878215196,
statsmodels,granger,granger_to_algo,BENI,,0.34102314275862167,
statsmodels,granger,granger_algo_to,ITPA,,0.4304473979836465,
statsmodels,granger,granger_to_algo,ITPA,,0.5977286603912733,
statsmodels,granger,granger_algo_to,HTRK,,0.05052448964507769,
statsmodels,granger,granger_to_algo,HTRK,,0.737088968654057,
statsmodels,granger,granger_algo_to,NGTE,,0.1684012796968454,
statsmodels,granger,granger_to_algo,NGTE,,0.5083131784665542,
statsmodels,granger,granger_algo_to,ILVX,,0.14224738890660157,
statsmodels,granger,granger_to_algo,ILVX,,0.11514846368562051,
statsmodels,granger,granger_algo_to,FCSG,,0.532082199659625,
statsmodels,granger,granger_to_algo,FCSG,,0.6244733831605791,
statsmodels,granger,granger_algo_to,FARS,,0.5284709869639844,
statsmodels,granger,granger_to_algo,FARS,,0.38535497011857717,
statsmodels,granger,granger_algo_to,MHRM,,0.020738403895873458,
statsmodels,granger,granger_to_algo,MHRM,,0.13406928515786282,
statsmodels,granger,granger_algo_to,EAFC,,0.32952446506630395,
statsmodels,granger,granger_to_algo,EAFC,,0.18902117249375652,
statsmodels,hetero,arch_lm,ALGO,1.3020883723564496,0.9347166403942592,
statsmodels,hetero,breusch_pagan,ALGO,1.7793747305696512,0.18222612466707439,
statsmodels,hetero,white,ALGO,2.309454894528929,0.3151434184000343,
statsmodels,hetero,goldfeld_quandt,ALGO,3.7766784952140675,2.857937348034479e-24,
statsmodels,hetero,arch_lm,AENO,6.755305857997228,0.23948378897160924,
statsmodels,hetero,breusch_pagan,AENO,0.0058026684468583944,0.9392796744912923,
statsmodels,hetero,white,AENO,0.18342391893842513,0.9123679106376048,
statsmodels,hetero,goldfeld_quandt,AENO,0.8741992603302036,0.8545086416567416,
statsmodels,hetero,arch_lm,LSST,5.664909806767358,0.3402014904000981,
statsmodels,hetero,breusch_pagan,LSST,1.4607978957703471,0.2268032098624697,
statsmodels,hetero,white,LSST,1.7878063528572972,0.4090560149583099,
statsmodels,hetero,goldfeld_quandt,LSST,1.0580524397734699,0.32870315488769736,
statsmodels,hetero,arch_lm,SRNA,2.2515388286936773,0.8133575324879597,
statsmodels,hetero,breusch_pagan,SRNA,2.4406933456031834,0.11822395965771694,
statsmodels,hetero,white,SRNA,3.592276280193593,0.16593848358899727,
statsmodels,hetero,goldfeld_quandt,SRNA,0.9303915009987721,0.714575049965426,
statsmodels,hetero,arch_lm,ELLT,5.968443170440051,0.3093016579602422,
statsmodels,hetero,breusch_pagan,ELLT,0.5024632019114249,0.4784198075451558,
statsmodels,hetero,white,ELLT,0.7282894879115828,0.6947906207214555,
statsmodels,hetero,goldfeld_quandt,ELLT,0.9968228515615538,0.5099407847075996,
statsmodels,hetero,arch_lm,AMRP,0.2127410923980304,0.9989705812789759,
statsmodels,hetero,breusch_pagan,AMRP,3.739312722061716,0.053146301188543424,
statsmodels,hetero,white,AMRP,5.344194230023928,0.06910714760352489,
statsmodels,hetero,goldfeld_quandt,AMRP,0.8173282190838073,0.9433533506124084,
statsmodels,hetero,arch_lm,OTCS,2.0498762129759927,0.8422015698065068,
statsmodels,hetero,breusch_pagan,OTCS,0.7334331301255439,0.3917726358441853,
statsmodels,hetero,white,OTCS,3.525165070676226,0.17160112511456024,
statsmodels,hetero,goldfeld_quandt,OTCS,1.0471198313046401,0.35871742502170295,
statsmodels,hetero,arch_lm,HETT,10.748387589571223,0.05660335499463348,
statsmodels,hetero,breusch_pagan,HETT,0.012599463983360537,0.9106272992015613,
statsmodels,hetero,white,HETT,0.34885506059170757,0.839937722061866,
statsmodels,hetero,goldfeld_quandt,HETT,0.9025422318430782,0.7897284000632369,
statsmodels,hetero,arch_lm,HUXZ,2.583836754619191,0.7638195269341786,
statsmodels,hetero,breusch_pagan,HUXZ,0.12411878359876505,0.724609570090758,
statsmodels,hetero,white,HUXZ,0.12573018212722709,0.9390701540994633,
statsmodels,hetero,goldfeld_quandt,HUXZ,0.9721262528569703,0.5878641045157669,
statsmodels,hetero,arch_lm,DUCT,4.797828737121438,0.4410484827400646,
statsmodels,hetero,breusch_pagan,DUCT,0.24431442734089304,0.6211072270753337,
statsmodels,hetero,white,DUCT,1.962588767561141,0.3748256165203883,
statsmodels,hetero,goldfeld_quandt,DUCT,1.007008161472942,0.4780833518778293,
statsmodels,hetero,arch_lm,SMAH,6.4002035154114205,0.26920093814243945,
statsmodels,hetero,breusch_pagan,SMAH,0.38875544268849593,0.5329543203067076,
statsmodels,hetero,white,SMAH,1.2726588815741469,0.5292314385648058,
statsmodels,hetero,goldfeld_quandt,SMAH,0.8913960004556726,0.8167504273410537,
statsmodels,hetero,arch_lm,NPCK,5.559786583418566,0.3514345942163613,
statsmodels,hetero,breusch_pagan,NPCK,0.26986448940886243,0.6034226884100375,
statsmodels,hetero,white,NPCK,0.3564252486381193,0.8367644880932481,
statsmodels,hetero,goldfeld_quandt,NPCK,0.8862930453747736,0.8284663663111902,
statsmodels,hetero,arch_lm,MSDP,5.36868920873502,0.3725594687643167,
statsmodels,hetero,breusch_pagan,MSDP,0.4739920379317786,0.4911563543444083,
statsmodels,hetero,white,MSDP,1.5030415825170753,0.47164872778608824,
statsmodels,hetero,goldfeld_quandt,MSDP,1.0957616727113968,0.23619230729068624,
statsmodels,hetero,arch_lm,EORC,5.2552226979785175,0.385533061979295,
statsmodels,hetero,breusch_pagan,EORC,0.8758758228362017,0.349333751895178,
statsmodels,hetero,white,EORC,1.3542066651002993,0.5080866208017445,
statsmodels,hetero,goldfeld_quandt,EORC,1.1036019019331411,0.21928757978105468,
statsmodels,hetero,arch_lm,CUBO,8.500933066688315,0.13070393491360374,
statsmodels,hetero,breusch_pagan,CUBO,1.4765187608581187,0.2243199897782238,
statsmodels,hetero,white,CUBO,2.050305507211725,0.3587416621378952,
statsmodels,hetero,goldfeld_quandt,CUBO,0.8662010055867905,0.8703613803439169,
statsmodels,hetero,arch_lm,HRET,7.373965366942655,0.19428016471762274,
statsmodels,hetero,breusch_pagan,HRET,1.2539466322373922,0.262800028480979,
statsmodels,hetero,white,HRET,1.4705528448382161,0.479372931233612,
statsmodels,hetero,goldfeld_quandt,HRET,1.0832870501783969,0.2647833951295509,
statsmodels,hetero,arch_lm,ANSO,8.878049546183465,0.11402833796928584,
statsmodels,hetero,breusch_pagan,ANSO,0.20276709285871486,0.6524965383119358,
statsmodels,hetero,white,ANSO,0.9002484611955367,0.6375489436154741,
statsmodels,hetero,goldfeld_quandt,ANSO,0.9637866835065467,0.6139966967779118,
statsmodels,hetero,arch_lm,DIHO,3.85952217359352,0.5698135640555815,
statsmodels,hetero,breusch_pagan,DIHO,0.22130330825067457,0.6380486522361875,
statsmodels,hetero,white,DIHO,0.43278998967522897,0.805417103436263,
statsmodels,hetero,goldfeld_quandt,DIHO,0.8067477622170663,0.9540694350675976,
statsmodels,hetero,arch_lm,RTTH,0.6521141866445181,0.985493046369304,
statsmodels,hetero,breusch_pagan,RTTH,0.20178468589437293,0.6532841391236555,
statsmodels,hetero,white,RTTH,0.2684651636778982,0.874386674491122,
statsmodels,hetero,goldfeld_quandt,RTTH,0.956050425017285,0.6379834724253901,
statsmodels,hetero,arch_lm,SPLZ,3.609384299588905,0.606904834348391,
statsmodels,hetero,breusch_pagan,SPLZ,0.36834672511763056,0.5439068265734734,
statsmodels,hetero,white,SPLZ,0.6435472600893124,0.7248622587962708,
statsmodels,hetero,goldfeld_quandt,SPLZ,0.8465474576356535,0.9045906139164896,
statsmodels,hetero,arch_lm,NWIG,4.565240532254951,0.4712022152837487,
statsmodels,hetero,breusch_pagan,NWIG,0.09932163570037866,0.7526452212953658,
statsmodels,hetero,white,NWIG,0.10211213287943366,0.9502253932841781,
statsmodels,hetero,goldfeld_quandt,NWIG,0.9315735895741146,0.7111769450010533,
statsmodels,hetero,arch_lm,MMBT,5.378114048190158,0.3714962628523968,
statsmodels,hetero,breusch_pagan,MMBT,4.586912886129268,0.03221699165894889,
statsmodels,hetero,white,MMBT,5.201283681335322,0.07422592170688157,
statsmodels,hetero,goldfeld_quandt,MMBT,0.8715591172343211,0.8598635849320093,
statsmodels,hetero,arch_lm,MDGI,4.130805358987013,0.530741152224238,
statsmodels,hetero,breusch_pagan,MDGI,3.308047547069817,0.06894135653189913,
statsmodels,hetero,white,MDGI,4.00136792752264,0.13524275045539275,
statsmodels,hetero,goldfeld_quandt,MDGI,1.1791136066296333,0.0978064075013947,
statsmodels,hetero,arch_lm,AGVF,3.2217038690222144,0.665848426618531,
statsmodels,hetero,breusch_pagan,AGVF,0.012757866374976001,0.9100696205327895,
statsmodels,hetero,white,AGVF,0.30418323747715414,0.8589095849234503,
statsmodels,hetero,goldfeld_quandt,AGVF,1.1484628170006068,0.13841751488818582,
statsmodels,hetero,arch_lm,RRES,4.352949583728379,0.49979592362781466,
statsmodels,hetero,breusch_pagan,RRES,0.011011760519724745,0.9164258501300414,
statsmodels,hetero,white,RRES,0.9001536356699498,0.6375791722889139,
statsmodels,hetero,goldfeld_quandt,RRES,0.8916359039332857,0.816189282223337,
statsmodels,hetero,arch_lm,CTGI,9.021131595301638,0.10822425242764032,
statsmodels,hetero,breusch_pagan,CTGI,0.06371868975949702,0.8007121052050252,
statsmodels,hetero,white,CTGI,2.3688489335590517,0.30592219722921327,
statsmodels,hetero,goldfeld_quandt,CTGI,1.0623787248472625,0.31719500672566187,
statsmodels,hetero,arch_lm,ALUT,8.67859196871691,0.12259146424757204,
statsmodels,hetero,breusch_pagan,ALUT,1.4984051614376699,0.2209169170272044,
statsmodels,hetero,white,ALUT,1.5092258896590711,0.4701925699802312,
statsmodels,hetero,goldfeld_quandt,ALUT,0.9403407912774708,0.6855378785405377,
statsmodels,hetero,arch_lm,ACAC,16.76818317677603,0.004961088706113211,
statsmodels,hetero,breusch_pagan,ACAC,0.14209564170577837,0.7062064854378848,
statsmodels,hetero,white,ACAC,1.2235297348210914,0.5423927725385412,
statsmodels,hetero,goldfeld_quandt,ACAC,1.070921524690209,0.2951231004381507,
statsmodels,hetero,arch_lm,SRTX,8.793285068567528,0.11759886755554788,
statsmodels,hetero,breusch_pagan,SRTX,0.047002769999662575,0.8283632593414243,
statsmodels,hetero,white,SRTX,0.664238279214747,0.7174018467883967,
statsmodels,hetero,goldfeld_quandt,SRTX,0.711058831496,0.9962387534777205,
statsmodels,hetero,arch_lm,GARI,6.655496617623746,0.24754768808812153,
statsmodels,hetero,breusch_pagan,GARI,0.2649917350057731,0.6067113198092682,
statsmodels,hetero,white,GARI,3.1674343075850633,0.20521087832877957,
statsmodels,hetero,goldfeld_quandt,GARI,1.0015221243623367,0.4951978120966105,
statsmodels,hetero,arch_lm,RCRI,3.0611504975370267,0.6905586013747292,
statsmodels,hetero,breusch_pagan,RCRI,0.6323194517809841,0.4265057980864456,
statsmodels,hetero,white,RCRI,0.8185652276143953,0.6641265144749219,
statsmodels,hetero,goldfeld_quandt,RCRI,1.2843166318865082,0.024764679919866632,
statsmodels,hetero,arch_lm,ACIX,3.265233800714019,0.6591684300191716,
statsmodels,hetero,breusch_pagan,ACIX,0.6975182022799871,0.40361887288201426,
statsmodels,hetero,white,ACIX,0.8115381163528883,0.6664640640799083,
statsmodels,hetero,goldfeld_quandt,ACIX,1.0317246494084085,0.4030322195687394,
statsmodels,hetero,arch_lm,CCNS,1.850788333284563,0.8693820015878531,
statsmodels,hetero,breusch_pagan,CCNS,2.0699911326381955,0.15022239469514864,
statsmodels,hetero,white,CCNS,2.090870523866984,0.3515387746264647,
statsmodels,hetero,goldfeld_quandt,CCNS,0.9091938546196462,0.7727148266732705,
statsmodels,hetero,arch_lm,MTNS,7.5115511565561,0.18528912167423292,
statsmodels,hetero,breusch_pagan,MTNS,0.6260494135044417,0.4288081287671198,
statsmodels,hetero,white,MTNS,1.0297956982375909,0.5975616329480046,
statsmodels,hetero,goldfeld_quandt,MTNS,0.9974876870324823,0.5078511519337701,
statsmodels,hetero,arch_lm,IHOZ,8.256321017928533,0.14266358839758533,
statsmodels,hetero,breusch_pagan,IHOZ,3.8755422905949963,0.048994479630429036,
statsmodels,hetero,white,IHOZ,3.9812233507174497,0.13661183778898947,
statsmodels,hetero,goldfeld_quandt,IHOZ,0.9637053380884438,0.6142503721607717,
statsmodels,hetero,arch_lm,NAYO,7.196501337739981,0.20643164565845118,
statsmodels,hetero,breusch_pagan,NAYO,0.06883583200342824,0.793039409104386,
statsmodels,hetero,white,NAYO,0.9179430813780205,0.6319332290278765,
statsmodels,hetero,goldfeld_quandt,NAYO,1.1133398227868812,0.19944799919786588,
statsmodels,hetero,arch_lm,FWWG,6.434639378819887,0.2661926737159046,
statsmodels,hetero,breusch_pagan,FWWG,2.1201708753099995,0.14537032446640022,
statsmodels,hetero,white,FWWG,2.120683557505284,0.3463374193282743,
statsmodels,hetero,goldfeld_quandt,FWWG,0.9244172669081049,0.7315148528717776,
statsmodels,hetero,arch_lm,EELT,2.582786305145656,0.7639789202762288,
statsmodels,hetero,breusch_pagan,EELT,1.9663804467485106,0.16083258181053273,
statsmodels,hetero,white,EELT,2.093843450135076,0.35101661338066165,
statsmodels,hetero,goldfeld_quandt,EELT,1.172309099690423,0.10587969861360388,
statsmodels,hetero,arch_lm,HRND,6.3314051786478265,0.2752939587216979,
statsmodels,hetero,breusch_pagan,HRND,0.0041228320198540835,0.9488035859065138,
statsmodels,hetero,white,HRND,1.9603101638586433,0.3752528993950525,
statsmodels,hetero,goldfeld_quandt,HRND,1.1183510769820377,0.18973818889462052,
statsmodels,hetero,arch_lm,AETS,4.809846117799213,0.43952498799387274,
statsmodels,hetero,breusch_pagan,AETS,2.5404842538018113,0.11096075037448588,
statsmodels,hetero,white,AETS,2.6235126954185293,0.26934657446789667,
statsmodels,hetero,goldfeld_quandt,AETS,0.9789987931433548,0.5661965210092619,
statsmodels,hetero,arch_lm,ULXY,1.272821339366087,0.9377033368213221,
statsmodels,hetero,breusch_pagan,ULXY,0.1549379846866944,0.6938604121521919,
statsmodels,hetero,white,ULXY,0.43063485569698734,0.806285462092686,
statsmodels,hetero,goldfeld_quandt,ULXY,0.9128707074849532,0.7630419162799618,
statsmodels,hetero,arch_lm,BLBT,0.9592974880426908,0.9657814515994094,
statsmodels,hetero,breusch_pagan,BLBT,0.9022790042199966,0.34217136053198377,
statsmodels,hetero,white,BLBT,0.9374305589769854,0.6258057375226976,
statsmodels,hetero,goldfeld_quandt,BLBT,1.0660038248962982,0.30772128105946883,
statsmodels,hetero,arch_lm,BENI,3.537157935259878,0.6177727703368086,
statsmodels,hetero,breusch_pagan,BENI,0.9246154381999628,0.3362660200019136,
statsmodels,hetero,white,BENI,1.11790761186636,0.5718069720918201,
statsmodels,hetero,goldfeld_quandt,BENI,0.8840807334937084,0.833413332744931,
statsmodels,hetero,arch_lm,ITPA,6.927254073507309,0.22610698149057015,
statsmodels,hetero,breusch_pagan,ITPA,0.3882999833949108,0.5331943588246533,
statsmodels,hetero,white,ITPA,0.3962662951530588,0.8202606301515772,
statsmodels,hetero,goldfeld_quandt,ITPA,1.1897436008958322,0.086195722155438,
statsmodels,hetero,arch_lm,HTRK,1.4449509713244322,0.9193336942466761,
statsmodels,hetero,breusch_pagan,HTRK,0.0656756601224705,0.7977403309622952,
statsmodels,hetero,white,HTRK,0.07457476041619737,0.9633992336906709,
statsmodels,hetero,goldfeld_quandt,HTRK,1.1686191121610092,0.1104752844943207,
statsmodels,hetero,arch_lm,NGTE,1.197609682652884,0.9451064780872228,
statsmodels,hetero,breusch_pagan,NGTE,0.0738308653140326,0.7858385856296888,
statsmodels,hetero,white,NGTE,2.6879459368785996,0.2608074278176539,
statsmodels,hetero,goldfeld_quandt,NGTE,0.9466970988616389,0.6665171091195746,
statsmodels,hetero,arch_lm,ILVX,4.541295255825025,0.474377359539473,
statsmodels,hetero,breusch_pagan,ILVX,3.5446812732880226,0.059736642860220096,
statsmodels,hetero,white,ILVX,5.28639199855899,0.07113356305902468,
statsmodels,hetero,goldfeld_quandt,ILVX,1.1006117911405755,0.22563694465596712,
statsmodels,hetero,arch_lm,FCSG,0.918781738078533,0.9688470407109354,
statsmodels,hetero,breusch_pagan,FCSG,1.1215629278824033,0.2895821639144783,
statsmodels,hetero,white,FCSG,1.5318718322491103,0.46489862118351344,
statsmodels,hetero,goldfeld_quandt,FCSG,1.019521765847661,0.43958894306677926,
statsmodels,hetero,arch_lm,FARS,1.374888409185503,0.9270403762271162,
statsmodels,hetero,breusch_pagan,FARS,0.03194921812437734,0.8581391565128346,
statsmodels,hetero,white,FARS,0.3502807720743113,0.839339180996422,
statsmodels,hetero,goldfeld_quandt,FARS,0.7688402728037245,0.9804175626310628,
statsmodels,hetero,arch_lm,MHRM,5.471667147081368,0.36106268459673974,
statsmodels,hetero,breusch_pagan,MHRM,0.1332769114914677,0.7150583296171912,
statsmodels,hetero,white,MHRM,0.5982552420567885,0.7414647768992422,
statsmodels,hetero,goldfeld_quandt,MHRM,0.799784792128522,0.9602474418164282,
statsmodels,hetero,arch_lm,EAFC,2.7647975663856013,0.7361914907395739,
statsmodels,hetero,breusch_pagan,EAFC,0.13643401630123586,0.7118521381595776,
statsmodels,hetero,white,EAFC,0.18369300847446335,0.9122451645663261,
statsmodels,hetero,goldfeld_quandt,EAFC,1.0354284221553416,0.39217135054021274,
statsmodels,spec,reset,ALGO,0.14393881627731883,0.7045586470342597,
statsmodels,spec,harvey_collier,ALGO,0.32522025151439266,0.745151796227611,
statsmodels,spec,rainbow,ALGO,1.3208003509739685,0.014392060293890016,
statsmodels,spec,reset,AENO,0.0015120093039839055,0.9689980691934148,
statsmodels,spec,harvey_collier,AENO,0.09820003501384414,0.9218132058197508,
statsmodels,spec,rainbow,AENO,0.8438013741352889,0.9093830962597528,
statsmodels,spec,reset,LSST,0.06909917824778622,0.7927620706341711,
statsmodels,spec,harvey_collier,LSST,0.7454803260764257,0.4563352314135902,
statsmodels,spec,rainbow,LSST,0.7946241271502482,0.9647574756368696,
statsmodels,spec,reset,SRNA,0.16007281481010283,0.6892617363491289,
statsmodels,spec,harvey_collier,SRNA,-0.10224123659871333,0.9186066006130944,
statsmodels,spec,rainbow,SRNA,1.109383988890013,0.20701489595170083,
statsmodels,spec,reset,ELLT,2.082966617226357,0.14958169252526976,
statsmodels,spec,harvey_collier,ELLT,-1.4686721376128995,0.1425569220640765,
statsmodels,spec,rainbow,ELLT,0.9178154376859343,0.7503099374836723,
statsmodels,spec,reset,AMRP,0.28596769849214243,0.5930558222144289,
statsmodels,spec,harvey_collier,AMRP,1.625233135819566,0.10474937904606808,
statsmodels,spec,rainbow,AMRP,1.2302518569831724,0.05159658004015007,
statsmodels,spec,reset,OTCS,0.06844604827960815,0.7937215186370074,
statsmodels,spec,harvey_collier,OTCS,0.7165361444575133,0.47399827883092843,
statsmodels,spec,rainbow,OTCS,1.1082326198407264,0.20935719204086004,
statsmodels,spec,reset,HETT,0.02049814615726505,0.8862126948497725,
statsmodels,spec,harvey_collier,HETT,-0.8882532610515578,0.37483594635521467,
statsmodels,spec,rainbow,HETT,0.7747076064234423,0.9776790613635478,
statsmodels,spec,reset,HUXZ,0.09992489439005879,0.7520527607828582,
statsmodels,spec,harvey_collier,HUXZ,-0.3409516619934022,0.733284637250329,
statsmodels,spec,rainbow,HUXZ,1.152486927898985,0.13208390038645376,
statsmodels,spec,reset,DUCT,2.9038264575557804,0.08899585695435591,
statsmodels,spec,harvey_collier,DUCT,-0.15032892485314792,0.8805663491194635,
statsmodels,spec,rainbow,DUCT,0.9053170429920793,0.7833001119665635,
statsmodels,spec,reset,SMAH,0.7847406847026382,0.3761244514934681,
statsmodels,spec,harvey_collier,SMAH,0.049533062244573364,0.9605144694783971,
statsmodels,spec,rainbow,SMAH,0.9159943704035988,0.7552483699582255,
statsmodels,spec,reset,NPCK,0.035158954873965774,0.8513396479059873,
statsmodels,spec,harvey_collier,NPCK,-0.10861802039178381,0.9135494818200804,
statsmodels,spec,rainbow,NPCK,1.0542272416105813,0.33888721971176206,
statsmodels,spec,reset,MSDP,2.0456203090930543,0.15327438118859732,
statsmodels,spec,harvey_collier,MSDP,-0.39224973180499767,0.695042534051037,
statsmodels,spec,rainbow,MSDP,1.1286601105682175,0.1704667144257063,
statsmodels,spec,reset,EORC,0.6842356601306636,0.40852976693778964,
statsmodels,spec,harvey_collier,EORC,-1.1637693616848923,0.24507813106153026,
statsmodels,spec,rainbow,EORC,0.9071484929056393,0.7786021980911969,
statsmodels,spec,reset,CUBO,0.020237262584016032,0.8869341967860371,
statsmodels,spec,harvey_collier,CUBO,1.440840567313386,0.15026196540836073,
statsmodels,spec,rainbow,CUBO,1.0126735953762724,0.46060637472072624,
statsmodels,spec,reset,HRET,2.459168812570396,0.1174783084017572,
statsmodels,spec,harvey_collier,HRET,0.7252267402693885,0.4686556371985629,
statsmodels,spec,rainbow,HRET,0.8331324500243348,0.9246407817647948,
statsmodels,spec,reset,ANSO,0.5862267564283963,0.4442461131149141,
statsmodels,spec,harvey_collier,ANSO,-0.32422258073647275,0.7459064839250367,
statsmodels,spec,rainbow,ANSO,0.8707611242179321,0.8620595580177175,
statsmodels,spec,reset,DIHO,0.020357024802617488,0.8866023957393646,
statsmodels,spec,harvey_collier,DIHO,0.01584823743094264,0.9873618509348653,
statsmodels,spec,rainbow,DIHO,0.821538052309746,0.9390853549160015,
statsmodels,spec,reset,RTTH,3.442437664332135,0.06413492892810187,
statsmodels,spec,harvey_collier,RTTH,0.05450121945976158,0.9565578264790457,
statsmodels,spec,rainbow,RTTH,0.8670401710254091,0.8693462569200803,
statsmodels,spec,reset,SPLZ,5.394683115293529,0.02060193550889003,
statsmodels,spec,harvey_collier,SPLZ,-0.9217365176555681,0.3571150461365794,
statsmodels,spec,rainbow,SPLZ,1.4895964925027907,0.0008859956457371837,
statsmodels,spec,reset,NWIG,0.1616209370391906,0.6878417005202904,
statsmodels,spec,harvey_collier,NWIG,-0.08546578032268395,0.931925655867608,
statsmodels,spec,rainbow,NWIG,1.0123074586193228,0.461736878752033,
statsmodels,spec,reset,MMBT,2.2379588981078125,0.13529462232907857,
statsmodels,spec,harvey_collier,MMBT,-0.3602714570056974,0.718797815294467,
statsmodels,spec,rainbow,MMBT,1.1007703373946969,0.22497479632839393,
statsmodels,spec,reset,MDGI,0.05452447376342726,0.8154658102049392,
statsmodels,spec,harvey_collier,MDGI,-1.0533498040143698,0.2926945965476067,
statsmodels,spec,rainbow,MDGI,1.0931459236396652,0.24171052691089873,
statsmodels,spec,reset,AGVF,0.10867412089225836,0.7417978794232383,
statsmodels,spec,harvey_collier,AGVF,0.4228844257352149,0.6725632351392119,
statsmodels,spec,rainbow,AGVF,1.1515214965958869,0.13349826051428565,
statsmodels,spec,reset,RRES,0.3224997784990942,0.5703661991975219,
statsmodels,spec,harvey_collier,RRES,0.5842469139303356,0.5593203619434011,
statsmodels,spec,rainbow,RRES,0.8927203188017458,0.8142481658728543,
statsmodels,spec,reset,CTGI,0.709865628592404,0.39989450281483513,
statsmodels,spec,harvey_collier,CTGI,-0.19646569692044077,0.84432631267624,
statsmodels,spec,rainbow,CTGI,1.2250108660612267,0.05523847549446747,
statsmodels,spec,reset,ALUT,0.007526999821592355,0.930898659534123,
statsmodels,spec,harvey_collier,ALUT,-0.7450087316209513,0.45662001321734214,
statsmodels,spec,rainbow,ALUT,0.9585098021107555,0.6307786706750038,
statsmodels,spec,reset,ACAC,0.47244753442771015,0.49218460072197406,
statsmodels,spec,harvey_collier,ACAC,-0.3459580759317782,0.7295212108554947,
statsmodels,spec,rainbow,ACAC,0.9447098718782259,0.6729581802083368,
statsmodels,spec,reset,SRTX,0.006284392262639006,0.9368465322965097,
statsmodels,spec,harvey_collier,SRTX,-0.9331117116258887,0.3512172114016613,
statsmodels,spec,rainbow,SRTX,1.0279252800804077,0.4142596128344345,
statsmodels,spec,reset,GARI,0.4951289873895815,0.48197843998689305,
statsmodels,spec,harvey_collier,GARI,0.09367380230729351,0.9254061842721443,
statsmodels,spec,rainbow,GARI,1.1447761371659,0.14370634256406822,
statsmodels,spec,reset,RCRI,2.0777150556700072,0.15009479993794608,
statsmodels,spec,harvey_collier,RCRI,0.2472582517839896,0.8048108854990778,
statsmodels,spec,rainbow,RCRI,1.0231211194951237,0.4286867958074054,
statsmodels,spec,reset,ACIX,0.15231359217304807,0.6965016873870533,
statsmodels,spec,harvey_collier,ACIX,0.12935245424692696,0.8971313101319897,
statsmodels,spec,rainbow,ACIX,1.0332043713440846,0.398616193728554,
statsmodels,spec,reset,CCNS,0.1380039250937932,0.7104321345219119,
statsmodels,spec,harvey_collier,CCNS,-0.4795697409505645,0.6317451798026572,
statsmodels,spec,rainbow,CCNS,0.9004994011039776,0.7954223795288545,
statsmodels,spec,reset,MTNS,1.2583356556584913,0.26250912411007293,
statsmodels,spec,harvey_collier,MTNS,1.1574054263989566,0.24766494122607863,
statsmodels,spec,rainbow,MTNS,1.2451913064455138,0.042327123869280996,
statsmodels,spec,reset,IHOZ,0.22310283101207937,0.6368935665263455,
statsmodels,spec,harvey_collier,IHOZ,-0.24795964416696437,0.8042684571870727,
statsmodels,spec,rainbow,IHOZ,1.0409081317364142,0.3762241781033359,
statsmodels,spec,reset,NAYO,1.1692172642992091,0.2800875753538838,
statsmodels,spec,harvey_collier,NAYO,-0.2656399120762887,0.790627140904928,
statsmodels,spec,rainbow,NAYO,0.8498176150784131,0.8999211767594648,
statsmodels,spec,reset,FWWG,0.6880516009870096,0.40722691656010623,
statsmodels,spec,harvey_collier,FWWG,0.16740198406559698,0.8671221302977502,
statsmodels,spec,rainbow,FWWG,1.100032555347411,0.2265599247610593,
statsmodels,spec,reset,EELT,2.0788994456398617,0.14997890426100177,
statsmodels,spec,harvey_collier,EELT,-1.0876855141612354,0.27726328128150696,
statsmodels,spec,rainbow,EELT,0.9543871794167305,0.6435090877323019,
statsmodels,spec,reset,HRND,1.2932826723147626,0.25599295692743435,
statsmodels,spec,harvey_collier,HRND,-0.8370360487411372,0.40297622718441417,
statsmodels,spec,rainbow,HRND,1.1008188097882021,0.22487091129029158,
statsmodels,spec,reset,AETS,0.651128241013059,0.42009634771786364,
statsmodels,spec,harvey_collier,AETS,1.2746045459790962,0.20304724871814375,
statsmodels,spec,rainbow,AETS,1.0932041326012871,0.2415797915199067,
statsmodels,spec,reset,ULXY,2.095686285417001,0.14834712639646191,
statsmodels,spec,harvey_collier,ULXY,-0.5229119645637174,0.6012694912223132,
statsmodels,spec,rainbow,ULXY,1.2563057078585234,0.036405202141927114,
statsmodels,spec,reset,BLBT,0.7568652999067147,0.38473212405489327,
statsmodels,spec,harvey_collier,BLBT,0.31996045456222066,0.749133313946754,
statsmodels,spec,rainbow,BLBT,1.2002969541790158,0.07549961076537537,
statsmodels,spec,reset,BENI,0.00425882022575197,0.9479935726173584,
statsmodels,spec,harvey_collier,BENI,2.1410982450536187,0.03275383106191534,
statsmodels,spec,rainbow,BENI,0.9951618257640867,0.5153328497622844,
statsmodels,spec,reset,ITPA,0.005817307238860275,0.939234033524685,
statsmodels,spec,harvey_collier,ITPA,-0.31290196451844837,0.7544869312213194,
statsmodels,spec,rainbow,ITPA,0.9256079409896322,0.7287089487661318,
statsmodels,spec,reset,HTRK,6.011023682590291,0.014560546394285797,
statsmodels,spec,harvey_collier,HTRK,0.5605860105504911,0.5753334278561889,
statsmodels,spec,rainbow,HTRK,0.9317319265249157,0.7112361799666769,
statsmodels,spec,reset,NGTE,0.8329398956448377,0.3618671846961328,
statsmodels,spec,harvey_collier,NGTE,-1.0529767023767516,0.2928653941667704,
statsmodels,spec,rainbow,NGTE,0.8825447621425266,0.8374094429745815,
statsmodels,spec,reset,ILVX,3.280625189214657,0.07070700239791027,
statsmodels,spec,harvey_collier,ILVX,-0.07094599647239122,0.9434693893356528,
statsmodels,spec,rainbow,ILVX,0.9618320140794254,0.6204539234892248,
statsmodels,spec,reset,FCSG,0.4989702675166192,0.48028460145218416,
statsmodels,spec,harvey_collier,FCSG,1.0343112068317548,0.3014957398514061,
statsmodels,spec,rainbow,FCSG,0.9639175160460534,0.6139462409482641,
statsmodels,spec,reset,FARS,0.12282710355095247,0.7261370546845414,
statsmodels,spec,harvey_collier,FARS,2.012466320033863,0.044711913665390096,
statsmodels,spec,rainbow,FARS,1.0353927975883859,0.3922005449189599,
statsmodels,spec,reset,MHRM,0.10583760715666406,0.7450708416760845,
statsmodels,spec,harvey_collier,MHRM,0.5090958730587526,0.6109118775414589,
statsmodels,spec,rainbow,MHRM,0.984097887128595,0.5503217318466035,
statsmodels,spec,reset,EAFC,2.014643899593938,0.1564159532614618,
statsmodels,spec,harvey_collier,EAFC,0.14618415645804178,0.8838355247379296,
statsmodels,spec,rainbow,EAFC,0.979924709644794,0.5635341802917236,
statsmodels,break,cusum_olsresid,ALGO,0.46427801807753527,0.9823528685884285,
statsmodels,break,cusum_olsresid,AENO,0.6512680416401898,0.790046492573932,
statsmodels,break,cusum_olsresid,LSST,0.5950872071693395,0.8707202437470027,
statsmodels,break,cusum_olsresid,SRNA,0.843528257927622,0.475203393167503,
statsmodels,break,cusum_olsresid,ELLT,0.46905835674909535,0.9803830623309562,
statsmodels,break,cusum_olsresid,AMRP,0.5534056955545805,0.9193554512401786,
statsmodels,break,cusum_olsresid,OTCS,0.6595169018698471,0.7771265667246642,
statsmodels,break,cusum_olsresid,HETT,0.6558905009119107,0.7828329184384868,
statsmodels,break,cusum_olsresid,HUXZ,0.5423580426075807,0.9302836947553056,
statsmodels,break,cusum_olsresid,DUCT,0.786293246901223,0.5665960343502827,
statsmodels,break,cusum_olsresid,SMAH,0.7500828764607194,0.6270275240668897,
statsmodels,break,cusum_olsresid,NPCK,0.634699573287813,0.8152845152820217,
statsmodels,break,cusum_olsresid,MSDP,0.5933541386648186,0.872958375086826,
statsmodels,break,cusum_olsresid,EORC,0.6218777381234915,0.8340578771342705,
statsmodels,break,cusum_olsresid,CUBO,0.5864335582350033,0.8817201877680679,
statsmodels,break,cusum_olsresid,HRET,0.6879589410029034,0.7311757176026423,
statsmodels,break,cusum_olsresid,ANSO,0.6573474672530171,0.7805451413226054,
statsmodels,break,cusum_olsresid,DIHO,0.5283843889534913,0.9428448478216598,
statsmodels,break,cusum_olsresid,RTTH,0.4120712821307976,0.9957464232671844,
statsmodels,break,cusum_olsresid,SPLZ,0.5745922420958794,0.8960332486679631,
statsmodels,break,cusum_olsresid,NWIG,0.7111863468980243,0.6925416174602945,
statsmodels,break,cusum_olsresid,MMBT,0.5171075894094563,0.9519369742026775,
statsmodels,break,cusum_olsresid,MDGI,0.39596775614231416,0.9975778645493943,
statsmodels,break,cusum_olsresid,AGVF,0.8455945671550206,0.4720362701612068,
statsmodels,break,cusum_olsresid,RRES,0.6053932454483362,0.8570618631236915,
statsmodels,break,cusum_olsresid,CTGI,0.470003080516614,0.9799766213233267,
statsmodels,break,cusum_olsresid,ALUT,0.502676684177327,0.9622073716865538,
statsmodels,break,cusum_olsresid,ACAC,0.4857970982524038,0.9723095601796753,
statsmodels,break,cusum_olsresid,SRTX,0.5119305010344618,0.9557971971058833,
statsmodels,break,cusum_olsresid,GARI,0.5261691843156365,0.9447048538143507,
statsmodels,break,cusum_olsresid,RCRI,0.6209447870270286,0.8353952326286556,
statsmodels,break,cusum_olsresid,ACIX,0.5263291629116708,0.9445717370446066,
statsmodels,break,cusum_olsresid,CCNS,0.5199300295519576,0.9497492879267196,
statsmodels,break,cusum_olsresid,MTNS,0.40659500942327453,0.9964600639324679,
statsmodels,break,cusum_olsresid,IHOZ,0.6247826679098184,0.8298680661719486,
statsmodels,break,cusum_olsresid,NAYO,0.3505674150095973,0.9996876259926217,
statsmodels,break,cusum_olsresid,FWWG,0.47441532373132195,0.978001918097484,
statsmodels,break,cusum_olsresid,EELT,0.3723326562274744,0.9990809985496325,
statsmodels,break,cusum_olsresid,HRND,0.5712788287868841,0.8998786635712538,
statsmodels,break,cusum_olsresid,AETS,0.671871629272388,0.7574040271559984,
statsmodels,break,cusum_olsresid,ULXY,0.4303324153792254,0.9925520634383926,
statsmodels,break,cusum_olsresid,BLBT,0.4058121445674071,0.9965539942834521,
statsmodels,break,cusum_olsresid,BENI,0.4867636473565286,0.971785405752682,
statsmodels,break,cusum_olsresid,ITPA,0.39491467080471826,0.997671341520026,
statsmodels,break,cusum_olsresid,HTRK,0.4391034238554391,0.9905004492489055,
statsmodels,break,cusum_olsresid,NGTE,0.6621263749676018,0.772996042434509,
statsmodels,break,cusum_olsresid,ILVX,0.9552193242177027,0.3211198943977384,
statsmodels,break,cusum_olsresid,FCSG,0.4316773693195355,0.9922610623259945,
statsmodels,break,cusum_olsresid,FARS,0.46996025361350535,0.9799951703024677,
statsmodels,break,cusum_olsresid,MHRM,0.42458044955913704,0.9937055622654978,
statsmodels,break,cusum_olsresid,EAFC,0.6007262544492811,0.8633196690413878,
statsmodels,robust,medcouple,ALGO,-0.0072660890737372376,,
statsmodels,robust,robust_skewness,ALGO,-0.05715885750630744,,
statsmodels,robust,robust_kurtosis,ALGO,-0.16040669627462112,,
statsmodels,normality,omni_normtest,ALGO,0.7012792655922336,0.7042374922293252,
statsmodels,robust,medcouple,AENO,0.0093313094871207,,
statsmodels,robust,robust_skewness,AENO,-0.11953114056897526,,
statsmodels,robust,robust_kurtosis,AENO,0.5383493215023925,,
statsmodels,normality,omni_normtest,AENO,5.902546275396489,0.05227311269585954,
statsmodels,robust,medcouple,LSST,-0.04240534354222511,,
statsmodels,robust,robust_skewness,LSST,0.11669827600974592,,
statsmodels,robust,robust_kurtosis,LSST,-0.2285293929331056,,
statsmodels,normality,omni_normtest,LSST,2.2326828894378203,0.3274756935860759,
statsmodels,robust,medcouple,SRNA,0.08769409340488943,,
statsmodels,robust,robust_skewness,SRNA,0.09636319767465558,,
statsmodels,robust,robust_kurtosis,SRNA,-0.18195518231621488,,
statsmodels,normality,omni_normtest,SRNA,1.3825746763107096,0.5009307864920889,
statsmodels,robust,medcouple,ELLT,0.024308771686694337,,
statsmodels,robust,robust_skewness,ELLT,-0.0583142473774842,,
statsmodels,robust,robust_kurtosis,ELLT,-0.03385394385657703,,
statsmodels,normality,omni_normtest,ELLT,0.2906114851619426,0.8647578593886323,
statsmodels,robust,medcouple,AMRP,-0.008441743592071001,,
statsmodels,robust,robust_skewness,AMRP,-0.1409087275896708,,
statsmodels,robust,robust_kurtosis,AMRP,0.12588013773768614,,
statsmodels,normality,omni_normtest,AMRP,2.1894990848490794,0.3346234054210025,
statsmodels,robust,medcouple,OTCS,-0.03322933389816217,,
statsmodels,robust,robust_skewness,OTCS,-0.03463447592491974,,
statsmodels,robust,robust_kurtosis,OTCS,-0.09777042662626556,,
statsmodels,normality,omni_normtest,OTCS,0.20385407907531178,0.903095439526052,
statsmodels,robust,medcouple,HETT,-0.031906869579487546,,
statsmodels,robust,robust_skewness,HETT,0.021364692160052365,,
statsmodels,robust,robust_kurtosis,HETT,0.23806933497827654,,
statsmodels,normality,omni_normtest,HETT,1.3720554380487544,0.5035724325763768,
statsmodels,robust,medcouple,HUXZ,-0.0025441317027997566,,
statsmodels,robust,robust_skewness,HUXZ,-0.025481702873554567,,
statsmodels,robust,robust_kurtosis,HUXZ,-0.02108106080411032,,
statsmodels,normality,omni_normtest,HUXZ,0.059139693830129826,0.9708630634829822,
statsmodels,robust,medcouple,DUCT,-0.00862834724844719,,
statsmodels,robust,robust_skewness,DUCT,0.1341817208076087,,
statsmodels,robust,robust_kurtosis,DUCT,0.5352978614363266,,
statsmodels,normality,omni_normtest,DUCT,6.176152148759437,0.04558958104701557,
statsmodels,robust,medcouple,SMAH,0.0038007689927933913,,
statsmodels,robust,robust_skewness,SMAH,0.09207494195278948,,
statsmodels,robust,robust_kurtosis,SMAH,-0.20345638612388317,,
statsmodels,normality,omni_normtest,SMAH,1.516191721379982,0.4685577773958872,
statsmodels,robust,medcouple,NPCK,-0.03677802448725424,,
statsmodels,robust,robust_skewness,NPCK,-0.036595628310887425,,
statsmodels,robust,robust_kurtosis,NPCK,-0.23698747736909098,,
statsmodels,normality,omni_normtest,NPCK,1.2954895041009846,0.5232244480270092,
statsmodels,robust,medcouple,MSDP,-0.047684514269248926,,
statsmodels,robust,robust_skewness,MSDP,0.06742972842265973,,
statsmodels,robust,robust_kurtosis,MSDP,-0.20934247578149812,,
statsmodels,normality,omni_normtest,MSDP,1.2432571141197177,0.5370690773635292,
statsmodels,robust,medcouple,EORC,0.01901275957013534,,
statsmodels,robust,robust_skewness,EORC,-0.04847819526279787,,
statsmodels,robust,robust_kurtosis,EORC,-0.07995922548775614,,
statsmodels,normality,omni_normtest,EORC,0.2528265234105473,0.8812505844014706,
statsmodels,robust,medcouple,CUBO,-0.0018867411634456263,,
statsmodels,robust,robust_skewness,CUBO,-0.07014998807328918,,
statsmodels,robust,robust_kurtosis,CUBO,0.034178968305412116,,
statsmodels,normality,omni_normtest,CUBO,0.5195796603096682,0.7712136546263627,
statsmodels,robust,medcouple,HRET,-0.07039447461518958,,
statsmodels,robust,robust_skewness,HRET,-0.23610786870694866,,
statsmodels,robust,robust_kurtosis,HRET,-0.06220806225974762,,
statsmodels,normality,omni_normtest,HRET,4.669191102974328,0.0968496453012741,
statsmodels,robust,medcouple,ANSO,-0.021424049449269896,,
statsmodels,robust,robust_skewness,ANSO,-0.111211033666225,,
statsmodels,robust,robust_kurtosis,ANSO,0.5206380731792377,,
statsmodels,normality,omni_normtest,ANSO,5.510814939766636,0.06358310618878926,
statsmodels,robust,medcouple,DIHO,-0.04290277176448752,,
statsmodels,robust,robust_skewness,DIHO,0.10434476314193583,,
statsmodels,robust,robust_kurtosis,DIHO,-0.17820291120567244,,
statsmodels,normality,omni_normtest,DIHO,1.4865875594826612,0.47554499263343053,
statsmodels,robust,medcouple,RTTH,-0.007512370151770627,,
statsmodels,robust,robust_skewness,RTTH,0.11823658135295816,,
statsmodels,robust,robust_kurtosis,RTTH,0.01543228367642513,,
statsmodels,normality,omni_normtest,RTTH,1.24165780575904,0.537498718655707,
statsmodels,robust,medcouple,SPLZ,0.09313421609938843,,
statsmodels,robust,robust_skewness,SPLZ,-0.06765310667480234,,
statsmodels,robust,robust_kurtosis,SPLZ,-0.014686766315954003,,
statsmodels,normality,omni_normtest,SPLZ,0.3990333484013127,0.8191265624183882,
statsmodels,robust,medcouple,NWIG,0.014204686090121092,,
statsmodels,robust,robust_skewness,NWIG,-0.04884555448371725,,
statsmodels,robust,robust_kurtosis,NWIG,0.0633849224796279,,
statsmodels,normality,omni_normtest,NWIG,0.4019281524093719,0.8179418146004075,
statsmodels,robust,medcouple,MMBT,0.04499826413925109,,
statsmodels,robust,robust_skewness,MMBT,0.10367413081149332,,
statsmodels,robust,robust_kurtosis,MMBT,0.2664310193174182,,
statsmodels,normality,omni_normtest,MMBT,2.503572231984099,0.2859935227940347,
statsmodels,robust,medcouple,MDGI,0.04514223667882193,,
statsmodels,robust,robust_skewness,MDGI,-0.0896091616551025,,
statsmodels,robust,robust_kurtosis,MDGI,-0.23599456062608803,,
statsmodels,normality,omni_normtest,MDGI,1.852830166784511,0.3959706908814991,
statsmodels,robust,medcouple,AGVF,0.06753520131181395,,
statsmodels,robust,robust_skewness,AGVF,-0.02010630119808998,,
statsmodels,robust,robust_kurtosis,AGVF,0.2337995139569733,,
statsmodels,normality,omni_normtest,AGVF,1.33061865414427,0.5141144735831713,
statsmodels,robust,medcouple,RRES,-0.037780433174096587,,
statsmodels,robust,robust_skewness,RRES,-0.08924767249011378,,
statsmodels,robust,robust_kurtosis,RRES,-0.11293354531591904,,
statsmodels,normality,omni_normtest,RRES,0.8363847244240258,0.658235596590242,
statsmodels,robust,medcouple,CTGI,-0.007955802700415755,,
statsmodels,robust,robust_skewness,CTGI,-0.14424883761953847,,
statsmodels,robust,robust_kurtosis,CTGI,-0.09611923208185447,,
statsmodels,normality,omni_normtest,CTGI,1.859590795829002,0.394634445142554,
statsmodels,robust,medcouple,ALUT,-0.022560070872609278,,
statsmodels,robust,robust_skewness,ALUT,0.12537326276896305,,
statsmodels,robust,robust_kurtosis,ALUT,0.12325153996609872,,
statsmodels,normality,omni_normtest,ALUT,1.825903777957956,0.4013377692159188,
statsmodels,robust,medcouple,ACAC,0.018868344064776565,,
statsmodels,robust,robust_skewness,ACAC,0.041187851398421654,,
statsmodels,robust,robust_kurtosis,ACAC,-0.2451115320197772,,
statsmodels,normality,omni_normtest,ACAC,1.4340472025351456,0.488203182955111,
statsmodels,robust,medcouple,SRTX,0.016692882379504295,,
statsmodels,robust,robust_skewness,SRTX,0.08342802569550262,,
statsmodels,robust,robust_kurtosis,SRTX,-0.25959583510688855,,
statsmodels,normality,omni_normtest,SRTX,2.0898881865739973,0.3517114818613051,
statsmodels,robust,medcouple,GARI,0.09508457753065677,,
statsmodels,robust,robust_skewness,GARI,-0.05754533556277725,,
statsmodels,robust,robust_kurtosis,GARI,-0.3383772004006822,,
statsmodels,normality,omni_normtest,GARI,3.2702286123492303,0.19493008831295283,
statsmodels,robust,medcouple,RCRI,0.0342512271098135,,
statsmodels,robust,robust_skewness,RCRI,-0.0647241734978182,,
statsmodels,robust,robust_kurtosis,RCRI,-0.16861057325298656,,
statsmodels,normality,omni_normtest,RCRI,0.8405239717642248,0.6568747053711401,
statsmodels,robust,medcouple,ACIX,0.008927094466871368,,
statsmodels,robust,robust_skewness,ACIX,0.0964073753027877,,
statsmodels,robust,robust_kurtosis,ACIX,-0.12018385750141825,,
statsmodels,normality,omni_normtest,ACIX,0.9806857066902687,0.612416389178369,
statsmodels,robust,medcouple,CCNS,0.05905532156357715,,
statsmodels,robust,robust_skewness,CCNS,0.21756506835935524,,
statsmodels,robust,robust_kurtosis,CCNS,0.14413791688704958,,
statsmodels,normality,omni_normtest,CCNS,4.581448604552397,0.10119314088153908,
statsmodels,robust,medcouple,MTNS,0.011566994305136694,,
statsmodels,robust,robust_skewness,MTNS,0.0005551317318134627,,
statsmodels,robust,robust_kurtosis,MTNS,-0.04408643460021899,,
statsmodels,normality,omni_normtest,MTNS,0.0025843985559311604,0.998708635252023,
statsmodels,robust,medcouple,IHOZ,0.08174184274373122,,
statsmodels,robust,robust_skewness,IHOZ,0.08365657812965202,,
statsmodels,robust,robust_kurtosis,IHOZ,0.34745364598033257,,
statsmodels,normality,omni_normtest,IHOZ,2.997748673769168,0.22338147095876393,
statsmodels,robust,medcouple,NAYO,0.10166617759746946,,
statsmodels,robust,robust_skewness,NAYO,-0.020774640448335515,,
statsmodels,robust,robust_kurtosis,NAYO,-0.20728584634691538,,
statsmodels,normality,omni_normtest,NAYO,0.8700523974368927,0.6472477097953921,
statsmodels,robust,medcouple,FWWG,0.057641003630258335,,
statsmodels,robust,robust_skewness,FWWG,-0.12526351071680833,,
statsmodels,robust,robust_kurtosis,FWWG,-0.2689357895755684,,
statsmodels,normality,omni_normtest,FWWG,2.9730103411599904,0.22616167246318497,
statsmodels,robust,medcouple,EELT,0.07603662909042376,,
statsmodels,robust,robust_skewness,EELT,0.10996200011650985,,
statsmodels,robust,robust_kurtosis,EELT,0.07104753813600428,,
statsmodels,normality,omni_normtest,EELT,1.2579227298421167,0.5331452569037805,
statsmodels,robust,medcouple,HRND,-0.09115414994791676,,
statsmodels,robust,robust_skewness,HRND,-0.009978436107949393,,
statsmodels,robust,robust_kurtosis,HRND,-0.13963850665896604,,
statsmodels,normality,omni_normtest,HRND,0.29722704757462837,0.8619021552193871,
statsmodels,robust,medcouple,AETS,-0.022437882891738627,,
statsmodels,robust,robust_skewness,AETS,0.1367651479851091,,
statsmodels,robust,robust_kurtosis,AETS,-0.2215685022241871,,
statsmodels,normality,omni_normtest,AETS,2.578331290073477,0.2755005524751482,
statsmodels,robust,medcouple,ULXY,0.012946899702055543,,
statsmodels,robust,robust_skewness,ULXY,0.06736378651633323,,
statsmodels,robust,robust_kurtosis,ULXY,0.19090353053858156,,
statsmodels,normality,omni_normtest,ULXY,1.334827394124158,0.513033724060828,
statsmodels,robust,medcouple,BLBT,0.017114815380197927,,
statsmodels,robust,robust_skewness,BLBT,-0.04082876535508606,,
statsmodels,robust,robust_kurtosis,BLBT,-0.06833029564950355,,
statsmodels,normality,omni_normtest,BLBT,0.17135539114757747,0.9178900235673699,
statsmodels,robust,medcouple,BENI,-0.07451772088632849,,
statsmodels,robust,robust_skewness,BENI,-0.0649033752430258,,
statsmodels,robust,robust_kurtosis,BENI,0.0859556054201307,,
statsmodels,normality,omni_normtest,BENI,0.654487067040207,0.7209081563458675,
statsmodels,robust,medcouple,ITPA,-0.002352540251330469,,
statsmodels,robust,robust_skewness,ITPA,0.1441350887651183,,
statsmodels,robust,robust_kurtosis,ITPA,-0.2737067892290277,,
statsmodels,normality,omni_normtest,ITPA,3.477386430147498,0.17574991796301473,
statsmodels,robust,medcouple,HTRK,-0.004623984327340777,,
statsmodels,robust,robust_skewness,HTRK,0.043934696260904495,,
statsmodels,robust,robust_kurtosis,HTRK,-0.11896560777264353,,
statsmodels,normality,omni_normtest,HTRK,0.3481847131939817,0.8402192942801489,
statsmodels,robust,medcouple,NGTE,0.047367376061792255,,
statsmodels,robust,robust_skewness,NGTE,0.011740674796464822,,
statsmodels,robust,robust_kurtosis,NGTE,-0.2461305022069702,,
statsmodels,normality,omni_normtest,NGTE,1.3147071358951425,0.5182209579379746,
statsmodels,robust,medcouple,ILVX,0.09121317690468941,,
statsmodels,robust,robust_skewness,ILVX,0.21096450567875769,,
statsmodels,robust,robust_kurtosis,ILVX,0.023532726958210404,,
statsmodels,normality,omni_normtest,ILVX,3.802502380410158,0.14938159745557622,
statsmodels,robust,medcouple,FCSG,-0.0917770599831647,,
statsmodels,robust,robust_skewness,FCSG,-0.14625507147619848,,
statsmodels,robust,robust_kurtosis,FCSG,-0.10582017540766886,,
statsmodels,normality,omni_normtest,FCSG,1.941856884070861,0.3787312448110157,
statsmodels,robust,medcouple,FARS,-0.02198712826519065,,
statsmodels,robust,robust_skewness,FARS,-0.046457629104331155,,
statsmodels,robust,robust_kurtosis,FARS,0.07798162909136908,,
statsmodels,normality,omni_normtest,FARS,0.44306879498557783,0.8012883593633291,
statsmodels,robust,medcouple,MHRM,-0.03666464361069571,,
statsmodels,robust,robust_skewness,MHRM,-0.1236522309926294,,
statsmodels,robust,robust_kurtosis,MHRM,-0.13149500878038856,,
statsmodels,normality,omni_normtest,MHRM,1.5433006715397344,0.46224957146904144,
statsmodels,robust,medcouple,EAFC,-0.03089380186630599,,
statsmodels,robust,robust_skewness,EAFC,-0.04356954958015444,,
statsmodels,robust,robust_kurtosis,EAFC,-0.47042253633979403,,
statsmodels,normality,omni_normtest,EAFC,7.444950680991783,0.024174054707007956,
statsmodels,model,arma_bic_order,ALGO,,,"order=(np.int64(0), np.int64(0))"
statsmodels,model,ar1_coef,ALGO,0.00694182061336652,0.8773516720847262,
statsmodels,model,arma_bic_order,AENO,,,"order=(np.int64(0), np.int64(0))"
statsmodels,model,ar1_coef,AENO,0.031207529959053345,0.5113830532709385,
statsmodels,model,arma_bic_order,LSST,,,"order=(np.int64(0), np.int64(0))"
statsmodels,model,ar1_coef,LSST,0.010809494377231745,0.8030282497225549,
statsmodels,model,arma_bic_order,SRNA,,,"order=(np.int64(0), np.int64(0))"
statsmodels,model,ar1_coef,SRNA,0.027323150866901316,0.5531277224161791,
statsmodels,model,arma_bic_order,ELLT,,,"order=(np.int64(0), np.int64(0))"
statsmodels,model,ar1_coef,ELLT,0.03899484900196064,0.387176898260958,
statsmodels,model,arma_bic_order,AMRP,,,"order=(np.int64(0), np.int64(0))"
statsmodels,model,ar1_coef,AMRP,0.056579801982301246,0.20451587498585733,
statsmodels,model,arma_bic_order,OTCS,,,"order=(np.int64(0), np.int64(0))"
statsmodels,model,ar1_coef,OTCS,-0.02187007669123737,0.6296824628870695,
statsmodels,model,arma_bic_order,HETT,,,"order=(np.int64(0), np.int64(0))"
statsmodels,model,ar1_coef,HETT,0.05638211984737955,0.2057909134008422,
statsmodels,model,arma_bic_order,HUXZ,,,"order=(np.int64(0), np.int64(0))"
statsmodels,model,ar1_coef,HUXZ,-0.03363809999388513,0.48624479953985367,
statsmodels,model,arma_bic_order,DUCT,,,"order=(np.int64(0), np.int64(0))"
statsmodels,model,ar1_coef,DUCT,-0.04737665719840563,0.32135493600044673,
statsmodels,model,arma_bic_order,SMAH,,,"order=(np.int64(0), np.int64(0))"
statsmodels,model,ar1_coef,SMAH,0.006123507725215754,0.8937868304057637,
statsmodels,model,arma_bic_order,NPCK,,,"order=(np.int64(0), np.int64(0))"
statsmodels,model,ar1_coef,NPCK,0.06964881345293686,0.1196486486241741,
statsmodels,model,arma_bic_order,MSDP,,,"order=(np.int64(0), np.int64(0))"
statsmodels,model,ar1_coef,MSDP,-0.010347388483011916,0.827586901679984,
statsmodels,model,arma_bic_order,EORC,,,"order=(np.int64(0), np.int64(0))"
statsmodels,model,ar1_coef,EORC,-0.021327096515165907,0.6249622796096939,
statsmodels,model,arma_bic_order,CUBO,,,"order=(np.int64(0), np.int64(0))"
statsmodels,model,ar1_coef,CUBO,-0.0671044227852482,0.13343070483028474,
statsmodels,model,arma_bic_order,HRET,,,"order=(np.int64(0), np.int64(0))"
statsmodels,model,ar1_coef,HRET,-0.08227539106198146,0.07266877120551671,
statsmodels,model,arma_bic_order,ANSO,,,"order=(np.int64(0), np.int64(1))"
statsmodels,model,ar1_coef,ANSO,-0.12023474791738842,0.003418216705104519,
statsmodels,model,arma_bic_order,DIHO,,,"order=(np.int64(0), np.int64(0))"
statsmodels,model,ar1_coef,DIHO,0.030012586513522694,0.5235807105272576,
statsmodels,model,arma_bic_order,RTTH,,,"order=(np.int64(0), np.int64(0))"
statsmodels,model,ar1_coef,RTTH,0.05272259302638574,0.24582940690819255,
statsmodels,model,arma_bic_order,SPLZ,,,"order=(np.int64(0), np.int64(0))"
statsmodels,model,ar1_coef,SPLZ,-0.025143502794675376,0.5768995419410223,
statsmodels,model,arma_bic_order,NWIG,,,"order=(np.int64(0), np.int64(0))"
statsmodels,model,ar1_coef,NWIG,-0.02451189415244359,0.5997657243536214,
statsmodels,model,arma_bic_order,MMBT,,,"order=(np.int64(0), np.int64(0))"
statsmodels,model,ar1_coef,MMBT,0.010771683249064619,0.8190971475087767,
statsmodels,model,arma_bic_order,MDGI,,,"order=(np.int64(0), np.int64(0))"
statsmodels,model,ar1_coef,MDGI,-0.018390800343271393,0.6804985663829467,
statsmodels,model,arma_bic_order,AGVF,,,"order=(np.int64(0), np.int64(0))"
statsmodels,model,ar1_coef,AGVF,-0.0541681699328313,0.22716194781479648,
statsmodels,model,arma_bic_order,RRES,,,"order=(np.int64(0), np.int64(0))"
statsmodels,model,ar1_coef,RRES,0.025699598524287895,0.5848383525200876,
statsmodels,model,arma_bic_order,CTGI,,,"order=(np.int64(0), np.int64(0))"
statsmodels,model,ar1_coef,CTGI,0.013697364628404497,0.7675214477495261,
statsmodels,model,arma_bic_order,ALUT,,,"order=(np.int64(0), np.int64(0))"
statsmodels,model,ar1_coef,ALUT,0.07194236506868971,0.14414461619952987,
statsmodels,model,arma_bic_order,ACAC,,,"order=(np.int64(0), np.int64(0))"
statsmodels,model,ar1_coef,ACAC,-0.04783621113077223,0.22759992204376156,
statsmodels,model,arma_bic_order,SRTX,,,"order=(np.int64(0), np.int64(0))"
statsmodels,model,ar1_coef,SRTX,0.025981171365895277,0.5916405842094457,
statsmodels,model,arma_bic_order,GARI,,,"order=(np.int64(0), np.int64(0))"
statsmodels,model,ar1_coef,GARI,0.005638330542097919,0.9030953752271662,
statsmodels,model,arma_bic_order,RCRI,,,"order=(np.int64(0), np.int64(0))"
statsmodels,model,ar1_coef,RCRI,0.06431526469689576,0.14147915719730067,
statsmodels,model,arma_bic_order,ACIX,,,"order=(np.int64(0), np.int64(0))"
statsmodels,model,ar1_coef,ACIX,0.05500320126294027,0.2018169232705831,
statsmodels,model,arma_bic_order,CCNS,,,"order=(np.int64(0), np.int64(0))"
statsmodels,model,ar1_coef,CCNS,-0.01132623742932488,0.8034159605856213,
statsmodels,model,arma_bic_order,MTNS,,,"order=(np.int64(0), np.int64(0))"
statsmodels,model,ar1_coef,MTNS,-0.002259653837687151,0.9565800820177388,
statsmodels,model,arma_bic_order,IHOZ,,,"order=(np.int64(0), np.int64(0))"
statsmodels,model,ar1_coef,IHOZ,0.05773338839632066,0.2709607265576176,
statsmodels,model,arma_bic_order,NAYO,,,"order=(np.int64(0), np.int64(0))"
statsmodels,model,ar1_coef,NAYO,-0.0067654971405446355,0.8692865080084425,
statsmodels,model,arma_bic_order,FWWG,,,"order=(np.int64(0), np.int64(0))"
statsmodels,model,ar1_coef,FWWG,0.0021217292779190993,0.9629440993722953,
statsmodels,model,arma_bic_order,EELT,,,"order=(np.int64(0), np.int64(0))"
statsmodels,model,ar1_coef,EELT,0.0025413181008128345,0.9554071777130232,
statsmodels,model,arma_bic_order,HRND,,,"order=(np.int64(0), np.int64(0))"
statsmodels,model,ar1_coef,HRND,-0.0006641305791427884,0.9890076283526353,
statsmodels,model,arma_bic_order,AETS,,,"order=(np.int64(0), np.int64(0))"
statsmodels,model,ar1_coef,AETS,-0.03435583919196814,0.4258199121937717,
statsmodels,model,arma_bic_order,ULXY,,,"order=(np.int64(0), np.int64(0))"
statsmodels,model,ar1_coef,ULXY,-0.032489629136601486,0.48103183678161754,
statsmodels,model,arma_bic_order,BLBT,,,"order=(np.int64(0), np.int64(0))"
statsmodels,model,ar1_coef,BLBT,-0.0710625769701767,0.10340542652451507,
statsmodels,model,arma_bic_order,BENI,,,"order=(np.int64(0), np.int64(0))"
statsmodels,model,ar1_coef,BENI,0.037517761199832245,0.41307778459580535,
statsmodels,model,arma_bic_order,ITPA,,,"order=(np.int64(0), np.int64(0))"
statsmodels,model,ar1_coef,ITPA,0.04440528615019259,0.3588250672369624,
statsmodels,model,arma_bic_order,HTRK,,,"order=(np.int64(0), np.int64(0))"
statsmodels,model,ar1_coef,HTRK,-0.05617034179810482,0.19978891866562798,
statsmodels,model,arma_bic_order,NGTE,,,"order=(np.int64(0), np.int64(0))"
statsmodels,model,ar1_coef,NGTE,-0.047630050842680786,0.2841390334076458,
statsmodels,model,arma_bic_order,ILVX,,,"order=(np.int64(0), np.int64(0))"
statsmodels,model,ar1_coef,ILVX,0.07355336505793908,0.12197839067990754,
statsmodels,model,arma_bic_order,FCSG,,,"order=(np.int64(0), np.int64(0))"
statsmodels,model,ar1_coef,FCSG,0.040755186607403564,0.3733300643899311,
statsmodels,model,arma_bic_order,FARS,,,"order=(np.int64(0), np.int64(0))"
statsmodels,model,ar1_coef,FARS,-0.058743653540554774,0.19713698268134094,
statsmodels,model,arma_bic_order,MHRM,,,"order=(np.int64(0), np.int64(0))"
statsmodels,model,ar1_coef,MHRM,-0.05805366851413476,0.19209068033372323,
statsmodels,model,arma_bic_order,EAFC,,,"order=(np.int64(0), np.int64(0))"
statsmodels,model,ar1_coef,EAFC,0.02434882870417434,0.5973966998729681,
statsmodels,seasonal,stl_seasonal_strength_p5,ALGO,0.05410264980718582,,
statsmodels,seasonal,stl_seasonal_strength_p5,AENO,0.11300199704671632,,
statsmodels,seasonal,stl_seasonal_strength_p5,LSST,0.07377910931352227,,
statsmodels,seasonal,stl_seasonal_strength_p5,SRNA,0.04142515174241834,,
statsmodels,seasonal,stl_seasonal_strength_p5,ELLT,0.012249894050497367,,
statsmodels,seasonal,stl_seasonal_strength_p5,AMRP,0.04074328279624406,,
statsmodels,seasonal,stl_seasonal_strength_p5,OTCS,0.05851374844775881,,
statsmodels,seasonal,stl_seasonal_strength_p5,HETT,0.027809037134647885,,
statsmodels,seasonal,stl_seasonal_strength_p5,HUXZ,0.09899175901636925,,
statsmodels,seasonal,stl_seasonal_strength_p5,DUCT,0.06400505083508579,,
statsmodels,seasonal,stl_seasonal_strength_p5,SMAH,0.052129549084934945,,
statsmodels,seasonal,stl_seasonal_strength_p5,NPCK,0,,
statsmodels,seasonal,stl_seasonal_strength_p5,MSDP,0.05058015749318767,,
statsmodels,seasonal,stl_seasonal_strength_p5,EORC,0.009210717208216757,,
statsmodels,seasonal,stl_seasonal_strength_p5,CUBO,0.0633937965311433,,
statsmodels,seasonal,stl_seasonal_strength_p5,HRET,0.10381804184660648,,
statsmodels,seasonal,stl_seasonal_strength_p5,ANSO,0,,
statsmodels,seasonal,stl_seasonal_strength_p5,DIHO,0.13050764175881702,,
statsmodels,seasonal,stl_seasonal_strength_p5,RTTH,0.014353897628622159,,
statsmodels,seasonal,stl_seasonal_strength_p5,SPLZ,0.06794349719600512,,
statsmodels,seasonal,stl_seasonal_strength_p5,NWIG,0.0010038297571383081,,
statsmodels,seasonal,stl_seasonal_strength_p5,MMBT,0.011334990494139108,,
statsmodels,seasonal,stl_seasonal_strength_p5,MDGI,0.035343277096968384,,
statsmodels,seasonal,stl_seasonal_strength_p5,AGVF,0.04386780779630628,,
statsmodels,seasonal,stl_seasonal_strength_p5,RRES,0.03505410463000702,,
statsmodels,seasonal,stl_seasonal_strength_p5,CTGI,0.06686735534249177,,
statsmodels,seasonal,stl_seasonal_strength_p5,ALUT,0.041991322602005554,,
statsmodels,seasonal,stl_seasonal_strength_p5,ACAC,0.0677696659552518,,
statsmodels,seasonal,stl_seasonal_strength_p5,SRTX,0.23367990639736314,,
statsmodels,seasonal,stl_seasonal_strength_p5,GARI,0.06510468936026781,,
statsmodels,seasonal,stl_seasonal_strength_p5,RCRI,0.007209654116774655,,
statsmodels,seasonal,stl_seasonal_strength_p5,ACIX,0.06397389371835882,,
statsmodels,seasonal,stl_seasonal_strength_p5,CCNS,0,,
statsmodels,seasonal,stl_seasonal_strength_p5,MTNS,0,,
statsmodels,seasonal,stl_seasonal_strength_p5,IHOZ,0.20685012740675535,,
statsmodels,seasonal,stl_seasonal_strength_p5,NAYO,0.10942382330389022,,
statsmodels,seasonal,stl_seasonal_strength_p5,FWWG,0.07465497000544974,,
statsmodels,seasonal,stl_seasonal_strength_p5,EELT,0.08410513130238173,,
statsmodels,seasonal,stl_seasonal_strength_p5,HRND,0.07822177664604568,,
statsmodels,seasonal,stl_seasonal_strength_p5,AETS,0,,
statsmodels,seasonal,stl_seasonal_strength_p5,ULXY,0.1098736320451843,,
statsmodels,seasonal,stl_seasonal_strength_p5,BLBT,0.1024988352752817,,
statsmodels,seasonal,stl_seasonal_strength_p5,BENI,0.08579404324384277,,
statsmodels,seasonal,stl_seasonal_strength_p5,ITPA,0.08865235710133312,,
statsmodels,seasonal,stl_seasonal_strength_p5,HTRK,0.11752863943696534,,
statsmodels,seasonal,stl_seasonal_strength_p5,NGTE,0.07015843120087384,,
statsmodels,seasonal,stl_seasonal_strength_p5,ILVX,0.05397870502403668,,
statsmodels,seasonal,stl_seasonal_strength_p5,FCSG,0.04086249016958565,,
statsmodels,seasonal,stl_seasonal_strength_p5,FARS,0.06829939930354723,,
statsmodels,seasonal,stl_seasonal_strength_p5,MHRM,0.026981026450769385,,
statsmodels,seasonal,stl_seasonal_strength_p5,EAFC,0.027992584300188028,,
statsmodels,seasonal,stl_seasonal_strength_p21,ALGO,0.0665064186683696,,
statsmodels,seasonal,stl_seasonal_strength_p21,AENO,0.05889381839523755,,
statsmodels,seasonal,stl_seasonal_strength_p21,LSST,0.09590282015705387,,
statsmodels,seasonal,stl_seasonal_strength_p21,SRNA,0.039661250952857885,,
statsmodels,seasonal,stl_seasonal_strength_p21,ELLT,0,,
statsmodels,seasonal,stl_seasonal_strength_p21,AMRP,0,,
statsmodels,seasonal,stl_seasonal_strength_p21,OTCS,0.1469115549080826,,
statsmodels,seasonal,stl_seasonal_strength_p21,HETT,0.09122439878935185,,
statsmodels,seasonal,stl_seasonal_strength_p21,HUXZ,0.2710548602152878,,
statsmodels,seasonal,stl_seasonal_strength_p21,DUCT,0.2763430757956332,,
statsmodels,seasonal,stl_seasonal_strength_p21,SMAH,0.027639392234433013,,
statsmodels,seasonal,stl_seasonal_strength_p21,NPCK,0.008429509133786262,,
statsmodels,seasonal,stl_seasonal_strength_p21,MSDP,0,,
statsmodels,seasonal,stl_seasonal_strength_p21,EORC,0.10027673731599052,,
statsmodels,seasonal,stl_seasonal_strength_p21,CUBO,0.29120869067806077,,
statsmodels,seasonal,stl_seasonal_strength_p21,HRET,0.16029276980062102,,
statsmodels,seasonal,stl_seasonal_strength_p21,ANSO,0.06147188387439806,,
statsmodels,seasonal,stl_seasonal_strength_p21,DIHO,0.06442681342838807,,
statsmodels,seasonal,stl_seasonal_strength_p21,RTTH,0.02291346824573537,,
statsmodels,seasonal,stl_seasonal_strength_p21,SPLZ,0.1468780137639073,,
statsmodels,seasonal,stl_seasonal_strength_p21,NWIG,0.02932640891812155,,
statsmodels,seasonal,stl_seasonal_strength_p21,MMBT,0.11579619184949208,,
statsmodels,seasonal,stl_seasonal_strength_p21,MDGI,0,,
statsmodels,seasonal,stl_seasonal_strength_p21,AGVF,0.0859098959249156,,
statsmodels,seasonal,stl_seasonal_strength_p21,RRES,0.2558500166062534,,
statsmodels,seasonal,stl_seasonal_strength_p21,CTGI,0.10809874074704717,,
statsmodels,seasonal,stl_seasonal_strength_p21,ALUT,0.1675068472875736,,
statsmodels,seasonal,stl_seasonal_strength_p21,ACAC,0.1507599862242357,,
statsmodels,seasonal,stl_seasonal_strength_p21,SRTX,0.119797981507759,,
statsmodels,seasonal,stl_seasonal_strength_p21,GARI,0.047713457567995055,,
statsmodels,seasonal,stl_seasonal_strength_p21,RCRI,0.12860280976734728,,
statsmodels,seasonal,stl_seasonal_strength_p21,ACIX,0.09864072533304691,,
statsmodels,seasonal,stl_seasonal_strength_p21,CCNS,0.16226900636991703,,
statsmodels,seasonal,stl_seasonal_strength_p21,MTNS,0.09020586473181602,,
statsmodels,seasonal,stl_seasonal_strength_p21,IHOZ,0.18669202551383535,,
statsmodels,seasonal,stl_seasonal_strength_p21,NAYO,0.1152557029100344,,
statsmodels,seasonal,stl_seasonal_strength_p21,FWWG,0.11259775517104498,,
statsmodels,seasonal,stl_seasonal_strength_p21,EELT,0.13580980043371904,,
statsmodels,seasonal,stl_seasonal_strength_p21,HRND,0.060622843783325386,,
statsmodels,seasonal,stl_seasonal_strength_p21,AETS,0.14261907706580257,,
statsmodels,seasonal,stl_seasonal_strength_p21,ULXY,0.1689355434765084,,
statsmodels,seasonal,stl_seasonal_strength_p21,BLBT,0.0473593766572028,,
statsmodels,seasonal,stl_seasonal_strength_p21,BENI,0.23053719475540424,,
statsmodels,seasonal,stl_seasonal_strength_p21,ITPA,0.031154175876636048,,
statsmodels,seasonal,stl_seasonal_strength_p21,HTRK,0.1782448707680998,,
statsmodels,seasonal,stl_seasonal_strength_p21,NGTE,0.09633842151993177,,
statsmodels,seasonal,stl_seasonal_strength_p21,ILVX,0.007519818095546915,,
statsmodels,seasonal,stl_seasonal_strength_p21,FCSG,0,,
statsmodels,seasonal,stl_seasonal_strength_p21,FARS,0.024068633406866158,,
statsmodels,seasonal,stl_seasonal_strength_p21,MHRM,0.08914575893564158,,
statsmodels,seasonal,stl_seasonal_strength_p21,EAFC,0.15316195319907455,,
statsmodels,regime,markov_2state_llf,ALGO,1594.4799143736552,,"regimes_persist=[0.74, 0.29]"
statsmodels,regime,markov_2state_llf,AMRP,1083.4354476220237,,"regimes_persist=[0.93, 0.31]"
statsmodels,regime,markov_2state_llf,SMAH,1214.5177340605605,,"regimes_persist=[0.71, 0.24]"
statsmodels,regime,markov_2state_llf,NWIG,1216.0981536611066,,"regimes_persist=[0.0, 0.93]"
statsmodels,regime,markov_2state_llf,RCRI,986.2084699841323,,"regimes_persist=[0.9, 0.41]"
statsmodels,regime,markov_2state_llf,ULXY,1028.9455454989197,,"regimes_persist=[0.16, 0.91]"
statsmodels,regime,markov_2state_llf,EAFC,1176.659436560767,,"regimes_persist=[0.25, 0.95]"
statsmodels,multitest,coint_BH_survivors,ALL,5,,
statsmodels,multitest,coint_bonferroni_survivors,ALL,4,,
